Groups,URL,Meta Status,Meta Description
Brand Page,https://www.senheng.com.my/brands-corner/360-smart-ai,Shop 360-Smart-Ai through Online Shopping Platform | Senheng,"Shop 360-Smart-Ai at Senheng, the best online shopping platform in Malaysia. Great prices, S-Coin cashback, and in-store pickup available."
Brand Page,https://www.senheng.com.my/brands-corner/3m,Buy 3M through Online Shopping Platform | Senheng,"Find premium 3M gadgets and appliances online at Senheng. 100% authentic, warranty-covered, and fast delivery across Malaysia."
Brand Page,https://www.senheng.com.my/brands-corner/aftershokz,Buy Aftershokz through Online Shopping Platform | Senheng,"Browse official Aftershokz products at Senheng Malaysia. Enjoy hassle-free shopping, after-sales support, and exclusive member benefits."
Brand Page,https://www.senheng.com.my/brands-corner/baseus,Buy Baseus through Online Shopping Platform | Senheng,"Discover top-rated Baseus electronics at Senheng. Enjoy member rewards, free shipping, and flexible payment options. Shop now!"
Brand Page,https://www.senheng.com.my/brands-corner/beats-by-dre,Order Beats-By-Dre through Online Shopping Platform | Senheng,"Discover top-rated Beats-By-Dre electronics at Senheng. Enjoy member rewards, free shipping, and flexible payment options. Shop now!"
Brand Page,https://www.senheng.com.my/brands-corner/belling,Order Belling through Online Shopping Platform | Senheng,"Explore the latest from Belling at Senheng Malaysia. Shop original products with exclusive deals, extended warranties, and nationwide delivery."
Brand Page,https://www.senheng.com.my/brands-corner/berita-harian,Get Berita-Harian through Online Shopping Platform | Senheng,"Discover top-rated Berita-Harian electronics at Senheng. Enjoy member rewards, free shipping, and flexible payment options. Shop now!"
Brand Page,https://www.senheng.com.my/brands-corner/bosch,Purchase Bosch through Online Shopping Platform | Senheng,"Explore the latest from Bosch at Senheng Malaysia. Shop original products with exclusive deals, extended warranties, and nationwide delivery."
Brand Page,https://www.senheng.com.my/brands-corner/chungHo,Order Chungho through Online Shopping Platform | Senheng,"Find premium Chungho gadgets and appliances online at Senheng. 100% authentic, warranty-covered, and fast delivery across Malaysia."
Brand Page,https://www.senheng.com.my/brands-corner/color-king,Order Color-King through Online Shopping Platform | Senheng,"Shop Color-King at Senheng, the best online shopping platform in Malaysia. Great prices, S-Coin cashback, and in-store pickup available."
Brand Page,https://www.senheng.com.my/brands-corner/coocaa,Buy Coocaa through Online Shopping Platform | Senheng,"Discover top-rated Coocaa electronics at Senheng. Enjoy member rewards, free shipping, and flexible payment options. Shop now!"
Brand Page,https://www.senheng.com.my/brands-corner/cube,Order Cube through Online Shopping Platform | Senheng,"Discover top-rated Cube electronics at Senheng. Enjoy member rewards, free shipping, and flexible payment options. Shop now!"
Brand Page,https://www.senheng.com.my/brands-corner/dimsum,Purchase Dimsum through Online Shopping Platform | Senheng,"Explore the latest from Dimsum at Senheng Malaysia. Shop original products with exclusive deals, extended warranties, and nationwide delivery."
Brand Page,https://www.senheng.com.my/brands-corner/element,Purchase Element through Online Shopping Platform | Senheng,"Explore the latest from Element at Senheng Malaysia. Shop original products with exclusive deals, extended warranties, and nationwide delivery."
Brand Page,https://www.senheng.com.my/brands-corner/epson,Shop Epson through Online Shopping Platform | Senheng,"Shop Epson at Senheng, the best online shopping platform in Malaysia. Great prices, S-Coin cashback, and in-store pickup available."
Brand Page,https://www.senheng.com.my/brands-corner/feliztrip,Buy Feliztrip through Online Shopping Platform | Senheng,"Browse official Feliztrip products at Senheng Malaysia. Enjoy hassle-free shopping, after-sales support, and exclusive member benefits."
Brand Page,https://www.senheng.com.my/brands-corner/fitbit,Shop Fitbit through Online Shopping Platform | Senheng,"Browse official Fitbit products at Senheng Malaysia. Enjoy hassle-free shopping, after-sales support, and exclusive member benefits."
Brand Page,https://www.senheng.com.my/brands-corner/fujifilm,Shop Fujifilm through Online Shopping Platform | Senheng,"Shop Fujifilm at Senheng, the best online shopping platform in Malaysia. Great prices, S-Coin cashback, and in-store pickup available."
Brand Page,https://www.senheng.com.my/brands-corner/goPro,Order Gopro through Online Shopping Platform | Senheng,"Shop Gopro at Senheng, the best online shopping platform in Malaysia. Great prices, S-Coin cashback, and in-store pickup available."
Brand Page,https://www.senheng.com.my/brands-corner/harian-metro,Purchase Harian-Metro through Online Shopping Platform | Senheng,"Discover top-rated Harian-Metro electronics at Senheng. Enjoy member rewards, free shipping, and flexible payment options. Shop now!"
Brand Page,https://www.senheng.com.my/brands-corner/honeywell,Order Honeywell through Online Shopping Platform | Senheng,"Explore the latest from Honeywell at Senheng Malaysia. Shop original products with exclusive deals, extended warranties, and nationwide delivery."
Brand Page,https://www.senheng.com.my/brands-corner/indesit,Purchase Indesit through Online Shopping Platform | Senheng,"Shop Indesit at Senheng, the best online shopping platform in Malaysia. Great prices, S-Coin cashback, and in-store pickup available."
Brand Page,https://www.senheng.com.my/brands-corner/jabra,Purchase Jabra through Online Shopping Platform | Senheng,"Find premium Jabra gadgets and appliances online at Senheng. 100% authentic, warranty-covered, and fast delivery across Malaysia."
Brand Page,https://www.senheng.com.my/brands-corner/jamo,Purchase Jamo through Online Shopping Platform | Senheng,"Find premium Jamo gadgets and appliances online at Senheng. 100% authentic, warranty-covered, and fast delivery across Malaysia."
Brand Page,https://www.senheng.com.my/brands-corner/jbl,Buy Jbl through Online Shopping Platform | Senheng,"Discover top-rated Jbl electronics at Senheng. Enjoy member rewards, free shipping, and flexible payment options. Shop now!"
Brand Page,https://www.senheng.com.my/brands-corner/jellico,Get Jellico through Online Shopping Platform | Senheng,"Discover top-rated Jellico electronics at Senheng. Enjoy member rewards, free shipping, and flexible payment options. Shop now!"
Brand Page,https://www.senheng.com.my/brands-corner/laurastar,Buy Laurastar through Online Shopping Platform | Senheng,"Explore the latest from Laurastar at Senheng Malaysia. Shop original products with exclusive deals, extended warranties, and nationwide delivery."
Brand Page,https://www.senheng.com.my/brands-corner/lenovo,Buy Lenovo through Online Shopping Platform | Senheng,"Shop Lenovo at Senheng, the best online shopping platform in Malaysia. Great prices, S-Coin cashback, and in-store pickup available."
Brand Page,https://www.senheng.com.my/brands-corner/marshall,Shop Marshall through Online Shopping Platform | Senheng,"Find premium Marshall gadgets and appliances online at Senheng. 100% authentic, warranty-covered, and fast delivery across Malaysia."
Brand Page,https://www.senheng.com.my/brands-corner/mec,Purchase Mec through Online Shopping Platform | Senheng,"Shop Mec at Senheng, the best online shopping platform in Malaysia. Great prices, S-Coin cashback, and in-store pickup available."
Brand Page,https://www.senheng.com.my/brands-corner/mocran,Order Mocran through Online Shopping Platform | Senheng,"Shop Mocran at Senheng, the best online shopping platform in Malaysia. Great prices, S-Coin cashback, and in-store pickup available."
Brand Page,https://www.senheng.com.my/brands-corner/morphy-richards,Purchase Morphy-Richards through Online Shopping Platform | Senheng,"Explore the latest from Morphy-Richards at Senheng Malaysia. Shop original products with exclusive deals, extended warranties, and nationwide delivery."
Brand Page,https://www.senheng.com.my/brands-corner/nescafe-dolce-gusto,Get Nescafe-Dolce-Gusto through Online Shopping Platform | Senheng,"Find premium Nescafe-Dolce-Gusto gadgets and appliances online at Senheng. 100% authentic, warranty-covered, and fast delivery across Malaysia."
Brand Page,https://www.senheng.com.my/brands-corner/new-straits-times,Shop New-Straits-Times through Online Shopping Platform | Senheng,"Find premium New-Straits-Times gadgets and appliances online at Senheng. 100% authentic, warranty-covered, and fast delivery across Malaysia."
Brand Page,https://www.senheng.com.my/brands-corner/nikon,Get Nikon through Online Shopping Platform | Senheng,"Shop Nikon at Senheng, the best online shopping platform in Malaysia. Great prices, S-Coin cashback, and in-store pickup available."
Brand Page,https://www.senheng.com.my/brands-corner/nissei,Get Nissei through Online Shopping Platform | Senheng,"Explore the latest from Nissei at Senheng Malaysia. Shop original products with exclusive deals, extended warranties, and nationwide delivery."
Brand Page,https://www.senheng.com.my/brands-corner/nothing,Shop Nothing through Online Shopping Platform | Senheng,"Browse official Nothing products at Senheng Malaysia. Enjoy hassle-free shopping, after-sales support, and exclusive member benefits."
Brand Page,https://www.senheng.com.my/brands-corner/olike,Shop Olike through Online Shopping Platform | Senheng,"Discover top-rated Olike electronics at Senheng. Enjoy member rewards, free shipping, and flexible payment options. Shop now!"
Brand Page,https://www.senheng.com.my/brands-corner/omnimount,Shop Omnimount through Online Shopping Platform | Senheng,"Find premium Omnimount gadgets and appliances online at Senheng. 100% authentic, warranty-covered, and fast delivery across Malaysia."
Brand Page,https://www.senheng.com.my/brands-corner/onkyo,Purchase Onkyo through Online Shopping Platform | Senheng,"Discover top-rated Onkyo electronics at Senheng. Enjoy member rewards, free shipping, and flexible payment options. Shop now!"
Brand Page,https://www.senheng.com.my/brands-corner/oral-b,Buy Oral-B through Online Shopping Platform | Senheng,"Shop Oral-B at Senheng, the best online shopping platform in Malaysia. Great prices, S-Coin cashback, and in-store pickup available."
Brand Page,https://www.senheng.com.my/brands-corner/oriental-daily,Buy Oriental-Daily through Online Shopping Platform | Senheng,"Find premium Oriental-Daily gadgets and appliances online at Senheng. 100% authentic, warranty-covered, and fast delivery across Malaysia."
Brand Page,https://www.senheng.com.my/brands-corner/pioneer,Purchase Pioneer through Online Shopping Platform | Senheng,"Browse official Pioneer products at Senheng Malaysia. Enjoy hassle-free shopping, after-sales support, and exclusive member benefits."
Brand Page,https://www.senheng.com.my/brands-corner/polk,Purchase Polk through Online Shopping Platform | Senheng,"Find premium Polk gadgets and appliances online at Senheng. 100% authentic, warranty-covered, and fast delivery across Malaysia."
Brand Page,https://www.senheng.com.my/brands-corner/razer,Order Razer through Online Shopping Platform | Senheng,"Explore the latest from Razer at Senheng Malaysia. Shop original products with exclusive deals, extended warranties, and nationwide delivery."
Brand Page,https://www.senheng.com.my/brands-corner/realme,Realme Smartphones for Every Lifestyle | Senheng Malaysia,"Find the perfect Realme device for your lifestyle. Whether for gaming, photography, or everyday use, Senheng offers Realme products suited to you. Enjoy S Coin cahback from us today!"
Brand Page,https://www.senheng.com.my/brands-corner/sandisk,Buy Sandisk through Online Shopping Platform | Senheng,"Browse official Sandisk products at Senheng Malaysia. Enjoy hassle-free shopping, after-sales support, and exclusive member benefits."
Brand Page,https://www.senheng.com.my/brands-corner/seagate,Purchase Seagate through Online Shopping Platform | Senheng,"Explore the latest from Seagate at Senheng Malaysia. Shop original products with exclusive deals, extended warranties, and nationwide delivery."
Brand Page,https://www.senheng.com.my/brands-corner/see-hua,Shop See-Hua through Online Shopping Platform | Senheng,"Browse official See-Hua products at Senheng Malaysia. Enjoy hassle-free shopping, after-sales support, and exclusive member benefits."
Brand Page,https://www.senheng.com.my/brands-corner/sin-chew-digital,Buy Sin-Chew-Digital through Online Shopping Platform | Senheng,"Browse official Sin-Chew-Digital products at Senheng Malaysia. Enjoy hassle-free shopping, after-sales support, and exclusive member benefits."
Brand Page,https://www.senheng.com.my/brands-corner/the-borneo-post,Shop The-Borneo-Post through Online Shopping Platform | Senheng,"Browse official The-Borneo-Post products at Senheng Malaysia. Enjoy hassle-free shopping, after-sales support, and exclusive member benefits."
Brand Page,https://www.senheng.com.my/brands-corner/the-star,Buy The-Star through Online Shopping Platform | Senheng,"Browse official The-Star products at Senheng Malaysia. Enjoy hassle-free shopping, after-sales support, and exclusive member benefits."
Brand Page,https://www.senheng.com.my/brands-corner/u-mobile,Order U-Mobile through Online Shopping Platform | Senheng,"Shop U-Mobile at Senheng, the best online shopping platform in Malaysia. Great prices, S-Coin cashback, and in-store pickup available."
Brand Page,https://www.senheng.com.my/brands-corner/utusan-borneo,Shop Utusan-Borneo through Online Shopping Platform | Senheng,"Shop Utusan-Borneo at Senheng, the best online shopping platform in Malaysia. Great prices, S-Coin cashback, and in-store pickup available."
Brand Page,https://www.senheng.com.my/brands-corner/yamaha,Get Yamaha through Online Shopping Platform | Senheng,"Discover top-rated Yamaha electronics at Senheng. Enjoy member rewards, free shipping, and flexible payment options. Shop now!"
Brand Page,https://www.senheng.com.my/brands-corner/zte,Buy Zte through Online Shopping Platform | Senheng,"Discover top-rated Zte electronics at Senheng. Enjoy member rewards, free shipping, and flexible payment options. Shop now!"
Brand Page,https://www.senheng.com.my/brands-corner/100value,Shop Lithium Coins And Anthenna | Instalment Payments | Senheng,"We offer you lithium coins, indoor and outdoor anthennas and more! Get it from us and enjoy your preferred payment methods only here! Shop with us today!"
Brand Page,https://www.senheng.com.my/brands-corner/acebell,Get Washing Machine Covers | High Quality | Fast Deliveries | Senheng,Protect your washing machines with covers! Your purchases here are high quality and enjoy fast deliveries right to your doorstep. Click here to shop today!
Brand Page,https://www.senheng.com.my/brands-corner/acer,Shop Latest Acer Laptops Here | Free Gifts | Low Instalments | Senheng,Finding a good laptop to switch to? Give Acer and their laptops a try and enjoy free gifts and low instalments with us! Grab while stocks last today! Don't miss out!
Brand Page,https://www.senheng.com.my/brands-corner/acerpure,Shop Acerpure Collection Here | Authorised Reseller In Malaysia | Senheng,Browse the featured Acerpure collection here with the authorised reseller in Malaysia. Shopping with Senheng means you enjoy amazing deals and services. Shop now while stocks last.
Brand Page,https://www.senheng.com.my/brands-corner/alpha,Shop Alpha Official Online Store | 0% IPP And Warranties | Senheng,Find the best Alpha products from the official online store. Here we offer you 0% IPP and extra warranties to your purchase with us! Interested to see what is available? Click here!
Brand Page,https://www.senheng.com.my/brands-corner/apple,Shop All Apple Products Here | Best Deals | Low Instalments | Senheng,Browse all apple products available at low instalments and the best deals! The authorised reseller in Malaysia has attractive deals that ensures satisfaction! Click here to browse!
Brand Page,https://www.senheng.com.my/brands-corner/astonish,Browse Atonish Products | Cheap Deals | Authorised Reseller Malaysia | Senheng,Interested in buying Atonish products for a deeper clean to your plates? The authorised reseller in Malayisa offers Atonish products with exclusive deals! Buy now!
Brand Page,https://www.senheng.com.my/brands-corner/asus,Grab Yourself Some ASUS Products | S-Coin Cashbacks | Senheng,Shop the latest ASUS products available here! The authorised reseller in Malaysia is offering products with S-coin cashbacks for future purchases! Shop while offers last!
Brand Page,https://www.senheng.com.my/brands-corner/belkin,Shop The Featured Belkin Products | Attractive Deals | Instalment Payment | Senheng,There are attractive deals on featured Belkin products here! Enjoy Instalment Payments and extra warranties to guarantee the best product experience for you! Shop and enjoy!
Brand Page,https://www.senheng.com.my/brands-corner/blueair,Shop Attractive Blueair Air Purifiers | Discounts | S-Coin Cashbacks | Senheng,Looking for air purifiers? Fancy giving Blueair products a try and get their air purifiers with discounts here! You will also enjoy cashbacks to go along with your purchase! Get now!
Brand Page,https://www.senheng.com.my/brands-corner/braun,Shop Braun Electric Shavers | Instalment Payments | Extra Warranties | Senheng,Braun electric shavers give you the perfect groom! Shop their products here with us and enjoy your favourite payment methods with warranties. Shop here now!
Brand Page,https://www.senheng.com.my/brands-corner/breville,Shop Breville Malaysia Here | Exclusive Discounts | Senheng,Breville and their stunning beverage making products are here in Malaysia! Shop with the authorised reseller in Malaysia and enjoy exclusive discounts! Don't miss out! Buy here!
Brand Page,https://www.senheng.com.my/brands-corner/canon,Shop Cannon Printers With Us | Authorised Reseller Malaysia | Senheng,Cannon printers are a household brand and you should trust in their printers too. Enjoy the ease of printing! The authorised reseller in Malaysia is selling them now! Buy here!
Brand Page,https://www.senheng.com.my/brands-corner/cento,Browse Cento Products | Authorised Reseller in Malaysia | Senheng,"Cento offers a wide range of products that are essential to your everyday living. From adaptors to containers, they have it all, shop here with the authorised reseller in Malaysia!"
Brand Page,https://www.senheng.com.my/brands-corner/cornell,Shop The Official Cornell Store | S-Coin Cashbacks | Senheng,Shop Cornell's official online store here today! Enjoy S-Coin Cashbacks and many other services on the authorised reseller in Malaysia. Shop Now and take advantage!
Brand Page,https://www.senheng.com.my/brands-corner/deka,Shop Deka Fans With Us | Attractive Prices | S-Coin Cashback | Senheng,Upgrade your fans with Deka and their amazing featured fans. Here you can enjoy attractive prices with S-coin cashbacks! What are you waiting for? Buy now!
Brand Page,https://www.senheng.com.my/brands-corner/delighto,Check Out Delighto Products | Up To 50% Cashbacks | Senheng,Delighto offers some of the best kitchenware products on the market. Enjoy up to 50% cashbacks on Delighto products here with us! Get what you need while stocks lasts. Click here!
Brand Page,https://www.senheng.com.my/brands-corner/deLonghi,Shop De'Longhi Products | Exclusive Deals | Cashbacks | Senheng,"De'Longhi offers the best kettles and coffee makers to enhance your coffee making. Enjoy exclusive deals with S-coin cashbacks, remember, offers are only available here! Shop today!"
Brand Page,https://www.senheng.com.my/brands-corner/dji,Get DJI Products | Authorised Reseller in Malaysia | Senheng,Ever heard of DJI? Bet you have and we have their products here just for you! Buy from the authorised reseller in Malaysia today and enjoy the many services available. Click here!
Brand Page,https://www.senheng.com.my/brands-corner/dyson,Shop Dyson Products | Exclusive Deals | Low Instalments | Senheng,"We all know how good Dyson products are, and it can be yours when you shop here! Enjoy exclusive deals with low instalment prices, only available here! Shop now!"
Brand Page,https://www.senheng.com.my/brands-corner/elba,Buy And Enjoy Elba Products | Authorised Reseller in Malaysia | Senheng,Elba products are finally available at the authorised reseller in Malaysia! The best part is that there are deals for you to enjoy! Buy and enjoy now while stocks last!
Brand Page,https://www.senheng.com.my/brands-corner/electrolux,Shop Electrolux Collection | Attractive Prices | Buy Now Pay Later | Senheng,All your housing needs can be covered when you shop with Electrolux! Shop their featured products here and enjoy attractive prices with the benefit of buy now pay later! Shop Now!
Brand Page,https://www.senheng.com.my/brands-corner/enbliss,Get Enbliss Laundry Detergent | Cheap Prices | Buy Now Pay Later | Senheng,Trying out new laundry detergents? Why not give Enbliss laundry detergents a try! We are offering cheap deals with buy now pay later benefits! Shop now and try it out!
Brand Page,https://www.senheng.com.my/brands-corner/faber,Shop Faber Products | Cheap Deals | S-Coin Cashback | Senheng,Shop kitchenware appliances from Faber's featured collection. Enjoy the cheap deals with S-coin cashback benefits! Stocks are moving fast! Shop while it lasts!
Brand Page,https://www.senheng.com.my/brands-corner/haier,Shop Haier Products | Low Instalments | Authorised Reseller Malaysia | Senheng,"Are you looking to try a new home appliances brand? Well, give Haier a try! We are now offering low instalments and extra services to your purchase! Shop while stocks last!"
Brand Page,https://www.senheng.com.my/brands-corner/hatari,Get Hatari Products | S-Coin Cashbacks | Instalment Payment | Senheng,"Hatari is offering products with exclusive offerings! We know you love complementary offers with your purchase, and we offer all that with your favourite payment method! Shop now!"
Brand Page,https://www.senheng.com.my/brands-corner/hisense,Shop Hisense | Exclusive Deals | Extra Warranties | Senheng,"Looking for a trusted place to buy Hisense products? Shop here and enjoy exclusive deals with warranties, only available at the authorised reseller in Malaysia. Get now!"
Brand Page,https://www.senheng.com.my/brands-corner/honor,Buy HONOR | 0% IPP | Extra Year Warranties | Senheng,Enjoy shopping HONOR products here with us! We are offering 0% IPP and extra year warranties to your purchases. Shop with us today to enjoy all offers!
Brand Page,https://www.senheng.com.my/brands-corner/houm,Houm Products | S-Coin Cashback | Instalment Payment | Senheng,Shop the collection of Houm fans at the best price. Enjoy Cashback offers and Instalment Payment on your purchases when you shop with the authorised reseller in Malaysia. Shop here!
Brand Page,https://www.senheng.com.my/brands-corner/hp,Get Latest HP Products | Authorised Reseller In Malaysia | Senheng,HP and its products are always reliable and of high quality. We are offering HP products here at the authorised reseller in Malaysia. Click here to shop and enjoy our offers.
Brand Page,https://www.senheng.com.my/brands-corner/huawei,Purchase Huawei With Us | Low Instalments | Extra Warranties | Senheng,We are offering a plethora of Huawei products with exclusive prices! Shop with us today and enjoy low instalments to your purchase! Shop now enjoy our deals!
Brand Page,https://www.senheng.com.my/brands-corner/imoo,Buy IMOO Products Here | Fast Delivery | Authorised Reseller Malaysia | Senheng,Shop our featured collection of IMOO products here. The authorised reseller in Malaysia offers exclusive deals and fast deliveries to ensure your satisfaction. Shop now!
Brand Page,https://www.senheng.com.my/brands-corner/jimmy,Buy JIMMY Products Here | Low Instalment | Fast Deliveries | Senheng,We are offering you an array of JIMMY products here! Shop for your needs with us and enjoy low instalments and fast deliveries! Get your needs today with us!
Brand Page,https://www.senheng.com.my/brands-corner/kdk,Buy KDK Fans Here | Authorised Reseller in Malaysia | Senheng,"Loyal user of KDK fans? We have their featured collection here with us! As the authorised reseller in Malaysia, we guarantee your satisfaction regardless of product. Shop here!"
Brand Page,https://www.senheng.com.my/brands-corner/kenwood,Grab Kenwood Products Here | Cheap Deals | Warranties | Senheng,Shop all your kitchen appliances here with us! Your one stop for kitchen appliances can be bought with Kenwood here! Cheap deals and warranties await you! Buy now!
Brand Page,https://www.senheng.com.my/brands-corner/khind,Purchase Khind Products Here | Exclusive Deals | S-Coin Cashbacks | Senheng,Want to get home and kitchen appliances at cheap prices? We are offering Khind products at exclusive prices here with cashbacks! Click here to shop now!
Brand Page,https://www.senheng.com.my/brands-corner/kitchenaid,Upgrade With KitchenAid | Cheap Deals | Instalment Payment | Senheng,Enjoy our feature KitchenAid products here. Buy from our featured collection to enjoy cheap deals and Instalment Payment during checkout. Shop here to enjoy!
Brand Page,https://www.senheng.com.my/brands-corner/laifen,Shop Laifen Products Here | Local 2 Year Warranty | S-Coin Cashback | Senheng,Your desired Laifen products are available here with us. Enjoy our special 2 year warranty on your purchase today with S-coin cashbacks! Deals are only available here! Shop now!
Brand Page,https://www.senheng.com.my/brands-corner/lg,Buy LG Products From Us | 0% IPP | S-Coin Cashback | Senheng,All LG products imaginable can be found here! Enjoy shopping here with us and enjoy 0% IPP and S-coin cashbacks to your purchase. Shop with us and enjoy benefits!
Brand Page,https://www.senheng.com.my/brands-corner/logitech,Purchase Logitech Products | Instalment Payment | Fast Deliveries | Senheng,"If you're looking to get mouse or keyboards, try Logitech today! We are offering it with your preferred payment methods and fast delivery to your doorstep. Click here!"
Brand Page,https://www.senheng.com.my/brands-corner/masterLink,Buy MasterLink Products Here | Authorised Reseller in Malaysia | Senheng,"Buy the featured MasterLink products here with us! As the authorised reseller in Malaysia, we offer you the best products with the best prices! Shop here today!"
Brand Page,https://www.senheng.com.my/brands-corner/microsoft,Shop Microsoft Products | Low Instalment | Extra Warranties | Senheng,Interested in giving the latest Microsoft laptop and products a try? We offer Microsoft products with low instalment and warranties to complement your purchase! Click here!
Brand Page,https://www.senheng.com.my/brands-corner/midea,Get Midea Products | Low Instalment | Instalment Payment | Senheng,In need of an upgrade to your home and kitchen appliances? We have the latest and best Midea products available here with low instalments! Enjoy Instalment Payments here!
Brand Page,https://www.senheng.com.my/brands-corner/mistral,Get Mistral Fans | Exclusive Deals | Fast Deliveries | Senheng,High perfoming fans with safety assurances. Grab the best Mistral fans here and enjoy fast deliveries to your doorstep! Get it with exclusive deals today! Shop now!
Brand Page,https://www.senheng.com.my/brands-corner/msi,Get Featured MSI Products | Authorised Reseller Malaysia | Senheng,We offer all your favourite MSI products and more! Upgrade your computer setup with the latest MSI products from the authorised reseller in Malaysia. Click here!
Brand Page,https://www.senheng.com.my/brands-corner/nespresso,Shop Latest Nepresso Products | Low Instalment | Instalment Payment | Senheng,A good cup of cofee will make your entire day! Get a Nepresso machine today and with low instalments and a payment method of your liking! Make your cofee special! Click here.
Brand Page,https://www.senheng.com.my/brands-corner/ogawa,Shop Featured OGAWA Products | Extra Year Warranties | Instalment Payment | Senheng,Get relaxed from the comfort of your own home! Buy the best OGAWA products here with us and enjoy extra year warranties to go along with your prefered payment! Only here!
Brand Page,https://www.senheng.com.my/brands-corner/oneplus,Newest OnePlus Models | Low Instalments | Buy Online Pick Up In-Store | Senheng,Looking for a OnePlus phone? We have it here! Shop the featured OnePlus models and enjoy low instalments! You can also buy online and pick up in-store! Shop here now!
Brand Page,https://www.senheng.com.my/brands-corner/oppo,Shop OPPO Products | Trade-In Available | Extra Warranties | Senheng,Looking to trade-in your OPPO phones for a new one? We offer this service along with extra warranties that guarantees your satisfaction! Shop here today!
Brand Page,https://www.senheng.com.my/brands-corner/others,Magclick Charging Calio And E-Papers | Authorised Reseller Malaysia | Senheng,"You've come to the right place for Magclick charging calio and e-papers. As the authorised reseller in Malaysia, we offer all these and more with exclusive deals. Shop now!"
Brand Page,https://www.senheng.com.my/brands-corner/panasonic,Get Featured Panasonic Products | 0% IPP | Extra Warranties | Senheng,Have a look at all the available Panasonic's products to see which one suits your needs! We offer 0% IPP with warranties to your purchases! Interested? Start browsing here.
Brand Page,https://www.senheng.com.my/brands-corner/pensonic,Get Pensonic Products With Us | 1-to-1 Replacement Warranties | Senheng,"Pensonic is where you can solve all your home appliances' need. Here with us, enjoy replacement warranties at the authorised reseller in Malaysia. Get it today and enjoy!"
Brand Page,https://www.senheng.com.my/brands-corner/philips,Shop Philips Products | Extra Year Warranties | S-Coin Cashbacks | Senheng,"From hair dryers to rice cookers, we all know how good Philips' products are! Shop their featured collection here and enjoy warranties with cashbacks on your purchase. Shop now!"
Brand Page,https://www.senheng.com.my/brands-corner/promate,Shop Promate Products | Fast Delivery | Authorised Reseller Malaysia | Senheng,"Cool your laptops with the best Promate products. Enjoy the products with fast deliveries right to your doorstep, only available at the authorised reseller in Malaysia. Buy here!"
Brand Page,https://www.senheng.com.my/brands-corner/rapoo,Get Featured Rapoo Products Here | Authorised Reseller Malaysia | Senheng,Get your mouse upgraded with featured Rapoo products! The authorised reseller in Malaysia guarantees you get products with quality and additional services. Browse today!
Brand Page,https://www.senheng.com.my/brands-corner/rheem,Shop Rheem Water Heater | S-Coin Cashbacks | Instalment Payment | Senheng,Get the quality guaranteed Rheem water heater here. Enjoy your showers with S-coin cashbacks and Instalment Payments to your purchase. Shop now while stocks last!
Brand Page,https://www.senheng.com.my/brands-corner/rinnai,Browse Rinnai Products Here | Exclusive Deals | Fast Deliveries | Senheng,This brand has all types of gas hobs and stoves that fit your need. Browse all Rinnai's products with exclusive deals and fast deliveries. Click here!
Brand Page,https://www.senheng.com.my/brands-corner/riversong,Get Riversong Products | Authorised Reseller in Malaysia | Senheng,You can find digital gadgets here with us! Riversong products are available here with the authorised reseller in Malaysia. Enjoy all the services we provide when you shop here!
Brand Page,https://www.senheng.com.my/brands-corner/robam,Shop ROBAM Official Store | Exclusive Deals | S-Coin Cashbacks | Senheng,Explore the wide range of ROBAM products here! You will get the best deals available with cashbacks for future purchases. Shop here and enjoy the products!
Brand Page,https://www.senheng.com.my/brands-corner/rubine,Get Rubine Water Heater | 1-to-1 Replacement Warranty | 0% Interest | Senheng,"Explore the range of Rubine water heaters, where efficiency meets modern living. With 1-to-1 replacement warranties and other services available, make a purchase today!"
Brand Page,https://www.senheng.com.my/brands-corner/russell-taylors,Get Russell Taylor's Product | Exclusive Deals | Senheng,Russell Taylor offers high quality products that people enjoy using! We offer their products with exclusive deals you won't find anywhere! Shop here to enjoy!
Brand Page,https://www.senheng.com.my/brands-corner/samsung,Shop The Latest Samsung Products | Trade In And Save | Senheng,Your perfect Samsung experience starts here! Enjoy Samsung products here with trade-in and save services available! Shop now and enjoy more benefits on us!
Brand Page,https://www.senheng.com.my/brands-corner/senheng,Shop E-Books Here | 100% Original | Cheap Deals | Senheng,Looking to get e-books about corporate culture? We have some options for you here that are authentic! Purchase with our cheap deals here today and get reading!
Brand Page,https://www.senheng.com.my/brands-corner/sharp,Purchase Featured Sharp Products | Exclusive Deals | Warranties | Senheng,Shop all your home appliances here with our featured Sharp collection. We are offering exclusive deals with extra warranties attached to your purchases. Shop now and enjoy deals.
Brand Page,https://www.senheng.com.my/brands-corner/skyworth,Upgrade With Skyworth TVs | Exclusive Deals | Warranties | Senheng,Get a new tv to enjoy the best tv watching experience. Get your new tv from the Skyworth brand here! Exclusive deals and warranties are available! Buy now and enjoy!
Brand Page,https://www.senheng.com.my/brands-corner/sony,Shop Featured Sony Products | S-Coin Cashback | Extra Warranties | Senheng,"Sony is a reputable brand that is loved by many, and you can shop all its featured products here with S-Coin cashback and warranties to compliment your purchases! Shop here!"
Brand Page,https://www.senheng.com.my/brands-corner/starlink,Shop Starlink Products | Authorised Reseller Malaysia | Senheng,"Shop for wall mount with us! As the authorised reseller in Malaysia, we stand on offering you the best products and services. Shop now and enjoy all our products!"
Brand Page,https://www.senheng.com.my/brands-corner/targus,Shop Targus Smart Surge Protector | Fast Deliveries | Instalment Payment | Senheng,Enjoy the best USB ports that ensure long-lasting and high quality. Shop here with us and enjoy fast deliveries with Instalment Payment for you. Get one today!
Brand Page,https://www.senheng.com.my/brands-corner/tcl,Purchase TCL Products With Us | Low Instalment | 0% IPP | Senheng,"Browse the best featured collection of TCL products here with Senheng, enjoy amazing deals with low instalments and 0% IPP. Shop now at the largest online appliance store!"
Brand Page,https://www.senheng.com.my/brands-corner/tefal,Shop Tefal Official Store | Authorised Reseller Malaysia | Senheng,"You will be able to shop all the latest and best Tefal products. As the authorised reseller in Malaysia, we are offering the best products with exceptional services. Shop now!"
Brand Page,https://www.senheng.com.my/brands-corner/teka,Buy Teka Products Here | Exclusive Deals | Senheng,Get Teka's kitchen appliances and enjoy the best quality in your cooking experience! There are exclusive deals available for you but stocks are moving quick! Shop today!
Brand Page,https://www.senheng.com.my/brands-corner/tesvor,Shop Featured Tesvor Products | S-Coin Cashback | Senheng,"Vacuum Cleaners that give your house a bright and clean floor. Enjoy the best vacuum cleaners from Tesvor, you get S-coin cashbacks along with your purchase! Shop here!"
Brand Page,https://www.senheng.com.my/brands-corner/toshiba,Shop Toshiba Official Store | Exclusive Deals | Instalment Payment | Senheng,LOVE YOUR HOME! Buy Toshiba products with us and upgrade your home appliances! Shop now to enjoy our exclusive deals with Instalment Payments! Shop now and enjoy!
Brand Page,https://www.senheng.com.my/brands-corner/tp-link,Purchase TP-Link Products | Authorised Reseller Malaysia | Senheng,Ramp up your housing protection with TP-Link and its security camera. The authorised reseller in Malaysia is offering it with attractive prices! Shop now!
Brand Page,https://www.senheng.com.my/brands-corner/tuscani,Browse Tuscani Wine Cooler | Exclusive Deals | Low instalment | Senheng,Tuscani and their wine coolers offer the best quality to protect all your precious wine! Enjoy exclusive deals only available here! Shop here to enjoy low instalments!
Brand Page,https://www.senheng.com.my/brands-corner/viomi,Get Featured Viomi Products Here | Authorised Reseller In Malaysia | Senheng,Enjoy the best Viomi products when you get it here with the authorised reseller in Malaysia. Shopping with Senheng allows you to enjoy the best deals and services! Click here!
Brand Page,https://www.senheng.com.my/brands-corner/vivo,Shop vivo Malaysia | Free Gifts | Extra Warranties | Senheng,Want to buy the newest vivo smartphones? We offer them here with free gifts and additional warranties that guarantee your satisfaction. Shop here and enjoy the deals!
Brand Page,https://www.senheng.com.my/brands-corner/xiaomi,Purchase Xiaomi Products | Extra Year Warranties | 0% IPP | Senheng,Looking to get some of the latest Xiaomi products? Shope with us and enjoy products with extra year warranties and 0% IPP! More benefits when you shop here!
Brand Page,https://www.senheng.com.my/brands-corner/zanussi,Shop Zanussi Products | Low Instalments | Instalment Payment | Senheng,Have your gas cookers and ovens replaced with Zanussi's latest products! Shop their products with us and enjoy low instalments and Instalment Payment! Shop here and enjoy all deals!
Main Pages,https://www.senheng.com.my,Senheng | Largest Home Appliances Online Store - Home,"Senheng is the largest online electrical store in Malaysia, offering a wide range of kitchen appliances, home electronics, digital gadgets, and more. Shop with confidence today!"
Main Pages,https://www.senheng.com.my/1-to-1-replacement-warranty,Get 1-to-1 Replacement Warranties | Authorised Reseller In Malaysia | Senheng,"Get extra protection to all your appliances and gadgets here at the authorised reseller in Malaysia. Click here to learn more about the warranty coverage today, only at Senheng."
Main Pages,https://www.senheng.com.my/about-us,About Us | Authorised Reseller In Malaysia | Largest Home Appliance Online Store,"Learn about where you can get the best products and deals. Click here to learn more about the authorised reseller in Malaysia and our online store today, the best offers await."
Main Pages,https://www.senheng.com.my/aeon-promo,Get AEON Promo Here | Authorised Reseller In Malaysia | Senheng,"Enjoy the best deals and exclusive offerings from the AEON promotion here with Senheng. Shop now, and get the best products with fantastic deals today."
Main Pages,https://www.senheng.com.my/android-for-everyone,Androids For Everyone | Authorised Reseller In Malaysia | Warranties | Senheng,Now everyone can enjoy an Android! The authorised reseller in Malaysia is providing the best deals for your purchase of Android products. Shop now and become and android user!
Main Pages,https://www.senheng.com.my/atome-paylater,Atome Pay Later | The Largest Home Appliance Online Store | Senheng,Shopping with the largest home appliances online store means you enjoy the best deals with the best services. Shop now and enjoy Atome Pay Later services here with Senheng.
Main Pages,https://www.senheng.com.my/brand-store,Find Your Favourite Brands Here | 0% IPP | Extra Year Warranties | Senheng,"Find your needs here with the authorised reseller in Malaysia, from home appliances to mobiles and more. Shop now, and enjoy the best products and the best deals."
Main Pages,https://www.senheng.com.my/brand-voucher,Exclusive Brand Vouchers for Senheng Shoppers | Save More,Unlock exclusive brand vouchers at Senheng. Enjoy amazing discounts on top brands and products. Shop and save more with our latest vouchers and offers.
Main Pages,https://www.senheng.com.my/brands-fair,Get Amazing Deals At Brands Fair | 0% IPP | Buy Now Pick Up Online | Senheng,"Brand Living, Great Living. Click here to shop and save up to RM4,100 with 0% IPP and many more benefits. Check out the best deals and services with Senheng today."
Main Pages,https://www.senheng.com.my/careers,Join Us Today | The Authorised Reseller In Malaysia | Senheng,Looking to get job opportunities? Visit the authorise reseller in Malaysia today and learn how you can join us in offering the best deals and best services to customers.
Main Pages,https://www.senheng.com.my/contact,Contact Us | The Largest Home Appliances Online Store | Senheng,"Looking to contact us for more information? Check out the website here to get all the information you need, and get in touch with us and solve all your worries. Click here."
Main Pages,https://www.senheng.com.my/credit-card-instalment,Get Credit Card Instalments | 0% IPP | Instalment Payment | Senheng,Enjoy several credit card options to purchase your needs. Check out the options available and enjoy 0% IPP with up to 36 months instalments. Click here to browse and learn.
Main Pages,https://www.senheng.com.my/debit-card-instalment,View Debit Card Instalments | Authorised Reseller In Malaysia | Senheng,The authorised reseller in Malaysia offers debit card users instalment options with 0% IPP. Click here to view the best deals and offerings from Senheng. Shop now.
Main Pages,https://www.senheng.com.my/double-day,Double Day Deals | Up To 30% Cashback | Great Deals | Senheng,"Double Day deals are here, and they are the best deals you can find. Enjoy up to 30% S-Coin cashback with the best products, and enjoy extra warranties. Shop now."
Main Pages,https://www.senheng.com.my/easy2own,Easy2Own Packages Here | Low Instalments | Warranties | Senheng,"Introducing Easy2Own packages from the authorised reseller in Malaysia. Own your favourite products with low monthly cost, all with the AEON Instalment Payment. Shop here today."
Main Pages,https://www.senheng.com.my/ezcredit-terms-conditions,EZ Credit Terms And Conditions | Authorised Reseller In Malaysia | Senheng,"The authorised reseller in Malaysia is giving you the best deals, services with credit scores for exciting rewards. Check out the EZ terms and conditions today."
Main Pages,https://www.senheng.com.my/faq,View FAQ | The Larget Home Appliance Online Store | Senheng,Have any questions or inquiries? Check out the frequently asked questions from our customers here. All the best deals and services here with Senheng. Browse here.
Main Pages,https://www.senheng.com.my/gift-card,Gift Card Terms And Conditions | Authorised Reseller In Malaysia | Senheng,Ready to use your gifts cards from the authorised reseller in Malaysia? Check out the terms and conditions to your gift cards and make your purchases today! Click here.
Main Pages,https://www.senheng.com.my/googlepixel,Shop The Latest Google Pixel Models | 0% IPP | Nationwide Delivery | Senheng,"Shop Google Pixel series with AI Gemini, pro camera and memory upgrade. Enjoy trade-in deals, cashback and easy mobile phone online purchase at Senheng Malaysia."
Main Pages,https://www.senheng.com.my/high5-scoincashback,High5 S-Coin Cashback | Great Deals Malaysia | senQ,"High5 S-Coin cashback deals are here, offering you the best deals and services only at the authorised reseller in Malaysia. Click here to shop and enjoy the best deals."
Main Pages,https://www.senheng.com.my/honor-400series,Best Deals on Honor 400 Series Smartphones | Senheng Malaysia,"Find amazing deals on Honor 400 Series smartphones at Senheng. Enjoy exclusive offers and discounts, with fast delivery and great customer service."
Main Pages,https://www.senheng.com.my/honor-magic7pro,Purchase Honor Magic 7 Pro | Up To 3 Years Warranty | Senheng,"Fearless against dust and water, the Honor Magic 7 Pro is an amazing smartphone that suits all! Click here to shop with Senheng to enjoy additional warranties! Click here to shop."
Main Pages,https://www.senheng.com.my/honor-unfold-your-magic,Pre-Order HONOR Products Now | Free Extra Year Warranties | 0% IPP | Senheng,"Looking to pre-order the latest HONOR products? Enjoy free extra year warranties, 0% IPP and phone trade-in benefits when you shop with us! Click here to enjoy the best offers!"
Main Pages,https://www.senheng.com.my/honor-x9c,Get Ultra-Tough Triple Defense Phone | Low installment | S-coin Cashback | Senheng,"It is a durable mobile phone that can better fit for your multi-using purpose. Want know more about it, browse to get more information and get it today!"
Main Pages,https://www.senheng.com.my/hot-deals,Get Hot Deals Here | The Authorised Reseller In Malaysia | Senheng,Hot Deals are back at the authorised reseller in Malaysia! Enjoy up to 40% sales with extra year warranty to compliment your purchases. Click here to shop the best deals.
Main Pages,https://www.senheng.com.my/insurance,View Insurance Benefits | The Authorised Reseller In Malaysia | Senheng,"Your purchases here are covered with insurance, all to ensure you get the best deals and best services with your products. Check out all the coverages here and shop now."
Main Pages,https://www.senheng.com.my/ipad-2025-learn-more-page,iPad 2025 | Performance & Innovation | Senheng Malaysia,"Uncover the powerful features of the iPad 2025 at Senheng. From upgraded performance to a crystal-clear display, explore why the iPad 2025 is the perfect device for you."
Main Pages,https://www.senheng.com.my/iphone-comparison,Make Comparison For All Apple Products | member price | S-coin cashback | Senheng,We make all the models conveniently and available for you to compare in order to save your cost! Come and get the products comparison in the good price!
Main Pages,https://www.senheng.com.my/iphone-for-everyone,Subscription Modes To Get New Iphone | Low Monthly Installment | Easy Apply | Senheng,It is a plan that for the non-credit card holder to get the latest Iphone after the subcription models. With not fully payment pressure! Know more on the plan today！
Main Pages,https://www.senheng.com.my/iphone16,Order Latest iPhone 16 Today | Instalment Payment | 3-Years Warranty | Senheng,Order & upgrade to the iPhone 16 & enjoy amazing deals! 0% instalment payment plan. Deposit RM300 now to start your order. Experience the latest iPhone 16 today!
Main Pages,https://www.senheng.com.my/iphone16e-learn-more,iPhone 16e Features & Specs Online | Senheng Malaysia,"Explore the latest iPhone 16e at Senheng. Learn about its powerful features, sleek design, and performance upgrades. Find out why the iPhone 16e is the perfect choice for you."
Main Pages,https://www.senheng.com.my/locate-us,Locate Us Here | The Authorised Reseller In Malaysia | Senheng,Looking to get the best deals and services on your purchase of home appliances? Locate the nearest outlet to you here. Click here to find the closest Senheng shop to you.
Main Pages,https://www.senheng.com.my/locate-us-senq,Locate A Store Near You | Authorised Reseller In Malaysia | Senheng,Shop the best deals and services online and offline! Find the nearest senQ store to you today and head on down to check out the best products at great prices. Click here.
Main Pages,https://www.senheng.com.my/microsoft-amd,Microsoft & AMD Products | Shop at Senheng Malaysia,"Discover a wide range of Microsoft and AMD products at Senheng. Shop for laptops, PCs, accessories, and more with great deals and exclusive offers."
Main Pages,https://www.senheng.com.my/microsoft-copilot+pc,Microsoft Copilot PC | Enhance Your Productivity | Senheng Malaysia,Discover the Microsoft Copilot PC at Senheng. Boost your productivity with powerful features and smart AI assistance. Shop now for the best deals in Malaysia.
Main Pages,https://www.senheng.com.my/microsoft-m365,Microsoft 365 Subscriptions | Best Deals & Offers | Senheng Malaysia,"Explore Microsoft 365 subscription plans at Senheng. Get the best prices on personal, family, and business plans. Enhance your workflow with powerful Microsoft apps and cloud services."
Main Pages,https://www.senheng.com.my/microsoft-surface,Buy Microsoft Surface Laptop | 0% Instalment | Authorised Reseller Malaysia | Senheng,"Elevate your workspace with the Microsoft Surface Laptop and essential accessories! Enjoy enhanced productivity, versatility, and style. Visit us today and discover amazing deals!"
Main Pages,https://www.senheng.com.my/mid-year-clearance,Mid-Year Clearance Sale | Big Discounts on Electronics & Appliances | Senheng Malaysia,"Shop Senheng’s Mid-Year Clearance Sale for amazing discounts on electronics, home appliances, and more! Don't miss out on limited-time offers with huge savings."
Main Pages,https://www.senheng.com.my/more-deals,Limited-Time Deals & Special Offers | Senheng Malaysia,"Hurry, grab limited-time offers and unbeatable discounts at Senheng! Shop across categories and enjoy massive savings on the latest products."
Main Pages,https://www.senheng.com.my/myrewardmychoice,MY Rewards My Choice Here | Up to 30% S-Coin Cashback | Senheng,MY Rewards My Choice! Check out exclusive deals with s-coin cashbacks here at the largest home appliance online store today. Click here to shop while stocks last.
Main Pages,https://www.senheng.com.my/next-galaxy,Purchase Net Galaxy Models | Extra Warranties | 0% IPP | Senheng,Galaxy AI revolutionises your device experiences! Shop the featured Galaxy models here at the authorised reseller in Malaysia and enjoy warranties with your deals! Shop Senheng.
Main Pages,https://www.senheng.com.my/next-galaxy-2025,Get Ready for Next Galaxy 2025 | Order Samsung’s Latest Innovations | Senheng,"The next generation of Samsung Galaxy is here! Pre-order the Galaxy 2025 series and get exclusive deals, discounts, and early access at Senheng."
Main Pages,https://www.senheng.com.my/oppo-findN5,OPPO Find N5 | 0% Instalments Up To 36 months | Nationwide Delivery | Senheng,"Slim, yet powerful! Experience the amazing combination of innovation and elegance with OPPO’s latest foldable smartphone! Shop OPPO Find N5 here to enjoy low instalments and more!"
Main Pages,https://www.senheng.com.my/oppo-reno13series,Purchase OPPO Reno 13 Series | 0% Low Instalments Up To 36 Months | Senheng,"Powered by AI, this mobile phone has premium features, improved performance, and the latest technology! Click here to shop OPPO Reno 13 series and purchase with 0% low instalments!"
Main Pages,https://www.senheng.com.my/oppo-reno14series,Oppo Reno 14 Series | Advanced Technology at Senheng Malaysia,"Unlock exceptional performance with the Oppo Reno 14 series. Enjoy superior camera quality, 5G connectivity, and a sleek design. Get yours at Senheng today!"
Main Pages,https://www.senheng.com.my/p1-add-on,Enjoy Add On Benefits Here | The Authorised Reseller In Malaysia | Senheng,Add On RM 9.90 today to enjoy extra benefits with your purchases here at the authorised reseller in Malaysia. Take advantage of the deal and get extra protection for your products.
Main Pages,https://www.senheng.com.my/plusone-benefit-chart,PlusOne Benefits | Exclusive Privileges | Warranties | Senheng,PlusOne memberships allow you to enjoy exclusive benefits like warranties and birthday offers. All the best deals and benefits provide to members of Senheng. Click here to view.
Main Pages,https://www.senheng.com.my/plusone-corporate,View PlusOne Corporate Benefits | Exclusive Privileges | Senheng,"The authorised reseller in Malaysia introduces you to PlusOne corporate benefits. Enjoy extra warranties, cashbacks, along with other fantastic deals when you become a member here!"
Main Pages,https://www.senheng.com.my/plusone-e-classic,PLusOne e-classic for S-Coin Redemption | S-coin Cash Back | Senheng,"As a PlusOne e-Classic member at Senheng, you can enjoy a range of exclusive benefits designed to enhance your shopping experience! Come to join it by today"
Main Pages,https://www.senheng.com.my/plusone-gold,PlusOne Gold With Higher Cashback Rates | 2% S-Coin Cashback | Senheng,"You are able to enjoy the more seamless benefits by joining PlusOne Gold provides higher cashback rates, increased weekly S-Coin redemption limits. Come to join the ideal membership today"
Main Pages,https://www.senheng.com.my/plusone-lady,Enjoy PlusOne Lady benefits | Lifetime Rewards Points | Cooking Class | Senheng,It is a program that are ideal for woman such as invitations to cooking classes and other events. Welcome those are passion on cooking join it today to enjoy more benefits!
Main Pages,https://www.senheng.com.my/plusone-lady-gold,Premium Tier PlusOne Lady Gold | Enhanced Rewards | Senheng,The premium tier PlusOne Lady Gold can redeem up to RM200 worth of S-Coins per week and buy wow pay later option. Click here to know more detail by right now!
Main Pages,https://www.senheng.com.my/plusone-lazada,Enjoy PlusOne Lazada Benefits | Extend Warranty | Redemption Program | Senheng,PlusOne Lazada members able to access exclusive pricing on a variety of products available through senQ's official Lazada store. It can definitely save your pocket! Know more by today!
Main Pages,https://www.senheng.com.my/plusone-prime,Senheng PlusOne Prime: Unlock Premium Benefits & Savings,"Sign up for Senheng PlusOne Prime and enjoy special member-only discounts, rewards points, and early access to sales. Get more for your money today!"
Main Pages,https://www.senheng.com.my/plusone-terms-conditions,Information PlusOne Terms And Conditions | Cashback | Warranty | Senheng,"If you are planning to join the PlusOne membership, here provide the clearer and better picture for you to know from A to Z. Numerous of the benefits and future rewards are provide to you."
Main Pages,https://www.senheng.com.my/plusone-warranty,PlusOne Warranty Protection | Repair Claim | Protection Plan | Senheng,The PlusOne Warranty able to protect all of your applicances! Repair or maintanance? We are all available for you when fulfill the conditions. Welcome to discover more assurance plan.
Main Pages,https://www.senheng.com.my/privacy-sh,Privacy User Protection | Private | Careful handle | Senheng,We want to protect your privacy personal information and boost your confident level with us! We have handle carefully on each personal data. Browse to know more on your right today!
Main Pages,https://www.senheng.com.my/s-coin-terms-conditions,S-coin Terms And Conditions Guidelines | Earning | Redemption | Senheng,"Read the S-Coin Terms and Conditions for Senheng's loyalty program. Learn how to earn, redeem, and maximize your S-Coins for discounts on future purchases."
Main Pages,https://www.senheng.com.my/samsung-tv-ai,Samsung AI TVs | Experience Next-Gen Viewing | Senheng Malaysia,Upgrade your home entertainment with Samsung's AI TVs. Shop now at Senheng for the latest models with exclusive deals and enhanced viewing features.
Main Pages,https://www.senheng.com.my/senangmilik,Senangmilik Able You Renew Appliances | 0% Deposit | Senheng,We want to offer you a new house appliances by provide you the easy application prices. And you no need to pay any deposit initial state. We want you life be quality! Click in here!
Main Pages,https://www.senheng.com.my/senheng-app,Shop Smarter with the Senheng App | Senheng Malaysia,"Experience the convenience of shopping with the Senheng App. Earn rewards, access exclusive deals, and shop from a variety of top brands right from your phone."
Main Pages,https://www.senheng.com.my/senheng-mobile-app,Senheng Mobile App Can Your Life Easy | Wide Services | Easy Use | Senheng,Senheng Mobile App able to making all process by one tap. You can shop of all out products and browse the information in few seconds with mobile app! Download today to see more!
Main Pages,https://www.senheng.com.my/solar-solution,Solar Solution Save Your Energy | 10% Casback | 0% interest | Senheng,"Nowadays the Solar Solutions provide the big help for us to save up the energy, money and environment. You can browse today to install for your future environment protection!"
Main Pages,https://www.senheng.com.my/spaylater-promo,The Spaylater Making Life Good | Pressurefree | Installment Plan | Senheng,"You can purchase Senheng products with using Spaylater, to save your monthly budget! Split the money to certain period to reduce your burden! Explore more about it today!"
Main Pages,https://www.senheng.com.my/special-deals,Special Deals at Senheng - Incredible Discounts on Electronics | Senheng Malaysia,"Discover limited-time special deals at Senheng! Shop electronics, appliances, and more at discounted prices. Don’t miss out on exclusive offers for smart shoppers."
Main Pages,https://www.senheng.com.my/standard-installation,Air-conditioner Installation | Extra Warranty | S-coin Cashback | Senheng,We provide the experience expertize to install your air-condition and we make sure all of the services provided with the good quality ! Click to know more standard installation info!
Main Pages,https://www.senheng.com.my/swap,Swap Plan To Protect Your Device | 12 Month Cover | Senheng,The Swap plan is the protection assurance for your device and it provide the direct replacement on the new device if the malfunctions is happen to you. Subscribe the Swap plan today!
Main Pages,https://www.senheng.com.my/terms-of-use-sh,Know More On Use Term | Pricacy policy | User Responsibility | Senheng,"We provide the clear picture about the Senheng use terms for you. You can know more on user responsibilities, intellectual property rights, and privacy protections. Browse it today!"
Main Pages,https://www.senheng.com.my/trade-in-rebate,Trade In Rebate On Device | 1000+ Models Accept | Extra Warranty,You can trade in your mobile phone and get the appealing rebates for the new phones! We also accepted for more than 1000+ devices to trade in for who looking for new device today!
Main Pages,https://www.senheng.com.my/travel-essentials,Travel Essentials For Your Experience | Nationwide Delivery | Senheng,"The travel essentials provide you a broad range of products, we want you to have the better experience in the journey. You can enjoy the holiday vaccation by using the travel essentials today!"
Main Pages,https://www.senheng.com.my/v-care-extended,V-care Extended | Extend Manufacturer's Warranty | Senheng,"The V-care extended extends the manufacturer's warranty on your purchased products, providing additional coverage for mechanical and electrical defects! We want protect your rights!"
Main Pages,https://www.senheng.com.my/v-care-trade-in,V-care Trade In Upgrading Made Affordable | Seamless Transition | Senheng,"It allows customers to exchange their covered products for store credit, which can be used towards purchasing a new item within the same product category. It is value for money!"
Main Pages,https://www.senheng.com.my/valentines-day,Shop Valentine Day Deals | Extra Year Warranties | S-Coin Cashback | Senheng,Buy something special for your loved ones! Click here to shop valentine day deals with the authorised reseller in Malaysia. All the best deals and services are here with Senheng!
Main Pages,https://www.senheng.com.my/viomi-water-purifier,Shop Viomi AI Water Purifier | 0% Interest Up To 60 months | senQ,Check out the Viomi AI Water Purifier with customizable temperature and volume settings for convenient control. Shop at senQ with 0% interest and installment plans of up to 60 months.
Main Pages,https://www.senheng.com.my/vivo-X200-FE,Vivo X200 FE - Buy the Latest Smartphone Online | Senheng Malaysia,"Shop the Vivo X200 FE at Senheng. Experience advanced features, superior design, and an unbeatable performance with this premium smartphone. Available now."
Main Pages,https://www.senheng.com.my/wow-festive,Purchase WOW Festives Deals Here | S-Coin Cashback | 0% IPP | Senheng,WOW! Senheng is offering WOW festive deals with up to 30% Cashback prizes. Click here to shop the authorised reseller in Malaysia and enjoy amazing deals with top services!
Main Pages,https://www.senq.com.my/senheng-mobile-app,Mobile App Convenient For You | Wide Functions | Seamless Experience | senQ,You can get the S-coin by using our mobile apps to make purchases anytime at everywhere. Many services included in one apps to convenient for your life! Download by now!
Product Category,https://www.senheng.com.my/washer-dryers,All-In-One Laundry with Washer Dryer | 0% Instalment Plans | Senheng,"Wash. Dry. Relax. Experience laundry day with an all-in-one washer dryer machine. Enjoy space-saving convenience, powerful cleaning. Shop now with our 0% instalment plans with Senheng!"
Product Category,https://www.senheng.com.my/ipad,"Apple iPad Air and Pro | S-Coin Cashbacks | Authorised Reseller Malaysia | 
Senheng ","Stay Productive with the latest iPads. Experience stunning displays and 
powerful performance. Buy with amazing deals, including S-Coins and 
flexible payment options. Shop now!"
Product Category,https://www.senheng.com.my/macbook,"Apple Macbook Pro And Air | 0% Instalment | Authorised Reseller Malaysia | 
Senheng","Enhance your productivity and creativity with Apple MacBooks. Find the 
perfect Macs and accessories for your needs with flexible payments up to 
RM139/month."
Product Category,https://www.senheng.com.my/bagless,Bagless Vacuum Cleaners - Buy Top Brands | Senheng,"Shop Premium Bagless Vacuum Cleaners From Electrolux, Sharp, Samsung, 
Philips & Panasonic. Get 0% Instalment Plans & Earn Cashback* at Senheng 
Malaysia."
Product Category,https://www.senheng.com.my/qned-tvs,Browse QNED TV | Instalment Payment | Extra Year Warranty | Senheng,Make your TV experience yours. The QNED TV can be yours with payment made using your desired method! Buy with us to enjoy extra years and replacement warranties! Browse here!
Product Category,https://www.senheng.com.my/air-purifiers,Buy Air Purifiers Online | Top Brands & Best Deals | Senheng,"Shop Air Purifiers at Senheng Malaysia. Best Prices on Top Brands like 
Sharp, Dyson & Xiaomi. Flexible Instalment, In-Store Pickup & S-Coins 
Rewards."
Product Category,https://www.senheng.com.my/batteries,Buy Batteries For Power | S-Coin Cashback | Senheng,Keep your devices running with our long-lasting and powerful batteries. Explore various battery types and sizes to fit your needs. Buy and earn S-Coin cashback from Senheng!
Product Category,https://www.senheng.com.my/grills-bbqs,Buy BBQ Grills | S-Coin Cashbacks | Authorised Reseller Malaysia | Senheng,"We offer BBQ grills that have a non-stick coating plate! If that's what you're looking for, we offer attractive prices and cashbacks! Buy while stocks last!"
Product Category,https://www.senheng.com.my/beverage-preparation,Buy Beverage Preparation Appliances Online | Senheng,"Explore the Latest Offers on a Variety of Beverage Makers, Including 
Juicers, Blenders, and Coffee. Multiple Payment Methods Available. Shop 
Online at Senheng."
Product Category,https://www.senheng.com.my/blenders,Buy Blenders Online at Best Prices | Senheng Malaysia,"Shop Top Blenders From Tefal, Panasonic, Philips, Toshiba & More. Explore 
Hand, Jar, Jug & Tumbler Models. Get Exclusive Deals with 0% IPP at Senheng 
Today."
Product Category,https://www.senheng.com.my/dryers,Buy Branded Laundry Dryers | 0% Instalment Plans | Senheng,"Say hello to wrinkle-free clothes with dryers! We offer options with fast drying times, gentle care settings, & energy-saving features. Buy now with 0% instalment plans!"
Product Category,https://www.senheng.com.my/vacuum-cleaners,Buy Branded Vacuum Cleaners | 1-to-1 Replacement Warranty | Senheng,"Clean your space from dust and dirt with our vacuum cleaners. We offer a wide range, from cordless wonders to powerful canisters. Shop now and get a 1-to-1 replacement warranty!"
Product Category,https://www.senheng.com.my/cooking,Buy Cooking Appliances & Rice Cooker in Malaysia,"""Shop for cooking appliances from our kitchen appliances ranges at Senheng! 
Select cooking appliance from top brands Hitachi, Toshiba & more at best 
price"" "
Product Category,https://www.senheng.com.my/electric-ovens,Buy Electric Ovens: S-Coin Cashback & Offers at Senheng,"Find High-Quality Electric Ovens at Senheng - Great Deals, Energy 
Efficiency & Exclusive Offers Await! Earn S-Coins on Every Purchase. Shop 
Now!"
Product Category,https://www.senheng.com.my/laundry-bags,Buy Essential Laundry Bags | Free Delivery | Senheng,"Conquer laundry day with essential laundry bags to organize delicates, keep darks separate, and breathe new life into your laundry routine. Buy now and get free delivery!"
Product Category,https://www.senheng.com.my/choppers,Buy Food Choppers Online at Best Prices | Senheng Malaysia,"Explore Our Range of Time-Saving Food Choppers from Top Brands Like 
Kenwood, Philips, KitchenAid & More. Exclusive Deals Await. Shop Now at 
Senheng Malaysia."
Product Category,https://www.senheng.com.my/food-processors,Buy Food Processors Online at Best Prices | Senheng Malaysia,"Equip Your Kitchen with the Best Food Processors in Malaysia at Senheng. 
From Compact to Smart Cookers. Enjoy Great Savings. Shop Online and Pickup 
In-Store!"
Product Category,https://www.senheng.com.my/freezers,Buy Freezers at Senheng: Upright to Chest Models Available,"Discover Senheng wide range of high-quality & efficient freezers, including 
upright, chest, convertible models & more. Flexible 0% instalment options 
available."
Product Category,https://www.senheng.com.my/gaming-monitors,Buy Gaming Laptop With Us | 0% Instalment Options | Instalment Payment | Senheng,"For the best gaming experience, get our featured collection of gaming monitors here today! We are offering 0% instalment options and payments of your preferences here. Shop now!"
Product Category,https://www.senheng.com.my/garment-steamers,Buy Garment Steamers for Wrinkle-Free Styles | 0% IPP | Senheng,"Say goodbye to ironing woes! Garment steamers from Senheng Malaysia refresh and revive your clothes in a flash. Look sharp effortlessly, and ditch the bulky iron. Buy now with 0% plans!"
Product Category,https://www.senheng.com.my/home-appliance,Buy Home Appliances: Easy 0% Instalment & S-Coin Rewards,"Discover Home Appliances with 0% Instalment, S-Coin Cashback & Fast 
Nationwide Delivery. Shop Online, Pick Up at Senheng Stores Near You for 
Electrical Needs!"
Product Category,https://www.senheng.com.my/ironing-boards,Buy Ironing Boards: Earn S-Coin Cashback at Senheng Online,"Find Your Perfect Folding Ironing Boards on Senheng – Multiple Payment 
Options & Exclusive Deals! Earn & Redeem S-Coin Cashback with Every 
Purchase. Shop Now!"
Product Category,https://www.senheng.com.my/laptops,Buy Laptops Online at Best Prices | Senheng Malaysia,"Laptop promotion at Senheng! Choose from Apple, Acer, Asus & more. Best 
prices, great deals, S-Coin cashback & flexible instalments. Find your 
ideal laptop now!"
Product Category,https://www.senheng.com.my/dish-washers,Buy Latest Built-in & Free Standing Dishwashers at Senheng,"Discover the latest dishwashers at Senheng Official Online Store! Enjoy an 
extra 1-year warranty, 0% instalment plans up to 36 months, fast delivery & 
more."
Product Category,https://www.senheng.com.my/action-cameras,Buy Latest DJI Action Cameras | Free 1 Year Warranty | Senheng,Capturing your thrilling moments with an action camera. We offer cameras ranging from durable to waterproof to capture life's moments. Get now and get a free 1-year warranty!
Product Category,https://www.senheng.com.my/led-tvs,Buy LED TVs: Enjoy 0% Instalment & Earn S-Coin at Senheng,"Shop the Latest Smart LED TV Offers at Senheng. Best Prices and 0% Interest 
Plans Available. Earn S-Coin Cashback on Every Purchase! Buy Now. "
Product Category,https://www.senheng.com.my/microsoft-surface,"Buy Microsoft Surface Laptop | 0% Instalment | Authorised Reseller Malaysia 
| Senheng","Elevate your workspace with the Microsoft Surface Laptop and essential 
accessories! Enjoy enhanced productivity, versatility, and style. Visit us 
today and discover amazing deals!"
Product Category,https://www.senheng.com.my/mixers,Buy Mixers Online: S-Coin Rewards & Exclusive Senheng Offers,"Explore Senheng's Range of Mixers, from Hand to Stand Models. Shop Now and 
Enjoy the Exclusive Offers with S-Coin Cashback on Every Purchase. "
Product Category,https://www.senheng.com.my/mosquito-killers,Buy Mosquito Killers Online | Exclusive Deals at Senheng,"Get Your Home Protected with Mosquito Killers at Senheng Malaysia. Best 
Prices on Sharp, Cento & Other Top Brands. 0% IPP Available. Buy Online Now!"
Product Category,https://www.senheng.com.my/multi-cookers,Buy Multi-Cooker: Earn S-Coin & Enjoy Cashback at Senheng,"Best Multi-Cooker Deals at Senheng. Shop & Earn S-Coin Cashback. Versatile 
Cooking with Top Brands like Cornell, Pensonic, Russell Taylor & Khind."
Product Category,https://www.senheng.com.my/multi-door,Buy Multi-Door Fridges Online | 0% IPP & Extended Warranty,"Shop Multi-Door Refrigerators from Top Brands like Panasonic, Samsung, 
Sharp at Senheng Malaysia. Enjoy Extra 1-Year Warranty, S-Coin* Cashback & 
More."
Product Category,https://www.senheng.com.my/apple-product-accessories,Order Apple Product Accessories | Online Store Malaysia | Senheng,Purchase your Apple Product Accessories from Senheng. Explore a variety of brands that meet your needs. Earn S Coin for cashback through the Senheng App now!
Product Category,https://www.senheng.com.my/surge-protector,Buy Premium HDMI Cables | S-Coin Cashback & Vouchers | Senheng,"Experience audio-visual with superior picture quality, high-speed data transfer, and a wide range of lengths for your needs. Buy now and get S-Coin cashback with vouchers!"
Product Category,https://www.senheng.com.my/pressure-cookers,Buy Pressure Cookers With Exclusive Deals And S-Coin Cashbacks | Senheng,"Focusing on quality with affordability, our pressure cookers are moving quickly! Get one today with our exclusive deals and enjoy cashbacks for future purchases! Click here!"
Product Category,https://www.senheng.com.my/rice-cookers,Buy Rice Cookers with Multiple Payment Options at Senheng,"Buy the Latest Rice Cookers at Senheng Malaysia and Enjoy Our Seamless 
Shopping Experience with Flexible Instalment Options, S-Coin Cashback & 
More. Shop Now! "
Product Category,https://www.senheng.com.my/robot-vacuum,Buy Robot Vacuum Cleaners: Exclusive Offers at Senheng,"Find the Perfect Robot Vacuum Cleaner in Senheng Malaysia from Samsung, 
Tesvor & More. Enjoy Smart Features, High Suction Power, and Enjoy 
Exclusive Offers."
Product Category,https://www.senheng.com.my/single-door,Buy Single Door Fridge: Get 0% Instalment Plans at Senheng,"Upgrade to a New Single Door Fridge from Brands like Faber, Hisense, Elba & 
More at Senheng. Benefit from Extra 1 Year Warranty and Flexible Payment 
Plans. "
Product Category,https://www.senheng.com.my/slow-cookers,Buy Slow Cookers Online: S-Coin Cashback & More at Senheng,"Need High-Capacity Slow Cookers? Senheng has them! Ideal for Families, with 
S-Coin Cashback & Pickup Options. Enjoy the Convenience of Multiple 
Payments. "
Product Category,https://www.senheng.com.my/cooker-hobs,Buy the Best Cooking Hobs | Instalment Payments | Warranties | Senheng,Discover the perfect match for your kitchen's style and your culinary preferences. Shop the best cooking hobs here with Instalment Payments and a variety of warranties. Shop yours today!
Product Category,https://www.senheng.com.my/printers,Buy The Latest Printers | Free 1 Year Warranty | Senheng,"Sharpen your printing quality with the latest printers. From laser printers to multifunction printers, Senheng has you covered! Visit now to enjoy a free 1-year warranty from us!"
Product Category,https://www.senheng.com.my/tv,Buy the Latest Smart TVs Online at Best Prices - Senheng,"Find your perfect TV at Senheng - from OLED to 8K, 32"" to 98"". Best prices, Google TVs, Android TV, webOS. Trade in for rebates. Shop & earn rewards now"
Product Category,https://www.senheng.com.my/thermopots,Buy Thermo Pots & Water Dispensers Online | Senheng,"Discover Electric Thermo Pots & Water Dispensers at Senheng - Versatile, 
Energy-Saving Choices with Multiple Payment Methods. Shop Now & Earn S-Coin."
Product Category,https://www.senheng.com.my/hdmi-cables,Buy Top Quality HDMI Cables | Authorised Reseller in Malaysia | Senheng,Enjoy unparalled picture and sound quality with our exclusive HDMI cables at the authorised reseller in Malaysia. Shop now enjoy the best deals and benefits! Click here to shop!
Product Category,https://www.senheng.com.my/shaving-solutions,Buy Top-Rated Razors | Free Extra 1 Year Warranty | Senheng,"Ditch the razor bumps and irritation with shavers! Explore a range of shaving solutions for a smooth, confident you. Buy now to get a free extra 1-year warranty!"
Product Category,https://www.senheng.com.my/vacuum-dust-bags,Buy Vacuum Dust Bags and Filters | Free Delivery | Senheng,Don't let dust bunnies win!  Fresh breath for your home and a vacuum cleaner with genuine dust bags & filters. Enjoy cleaner air with our free delivery upon purchase!
Product Category,https://www.senheng.com.my/washing-machines,Buy Washing Machines: 0% Instalment & Extra Warranty,"Looking for a Washer? Senheng Malaysia Offers Top Load, Front Load, and 
Energy-Saving Models. Enjoy 0% Interest Instalment Plans and Extra 1-Year 
Warranty. "
Product Category,https://www.senheng.com.my/water-heaters,Buy Water Heaters: Latest Offers & Earn S-Coin at Senheng,"Shop Senheng for a Wide Range of Electric Water Heaters, from AC/DC Pumps 
to Hand/Rain Showers. Shop Now for Great Deals, S-Coin Cashback & 0% 
Instalment Plans."
Product Category,https://www.senheng.com.my/wireless-chargers,Buy Wireless Chargers Online | Best Deals at Senheng,"Fast Wireless Charging Meets Convenience at Senheng: Wireless Charging Pad 
& MagSafe Charger. Exclusive Deals, 0% Instalments, and Buy Online, Pick Up 
Options."
Product Category,https://www.senheng.com.my/home-entertainment,Checkout Latest Home Entertainment Brands | Low Instalments | Senheng,"Discover a world of immersive entertainment with high-quality TVs. audio systems, and home theater essentials. Upgrade your living space now with our low instalment plans!"
Product Category,https://www.senheng.com.my/coffee-machines-makers,"Coffee Machines & Makers | Espresso, Capsule, Drip | Senheng","Shop Coffee Machines & Makers at Senheng Malaysia and Pay Later. Best Prices on Espresso, Capsule & Drip Coffee from DeLonghi, Nespresso & More. Shop Now!"
Product Category,https://www.senheng.com.my/pc-accessories,Complete Your Setup With PC Peripherals | Free Delivery | Senheng,"Gear up your PC setup with peripheral essentials. Boost your gaming, productivity, and experience with keyboards, mice, and more. Buy now to enjoy free delivery from Senheng!"
Product Category,https://www.senheng.com.my/fans,Cooling Down With Air Quality Fans | Free Delivery | Senheng,"Escape the swelter with powerful fans. We offer a wide variety of cooling solutions, from sleek table fans to statement-making ceiling fans. Buy now with free delivery!"
Product Category,https://www.senheng.com.my/stick-vacuum,Cordless Stick Vacuums For Freedom Cleaning | 0% IPP | Senheng,Try out our effortless cleaning with cordless stick vacuums and enjoy lightweight maneuverability with powerful suction. Buy now with our 0% instalment plans from Senheng!
Product Category,https://www.senheng.com.my/micro-hifi-system,Discover Premium Micro Hi-Fi Systems | Extra Free 1 Year Warranty | Senheng,Experience exceptional sound in a compact design selection of micro-hi-fi systems with features like Bluetooth® & multi-source playback. Shop now to get an extra free 1-year warranty!
Product Category,https://www.senheng.com.my/steamers,Electric Food Steamers: Multiple Payment Options at Senheng,"Buy Top Food Steamers at Senheng. Enjoy Latest Offers, Instalment Payments, and 
S-Coin Cashback Benefits. Shop Online & Pick Up at Senheng Stores."
Product Category,https://www.senheng.com.my/shavers,Electric Shavers & Razors for Men | Senheng Malaysia,"Shop Top Electric Shavers & Razors for Men from Braun, Philips, Panasonic 
at Senheng. Wide Selection, Buy Now Pay Later & S-Coin Cashback Available."
Product Category,https://www.senheng.com.my/soundbars,Elevate Your Home With Cinema Sound Bar System | Instalment Payment | Senheng,Build cinema-like sound quality in the comfort of your home! Browse all the best brands to offer sound bar systems and enjoy warranties with Instalment Payment. Shop now!
Product Category,https://www.senheng.com.my/smart-home-appliances,Enjoy Smart Home Appliances | Exclusive Deals | S-Coin Cashback | Senheng,Elevate your home and breeze through daily chores. Your home will be elevated with our home appliances and cashbacks! Click here to buy with exclusive deals!
Product Category,https://www.senheng.com.my/apple-watch-accessories,Buy Apple Watch Accessories Online | Authorised Seller Malaysia | Senheng,Purchase your Apple Watch Accessories from Senheng. Explore a variety of brands that meet your needs. Earn S Coin for cashback through the Senheng App now!
Product Category,https://www.senheng.com.my/ai-enabled,Explore The Featured AI Phones | Low Instalment | Extra Warranties | Senheng,"For those interested in trying the latest AI phone technology, we have the best Ai phones here for you! Click to browse our featured products with low instalments and warranties!"
Product Category,https://www.senheng.com.my/cameras,Find The Perfect Camera For Your Shot | Free Delivery | Senheng,Capturing your thrilling moments with an action camera. We offer cameras ranging from durable to waterproof to capture life's moments. Get now and get a free 1-year warranty!
Product Category,https://www.senheng.com.my/food-preparation,Food Preparation Appliances With Flexible Payment Options | Senheng,"Looking to upgrade your food preparation appliances? We understand the importance of payment methods, so we provide many appliances with flexible payment options! Shop today!"
Product Category,https://www.senheng.com.my/memory-cards,Get Branded Memory Cards With Us | Authorised Reseller In Malaysia | Senheng,Keep all your memories in-tact with the righ memory cards! Get the memory card that suits you here at the authorised reseller in Malaysia! Shop now with Senheng
Product Category,https://www.senheng.com.my/dish-care,Get Dish Care Appliances Online | Fast Deliveries | 100% Original | Senheng,Looking for dish-care appliances? You can shop for different dish care appliances here and enjoy deliveries to your doorstep! Get 100% original products today!
Product Category,https://www.senheng.com.my/ev-charger,Get EV Chargers | Low Instalments | Authorised Reseller Malaysia | Senheng,"Charge up your vehicles with our EV charges today! Enjoy low instalments from the authorised reseller in Malaysia, with other services available! Shop here!"
Product Category,https://www.senheng.com.my/food-maker,Get Food Makers With Exclusive Deals | Authorised Reseller Malaysia | Senheng,"Having a hard time finding food makers that fit your needs and budget? Here, you can shop for food makers with exclusive deals from an authorised reseller in Malaysia! Shop here!"
Product Category,https://www.senheng.com.my/desktops,Get Latest Desktop Brand New | 0% Instalment Plans | Senheng,"Powering productivity with a desktop PC comes with a variety of options to fit your needs. From gaming to work, Senheng got you covered. Visit now to enjoy low monthly plans!"
Product Category,https://www.senheng.com.my/fryers,Get New Air Fryers | Extra Warranties | Instalment Payments | Senheng,"Need a standard air fryer for quick, healthy meals? We guarantee quality and replacement assurance when you shop with the authorised reseller in Malaysia. Shop now!"
Product Category,https://www.senheng.com.my/audio,Buy Premium Audio Solutions | Free Extra 1 Year Warranty | Senheng,"Listen to a next-level audio experience with sounds from innovative speakers, soundbars, headphones, and more. Shop now to get a free extra 1-year warranty! Shop Senheng today!"
Product Category,https://www.senheng.com.my/portable-audio-player,Get Personal Stereo Systems Radio Clock | Warranties | 100% Original | Senheng,Looking for radio clocks that fit your needs? The authorised reseller in Malaysia offers 100% original products with multiple warranties when you make a purchase! Shop here!
Product Category,https://www.senheng.com.my/earphones-headphones,Get Premium Earphones & Headphones | 1-to-1 Replacement Warranty | Senheng,"Discover premium earphones & headphones to enhance your listening experience, from crystal-clear audio to powerful noise cancellation. Shop now to get a 1-to-1 replacement warranty!"
Product Category,https://www.senheng.com.my/epilators,Get Silky Skin With Epilators | Free Delivery | Senheng,"Achieve long-lasting smoothness with an epilator featuring gentle hair removal, multiple speed settings, and long-lasting results. Buy now and get free delivery from Senheng!"
Product Category,https://www.senheng.com.my/smart-home-decoration,Get Smart Home Decorations | Extra Warranties | Instalment Payment | Senheng,"Enjoy your updated home decorations, but with smart twists! Benefit from extra warranties and Instalment Payments with us! Still considering? Shop while stocks last! Take action!"
Product Category,https://www.senheng.com.my/air-coolers,Get The Best Air Coolers | Free Extra 1 Year Warranty | Senheng,Feeling the heat? Our air coolers deliver refreshing coolness without breaking the bank. Shop now and conquer the heatwave with our free extra 1-year warranty from Senheng!
Product Category,https://www.senheng.com.my/cleaning-solutions,Get The Best Cleaning Solutions | Free Delivery | Senheng,"Ditch the cleaning dread! Explore powerful cleaning solutions with a wide range for every surface, so you can clean smarter, not harder. Buy now with free delivery!"
Product Category,https://www.senheng.com.my/frying-pans,Get The Best Frying Pans | Exclusive Deals | Warranties | Senheng,Looking to buy new frying pans that offer warranties? We have it here with the best exclusive deals that you won't find anywhere! Click here to buy and enjoy warranties!
Product Category,https://www.senheng.com.my/power-supply,Get The Latest Power Supply | Free Extra 1 Year Warranty | Senheng,"Keep your device running with our reliable power supply. We offer varieties of batteries, power banks, chargers, and cables. Buy now to get a free extra 1 year warranty!"
Product Category,https://www.senheng.com.my/door-lock,Get The Latest Smart Digital Locks | Authorised Reseller In Malaysia | Senheng,"Home safety has become paramount, so elevate your home protection! Shop the featured digital locks from the authorised reseller in Malaysia to protect your house. Shop Now!"
Product Category,https://www.senheng.com.my/2-in-1,Get The New 2-in-1 Laptops | 0% Instalment Plans | Senheng,Transform between laptop and tablet with 2-in-1 laptops. Live with versatility with touchscreen displays and stylus support. Visit now to enjoy 0% instalment plans!
Product Category,https://www.senheng.com.my/digital-gadgets,Get Your Hands On The Latest Digital Gadgets | Free Delivery | Senheng,"From smartwatches to wireless earbuds, we've got you covered. Explore the latest tech trends with digital gadgets for your lifestyle. Buy now to get free delivery from Senheng!"
Product Category,https://www.senheng.com.my/google-tvs,Google TVs | 4K & 8K | 0% IPP Available | Senheng Malaysia,"Discover the Latest Google TVs at Senheng Malaysia! Enjoy Extra 1-Year 
Warranty for Just RM9.90, S-Coin Cashback*, 0% IPP & Trade-In Deals."
Product Category,https://www.senheng.com.my/water-filters,Grab Featured Water Filters | Cheap Deals | Buy Now Pay Later | Senheng,Switch your filters with us today! We have a wide variety of water filters that will surely suit your needs. Enjoy cheap deals with buy now pay later services on us. Click here!
Product Category,https://www.senheng.com.my/hair-stylers,Hair Stylers & Straighteners on Sale | Top Brands | Senheng,"Shop Hair Stylers & Straighteners at Senheng. Best Prices on Top Brands Like Dyson, Panasonic & Philips. Wide Selection for All Hair Types. 0% IPP Available."
Product Category,https://www.senheng.com.my/big-tv-75-inch-and-above,Order Big Tv 75 Inch And Above | Enjoy S Coin Cashback | Senheng,"Shop high-quality Big Tv 75 Inch And Above at Senheng. Experience friendly service from our support team, providing product recommendations that match your needs."
Product Category,https://www.senheng.com.my/cases-others,Shop Phone & Wearables Cases | Enjoy S Coin Cashback | Senheng,Discover a wide selection of phones and wearables Cases at Senheng. Enjoy exclusive S Coin cashback at affordable prices. Buy online and pick it up from our physical stores across Malaysia.
Product Category,https://www.senheng.com.my/computers-laptops,Order Computers Laptops | Enjoy S Coin Cashback | Senheng,Discover a wide selection of Computers Laptops at Senheng. Enjoy exclusive S Coin cashback at affordable prices. Buy online and pick it up from our physical stores across Malaysia.
Product Category,https://www.senheng.com.my/covers-others,Shop Ipad Covers | Enjoy S Coin Cashback | Senheng,Purchase your Ipad Covers from Senheng. Explore a variety of brands that meet your needs. Earn S Coin for cashback through the Senheng App now!
Product Category,https://www.senheng.com.my/non-pump,Instant Showers With Non-Pump Water Heater | 0% IPP | Senheng,Tired of cold waters? Enjoy steady stream with non-pump water heaters. Choose your preference for reliable performance and efficient heating. Buy now without 0% instalment plans!
Product Category,https://www.senheng.com.my/grinders,Kenwood Food Grinders - Buy Online/Pickup In-Store | Senheng,"Shop Kenwood Food Grinders at Senheng. Explore Food Mincers and Continuous 
Slicers/Graters. Get Best Prices in Malaysia with Instalment Payment Options!"
Product Category,https://www.senheng.com.my/cooker-hoods,Kitchen Hoods | Extra Year Warranties | Authorised Reseller Malaysia | Senheng,"As the go-to source for the best cooker hoods in Malaysia, we pride ourselves on competitive prices and a commitment to quality. Get extra year warranties! Shop with us now!"
Product Category,https://www.senheng.com.my/health-care,Latest Health And Wellness Essentials | Free Extra 1 Year Warranty | Senheng,"Preserve your well being with quality health care products. Find tools to track vitals, manage conditions, and support overall health. Buy now to get a free extra 1-year warranty!"
Product Category,https://www.senheng.com.my/gaming-chairs,Level Up With Gaming Chairs | Free Extra 1 Year Warranty | Senheng,"Find comfort to conquer your games with gaming chairs, and experience ergonomic support equipped with premium materials. Get now to enjoy a free extra 1-year warranty from Senheng!"
Product Category,https://www.senheng.com.my/wearables,"Notable Features of Smart Wearable, Smartband & Fitness Band","Shop for trendy smart wearable: smartband & fitness band at Senheng to 
track daily exercise, sleep, heart rate, and improve both work and life 
efficiency! "
Product Category,https://www.senheng.com.my/oled-tvs,OLED TVs Online: Enjoy 0% IPP Options & Nationwide Delivery,"Shop Best OLED Smart TV Deals Online at Senheng. Top Quality from Sony, LG, 
Samsung & More. Enjoy S-Coin Rewards & Extended Warranty Options. Find 
Yours Today!"
Product Category,https://www.senheng.com.my/electric-toothbrushes,Oral Hygiene With Electric Toothbrushes | Free Extra 1 Year Warranty | Senheng,Experience deeper oral cleaning with electric toothbrushes. We provide features for plaque removal technology and multiple cleaning modes. Buy now to get a free extra 1-year warranty!
Product Category,https://www.senheng.com.my/smart-bands,Own Latest Smart Bands | S-Coin Cashback | Senheng,"Track your steps, monitor your sleep, and always stay motivated with our wide range of health-tracking smart bands. Buy now to get S-Coin cashback at Senheng!"
Product Category,https://www.senheng.com.my/2-doors,Shop 2 Door Refrigerators Here | Low Instalments | 0% IPP | Senheng,Finding a new 2 door refrigerators? Check out Senheng and our featured collection of refrigerators with exclusive deals and services! Shop now and enjoy low instalments with 0% IPP!
Product Category,https://www.senheng.com.my/smart-home,Products for Smart Homes | Top Brands | Exclusive Deals,"Find the Best Deals on Smart Home Products at Senheng. Door Lock, CCTV, 
Smart Sensor, Air Purifier & More. 0% IPP Available. Earn S-Coin Cashback*. 
Shop Online!"
Product Category,https://www.senheng.com.my/gaming-consoles,PS5 Gaming Consoles & Accessories | Buy Online at Senheng,"Upgrade Your Gaming Experience with the Latest PlayStation 5 Consoles & 
Accessories. Get Exclusive Prices & 0% IPP Up to 36-Month at Senheng 
Malaysia. Shop Now!"
Product Category,https://www.senheng.com.my/8k-tvs,Purchase 8K TVs And Enjoy Free Gifts And Warranties | Senheng,"Feel the power of every frame, with pixels delivering ultimate clarity and a resolution higher than 4K. Redeem a Galaxy Watch with warranties when you make a purchase here!"
Product Category,https://www.senheng.com.my/air-conditioners,Purchase Branded Air Conditioners | 1-to-1 Replacement Warranty | Senheng,"Escape the heat with our branded air conditioners! We offer energy-saving features, whisper-quiet operation, and powerful cooling. Buy now and get a 1-to-1 replacement warranty!"
Product Category,https://www.senheng.com.my/skin-care-devices,Purchase Branded Skin Care Devices | Authorised Reseller Malaysia | Senheng,"Give your skin the treatment it needs with the right skin care equipment! Shop featured skin care devices brands here with exclusive deals, get it while stocks last with Senheng."
Product Category,https://www.senheng.com.my/bread-preparation,Purchase Bread Preparation Appliances | Exclusive Deals | Senheng,Make your desired cuisine with the best bread appliances here! Shop with the authorised reseller in Malaysia to enjoy exclusive deals and fast deliveries. Shop here!
Product Category,https://www.senheng.com.my/monitors,Purchase Computer Monitors | 1-to-1 Replacement Warranty | Senheng,Buy the latest monitor with us to enjoy crystal-clear displays with high-fresh-rate monitors designed for gamers. Buy with us to get a 1-to-1 replacement warranty with Senheng!
Product Category,https://www.senheng.com.my/dish-warmers,Purchase Dish Warmers and Dish Dryers | Authorised Reseller Malaysia | Senheng,"Browse all your favourite branded dish warmers and dish dryers here at the authorised reseller in Malaysia today! Click to shop with the best deals and services, only at Senheng!"
Product Category,https://www.senheng.com.my/earbuds,Purchase Earbuds With Us | Extra Warranties | 0% IPP | Senheng,"The perfect partner for all purposes! Enjoy your favourite podcasts, music and video content with a good pair of earbuds, especially with warranty coverages! Shop here!"
Product Category,https://www.senheng.com.my/refills-replacements,Purchase Electric Brushes Refills | Free Delivery | Senheng,Take care of your electric toothbrushes with our electric toothbrush refills. A wide range of compatible brush heads is available for all your needs. Buy and get free delivery service!
Product Category,https://www.senheng.com.my/health-beauty,Purchase Featured Health And Beauty Products | Extra Warranties | Senheng,"All your needs for a confident and smooth hair, we have it! Click here for the best brands of health and beauty and enjoy additional warranty coverages to your purchase! Shop now!"
Product Category,https://www.senheng.com.my/thumb-drives,Purchase Featured Thumb Drivers | Instalment Payment | S-Coin Cashback | Senheng,Shop for a thumb driver that suits your needs here at the authorised reseller in Malaysia! Shopping with Senheng means you enjoy the best deals and services. Click here to browse.
Product Category,https://www.senheng.com.my/kitchen-utensils,Purchase Kitchen Utensils Here | Attractive Deals | Instalment Payment | Senheng,Shop with us to explore our featured collection of kitchen utensils. Enjoy the attractive deals we offer and choose a payment method that suits you! Click here to browse!
Product Category,https://www.senheng.com.my/power-banks,Purchase Long Battery Life Power Banks | Free 1 Year Warranty | Senheng,Say goodbye to low batteries with power banks! We offer varieties of fast-charging power banks to keep your devices on the go. Buy now to get free 1 year warranty from senheng!
Product Category,https://www.senheng.com.my/microsoft-office,Purchase Microsoft Software | 0% Instalment Plans | Senheng,"Produce quality work with Microsoft software packages, from essential suites to powerful creative tools. Get licensed software with instalment plans only at Senheng!"
Product Category,https://www.senheng.com.my/induction-cookers,Purchase New Induction Cookers | Instalment Payment And Fast Deliveries | Senheng,Modern technology meets culinary excellence. Shop the latest induction cooks and have them delivered to your house in no time! Flexible payments are available when you buy it here!
Product Category,https://www.senheng.com.my/hair-dryers,Purchase Salon-Quality Hair Dryers | Free Extra 1 Year Warranty | Senheng,"Discover our fast drying, ionic technology, and multiple heat settings hair dryers for salon-worthy results. Get yours now for free extra 1 year warranty."
Product Category,https://www.senheng.com.my/software,Purchase Softwares Here | Instalment Payment | Authorised Reseller Malaysia | Senheng,Shop for your software needs here at the authorised reseller in Malaysia! Get softwares for all your daily activities and enjoy ease of payment and additional deals. Shop now.
Product Category,https://www.senheng.com.my/steam-closet,Purchase Steam Closets | Low Instalment | Warranties | Senheng,Looking to upgrade your laundry game with the latest steam closet technology? We have it here! Get low instalments and warranties with us to compliment your purchase! Shop now!
Product Category,https://www.senheng.com.my/steamboat,Purchase Steamboat Products Here | Extra Warranties | Low Instalment | Senheng,Enjoy good steamboats at the comfort of your home with the best steamboat appliances! Shop here with Senheng to get all your needs with warranty coverages! Click now.
Product Category,https://www.senheng.com.my/switch,Purchase Swithces | Instalment Payment | Extra Warranties | Senheng,Get a safe and easy to you switch so you can enjoy good lighting at home. Check out our featured collection here and shop your needs! Shopping Senheng means you get the best deals.
Product Category,https://www.senheng.com.my/modern-laptops,Purchase Top Branded Laptops Online | 0% IPP with Warranties | Senheng,"Discover the perfect traditional laptop for you. Enjoy unbeatable prices, a 
vast selection of top brands with 0% Instalment plans. Upgrade your 
computing experience today!"
Product Category,https://www.senheng.com.my/waffle-maker,Purchase Waffle Makers | S-Coin Cashback | Instalment Payment | Senheng,Make waffles quick and easy! Shop the best waffle makers here with us today and enjoy S-coin cashback and the payment method of your preference! Click here to start shopping!
Product Category,https://www.senheng.com.my/water-system,Purchase Water Systems | Low Instalment | Fast Deliveries | Senheng,Get your water systems changed to our featured products and enjoy the best water quality. Get it with us today and benefit from low instalments and fast deliveries. Click here!
Product Category,https://www.senheng.com.my/rain-showers,Rain Shower Water Heaters on Sale | 0% IPP Available,"Shop for the Best Water Heaters with Rain Shower at Senheng. Pick from 
Rubine & Alpha Models. Enjoy a Luxurious Shower Experience. Buy Online Now!"
Product Category,https://www.senheng.com.my/relax-lifestyle,Recharge With Relax & Lifestyle Essentials | 0% Instalments Plans | Senheng,"With a range of products for stress reduction, self-care, and home comfort at Senheng, kick back and enjoy relax and lifestyle necessities! Go now to get 0% off on your necessities!"
Product Category,https://www.senheng.com.my/air-purifier-filters,Sharp Air Purifier Filters | Filter Replacement | Senheng,"Shop Sharp Air Purifier Filters at Senheng Malaysia. High-Quality 
Replacement Air Filters: Deodorizing, HEPA & Carbon Filters. Exclusive 
Deals at Senheng!"
Product Category,https://www.senheng.com.my/players,Shop Branded Players Here With Us | Extra Warranties | Instalment Payment | Senheng,Play all your DVDs and videos with a trusted player! All the best player brands are here with the authorised reseller in Malaysia with atrractive deals. Click here to shop Senheng
Product Category,https://www.senheng.com.my/cables,Shop Cables Online | Replacement Warranties | Instalment Payment | Senheng,In need of new cables to charge your devices? We offer cables with replacement warranties to guarantee your satisfaction! Browse and buy today with Senheng!
Product Category,https://www.senheng.com.my/dvd-players,Shop DVD Players | Extra Warranties | Authorised Reseller In Malaysia | Senheng,Get a DVD player to play all your favourite entertainment! Click here to shop the best collection of DVD players with Senheng! Shop now and enjoy warranties on us.
Product Category,https://www.senheng.com.my/others,Shop E-Papers & Accessories | Buy Now Pay Later | Instalment Payment | Senheng,"Browsing for cleaners, e-papers, and other products? We have what you're looking for and more, with buy now pay later services provided. Shop our featured products today!"
Product Category,https://www.senheng.com.my/e-paper,Shop E-Papers With Us | Authorised Reseller in Malaysia | Senheng,"Read the latest e-papers and stay updated with us! At the authorised reseller in Malaysia, we have your needs covered! Shop here with us today and start reading!"
Product Category,https://www.senheng.com.my/other-and-e-paper,Shop E-Papers With Us | Instalment Payment | Authorised Reseller In Malaysia | Senheng,Read all the latest news from e-papers here at the authorised reseller in Malaysia. Shop Senheng today and enjoy the best deals with amazing services.
Product Category,https://www.senheng.com.my/kettles,Shop Extensive Kettle Brands | Exclusive Deals And Instalment Payments | Senheng,"Looking for durable stainless steel kettles, stylish glass kettles or jug kettles for family gatherings? We have it, with Instalment Payments and exclusive deals! Shop while stocks last!"
Product Category,https://www.senheng.com.my/microwave-ovens,Shop Featured Microwave Ovens | Warranties | Buy Now Pay Later | Senheng,Discover the joy of microwave oven shopping. Shop featured microwave ovens with buy now pay later services! Get warranties with your purchase only here!
Product Category,https://www.senheng.com.my/refrigerators,Shop Featured Refrigerator Brands | 0% Instalment Plan | Instalment Payment | Senheng,"Whether you're on a budget or seeking the best in the market, our collection caters to all. Shop our featured refrigerators with 0% instalments! Buy today!"
Product Category,https://www.senheng.com.my/smart-home-accessories,Shop Featured Smart Home Accessories | Authorised Reseller Malaysia | Senheng,Looking to add some smart home accessories to elevate your house? The authorised reseller in Malaysia has featured products with exclusive deals! Get your hands on it now!
Product Category,https://www.senheng.com.my/gaming,Shop Gaming Laptops Online | 0% IPP Available | Senheng,"Shop High-Performance Gaming Laptops from Top Brands like ASUS, Acer & More 
at Senheng Malaysia. Powerful Specs for Immersive Gameplay. Buy Now!"
Product Category,https://www.senheng.com.my/exercise,Shop Home Use Exercise Equipment | S-Coin Cashback | Warranties | Senheng,Get all the best home use exercise equipment to build your very own gym at home! Shop here with Senheng to enjoy all the best deals and services. Shop now while stocks last.
Product Category,https://www.senheng.com.my/huawei-matepad,Shop Huawei Matepad | Instalment Payment | Fast Deliveries | Senheng,"Shop for the Huawei matepad and accessories here! Choose your preferred payment method and enjoy fast deliveries to your doorstep, what are you waiting for? Buy now with us!"
Product Category,https://www.senheng.com.my/iphone,Shop iPhones Online | Low Instalments | Extra Warranties | Senheng,Looking to get the latest Apple iPhones? Look here and buy with us to enjoy low instalments with warranties from the authorised reseller in Malaysia. Shop with us and buy today!
Product Category,https://www.senheng.com.my/kitchen-appliances,Shop Latest Kitchen Appliances: Flexible Instalments & More,"Your One-Stop Shop for Quality Kitchen Appliances. Discover Unbeatable 
Deals on Refrigerators, Cooking, Cookers, Dish Care, Kitchenware, Ovens & 
More. Shop Now!"
Product Category,https://www.senheng.com.my/samsung-galaxy-tab,Shop Latest Tablest Models at Senheng Malaysia,"Explore Top Tablets from Samsung, Apple, Microsoft & More at Senheng. 
Members Enjoy Exclusive Offers, Fast Delivery, Various Instalment Options. 
Shop Now!"
Product Category,https://www.senheng.com.my/tablets,Shop Latest Tablest Models at Senheng Malaysia,"Explore Top Tablets from Samsung, Apple, Microsoft & More at Senheng. 
Members Enjoy Exclusive Offers, Fast Delivery, Various Instalment Options. 
Shop Now!"
Product Category,https://www.senheng.com.my/ovens,Shop Ovens With Affordable Prices | Low Instalments | Senheng,"Each oven's capacity is measured in litres, ensuring you find the perfect size for your kitchen. Shop our ovens that are affordable with low instalments! Get yours now!"
Product Category,https://www.senheng.com.my/qled-tvs,Shop QLED TVs: 0% Instalment & S-Coin Cashback at Senheng,"Find the Latest QLED TV Technology from 43-Inch to 98-Inch Sizes at 
Senheng. Get an Extra 1-Year Warranty for just RM9.90! Enjoy 0% Instalment 
Up To 36 Months."
Product Category,https://www.senheng.com.my/smart-kitchen-appliances,Shop Smart Kitchen Appliances | Low Instalments | Instalment Payment | Senheng,Your house should get an upgrade! Shop our smart kitchen appliances to elevate into a tech-savvy living space! Buy with low instalments here! Shop now and enjoy!
Product Category,https://www.senheng.com.my/storage,Shop Storage Here | Instalment Payment | Authorised Reseller In Malaysia | Senheng,"Shopping for additional storage space? Click here to check out what Senheng is offering, we provide your needs and more! Browse here and purchase with additional warranties!"
Product Category,https://www.senheng.com.my/mobiles-tablets,Shop The Newest Mobiles And Tablets | Extra Warranties | Instalment Payment | Senheng,"Enjoy all the latest and best mobiles and tablets when you shop with us! Extra warranties with Instalment Payment are available, so take advantage! Buy today!"
Product Category,https://www.senheng.com.my/drones,"Shop Top Branded Drones | Extra 1-Year Warranty | 0% IPP with Warranties | 
Senheng","Capture stunning aerial shots with DJI drones. Find the DJI Mini 2 SE, Mini 
4 Pro, DJI AVATA Fly & DJI Mavic 3 Pro at amazing prices. Free shipping & 
nationwide delivery available."
Product Category,https://www.senheng.com.my/pump,Shop Top Quality Water Heater Pumps | S-Coin cashback & Vouchers | Senheng,Tired of lukewarm showers? Get the hot water flowing with powerful water heater pumps and enjoy consistent and invigorating showers. Shop now with S-Coin cashback and vouchers!
Product Category,https://www.senheng.com.my/external-hard-disks,Shop Trusted External Hard Disks Here | Authorised Reseller Malaysia | Senheng,"Never lose important documents and files ever again with an external hard disk. Click here to shop the best deals and benefits for external hard disks, only at Senheng!"
Product Category,https://www.senheng.com.my/uhd-tvs,Shop UHD TV And Ultra HD TVs | Instalment Payment | Exclusive Deals | Senheng,Your next TV should be bought with us! Get the best UHD TV and Ultra HD TVs with exclusive deals and Instalment Payment only on us! Look at all our offers here today!
Product Category,https://www.senheng.com.my/water-purifiers,Shop Water Purifier Here | Exclusive Deals | Low Instalments | Senheng,Browse the best water purifier brands here with the authorised reseller in Malaysia. You can enjoy exclusive deals with low instalments that are only available with us! Click here!
Product Category,https://www.senheng.com.my/speakers,Shop Wireless And Bluetooth Portable Speakers | Replacement Warranty | Senheng,Bring a wireless and Bluetooth portable speaker wherever you need it to be! Your purchase is covered by the authorised reseller in Malaysia with replacement warranties! Only here!
Product Category,https://www.senheng.com.my/yogurt-makers,Shop Yogurt Makers Here | Extra Warranties | Low Instalment | Senheng,Acquire a durable and easy to use yogurt maker here with the authorised reseller in Malaysia! Shop the full collection here and enjoy extra warranties with low instalments!
Product Category,https://www.senheng.com.my/mobile-accessories,Shop Your Needed Mobile Accessories | Authorised Reseller Malaysia | Senheng,"Mobile accessories add to your wonderful mobile using experience, and here you can find all that and more! As the authorised reseller in Malaysia, your needs are covered! Shop now!"
Product Category,https://www.senheng.com.my/gas-stoves,Shop Your Perfect Gas Stove | 0% Instalment Up To 36 Months | Senheng,"With featured options from standard table-top gas stoves to elegant tempered glass models, and practical built-in gas hobs. Shop gas stove here with 0% instalments up to 36 months!"
Product Category,https://www.senheng.com.my/showcase,Showcase Chillers (190L-280L) | 0% IPP Available | Senheng,"Discover Top Brand Showcase Chillers for Home & Commercial Use at Senheng 
Malaysia: 190L-280L Sizes. Enjoy 0% IPP Up to 36 Months & Unbeatable Deals. 
Shop Now!"
Product Category,https://www.senheng.com.my/side-by-side,Side by Side Refrigerators | Best Deals & Extended Warranty,"Shop Side by Side Fridges from Top Brands like Samsung, LG, Sharp at 
Senheng Malaysia. Large Capacities up to 750L. Energy Efficient Models. 0% 
IPP Available."
Product Category,https://www.senheng.com.my/curtain,Smart Home Curtains | Instalment Payments | Authorised Reseller Malaysia | Senheng,Home curtains are now controlled with simple commands from the phone! Shop here with Instalment Payments from the authorised reseller in Malaysia. Get it now while stocks last!
Product Category,https://www.senheng.com.my/android-phone,Switch To Latest Android Phones | Authorised Reseller in Malaysia | Senheng,"No matter if you're looking for an Android phone with the latest technology or a simple and budget-friendly phone, we have it here! Shop the authorised reseller in Malaysia today!"
Product Category,https://www.senheng.com.my/cookers,Switch To Our Best Cookers | Authorised Reseller In Malaysia | Senheng,Need a one stop website to find a suitable cooker for you? We offer cookers with warranties only available at the authorised reseller in Malaysia. Click here to find one for you!
Product Category,https://www.senheng.com.my/router,Switch To Smart Home Routers | Low Instalments | Extra Warranties | Senheng,"Upgrade your routers with smart home features here! You get low instalments with warranties on your purchase, ensuring a wonderful experience! Get it today!"
Product Category,https://www.senheng.com.my/juice-extractors,Switch To The Latest Juice Blenders | Authorised Reseller Malaysia | Senheng,Experience convenience in finding the perfect juicer that aligns with your health goals. The best juice blenders can be found here at the authorised reseller in Malaysia. Shop now!
Product Category,https://www.senheng.com.my/tablet-accessories,"Tablet Accessories - Keyboards, Pencils & Adaptors | Senheng","Shop Top Brands Like Apple, Samsung, Huawei & More for Tablet Accessories. 
Find The Best Deals on Keyboards, Pencils, Adapters & More at Senheng 
Malaysia."
Product Category,https://www.senheng.com.my/air-quality,The Best Air Quality Solutions | S-Coin Cashback & Vouchers | Senheng,"Feeling the airpocalypse blues? Breathe fresh, filtered air with our range of air purifiers, air coolers, and more. Get now to receive S-Coin cashback and vouchers up for grabs!"
Product Category,https://www.senheng.com.my/conventional,The Best Conventional Irons| 0% Instalment Plans | Senheng,Say goodbye to crumpled clothes with conventional irons. Enjoy crisp shirts and flawless fabrics. Shop now and unlock wrinkle-free confidence! Buy now with 0% instalments!
Product Category,https://www.senheng.com.my/mini-bar,The Best Mini Fridge | 1-To-1 Replacement Warranty | Exclusive Deals | Senheng,"Offering an impressive range of mini bar fridges, perfect for compact cooling solutions in Malaysia. Browse our mini fridges and get a 1-to-1 replacement warranty! Shop now!"
Product Category,https://www.senheng.com.my/trimmers,Trimmers for Men on Sale | Beard & Nose Hair Trimmers,"Shop Trimmers for Men at Senheng Malaysia. Wide Selection of Philips & 
Panasonic Beard Trimmers, Nose Trimmers & Multigroomers. Best Prices 
Online. Buy Now!"
Product Category,https://www.senheng.com.my/wine-coolers,Tuscani Wine Chillers (32-151 Bottles) | 0% IPP at Senheng,"Discover the Perfect Tuscani Wine Cooler at Senheng Malaysia: Shop 
Standalone & Built-In Models. Enjoy 0% Instalment Plans & Unbeatable Deals."
Product Category,https://www.senheng.com.my/kitchen,Upgrade To The Latest Kitchen Accessories | 0% IPP | Senheng,"Purchase the perfect kitchen gadgets, offering culinary accessories to transform your meal prep and elevate your dishes. Get it now with our 0% instalment plans from Senheng!"
Product Category,https://www.senheng.com.my/plug,Upgrade With Smart Home Accessories | Exclusive Deals | Instalment Payment | Senheng,Enjoy voice control at the convenience of wherever you are! Shop the smart home accessories featured here and enjoy payments of your preference! Take advantage of exclusive deals!
Product Category,https://www.senheng.com.my/kitchenware,Upgrade Your Kitchenware | Flexible Payment Options | Fast Delivery | Senheng,"Find Delighto, ROBAM, Tefal, and other brands when you shop here! We offer kitchenware with flexible payment methods and fast deliveries to your doorstep. Browse here today!"
Product Category,https://www.senheng.com.my/mobile-phones,Upgrade Your Smartphones | Warranties | Authorised Reseller Malaysia | Senheng,Upgrade your smartphone experience with the best technology available. Enjoy new smartphones with extra-year warranty from the authorised reseller in Malaysia. Click here!
Product Category,https://www.senheng.com.my/tv-brackets,Upgrading Setups With TV Brackets | Free Delivery | Senheng,"Check out our selection of viewing angles, space-maximizing, and safety enhancing with our high-quality and affordable TV brackets. Shop now with free delivery!"
Product Category,https://www.senheng.com.my/laundry,"Washing Machines, Dryers, Laundry Appliances | Senheng","Shop for Washing Machines, Dryers and Laundry Appliances at Senheng 
Malaysia. Top Brands like Samsung, LG, Panasonic. Front Load and Top Load. 
Order Now!"
Product Category,https://www.senheng.com.my/wash-tower,WashTower™ Combo | LG Washer Dryer | Senheng Malaysia,"Shop LG WashTower™ Washer Dryer Combos at Senheng Malaysia. 21kg/16kg & 
14kg/10kg Capacities Available. Enjoy Special Offers, S-Coin Cashback & 0% 
IPP."
Product Category,https://www.senheng.com.my/handheld-vacuum,Handheld Vacuum Cleaners - Buy Online at Senheng Malaysia,"Shop Lightweight, Slim & Cordless Handheld Vacuums from Dyson, Panasonic, 
Sharp, JIMMY & More. Get Exclusive Online Deals with Flexible Instalment 
Options."
Product Category,https://www.senheng.com.my/ipad-accessories,Order Ipad Accessories | Enjoy S Coin Cashback | Senheng,Discover a wide selection of Ipad Accessories at Senheng. Enjoy exclusive S Coin cashback at affordable prices. Buy online and pick it up from our physical stores across Malaysia.
Product Category,https://www.senheng.com.my/iphone-accessories,Order Iphone Accessories | Online Store Malaysia | Senheng,Discover a wide selection of Iphone Accessories at Senheng. Enjoy exclusive S Coin cashback at affordable prices. Buy online and pick it up from our physical stores across Malaysia.
Product Category,https://www.senheng.com.my/iron,Buy Iron | Online Store Malaysia | Senheng,Discover a wide selection of Iron at Senheng. Enjoy exclusive S Coin cashback at affordable prices. Buy online and pick it up from our physical stores across Malaysia.
Product Category,https://www.senheng.com.my/mac-accessories,Buy Mac Accessories | Online Store Malaysia | Senheng,Purchase your Mac Accessories from Senheng. Explore a variety of brands that meet your needs. Earn S Coin for cashback through the Senheng App now!
Product Category,https://www.senheng.com.my/mini-led-tvs,Purchase Mini Led Tvs | Enjoy S Coin Cashback | Senheng,"Shop high-quality Mini Led Tvs at Senheng. Experience friendly service from our support team, providing product recommendations that match your needs."
Product Category,https://www.senheng.com.my/nanocell-tvs,Explore Nanocell TVs for Home Entertainement | Senheng Online,"Buy Nanocell TVs with Senheng, the best online store in Malaysia. We have more than 100 branches across Malaysia. Buy online and get it from physical store today!"
Product Category,https://www.senheng.com.my/networking,Checkout Networking Accessories for Computers & Laptops | Senheng Malaysia,Explore more networking accessories and gadget in the largest online store in Malaysia. Senheng offer S Coin cashback with extra replacement services. WhatsApp us today!
Product Category,https://www.senheng.com.my/oral-care,Get Oral Care | Online Store Malaysia | Senheng,"Shop high-quality Oral Care at Senheng. Experience friendly service from our support team, providing product recommendations that match your needs."
Product Category,https://www.senheng.com.my/other-accessories,Get Other Accessories | Enjoy S Coin Cashback | Senheng,"Shop high-quality Other Accessories at Senheng. Experience friendly service from our support team, providing product recommendations that match your needs."
Product Category,https://www.senheng.com.my/other-tablets,Purchase Other Tablets | Enjoy S Coin Cashback | Senheng,"Shop high-quality Other Tablets at Senheng. Experience friendly service from our support team, providing product recommendations that match your needs."
Product Category,https://www.senheng.com.my/projector,Purchase Projector | Enjoy S Coin Cashback | Senheng,Purchase your Projector from Senheng. Explore a variety of brands that meet your needs. Earn S Coin for cashback through the Senheng App now!
Product Category,https://www.senheng.com.my/solar-solutions,Purchase Solar Solutions | Online Store Malaysia | Senheng,Discover a wide selection of Solar Solutions at Senheng. Enjoy exclusive S Coin cashback at affordable prices. Buy online and pick it up from our physical stores across Malaysia.
Product Category,https://www.senheng.com.my/sustainable-living,Purchase Sustainable Living | Online Store Malaysia | Senheng,Discover a wide selection of Sustainable Living at Senheng. Enjoy exclusive S Coin cashback at affordable prices. Buy online and pick it up from our physical stores across Malaysia.
Product Category,https://www.senheng.com.my/tv-accessories,Get Tv Accessories | Online Store Malaysia | Senheng,"Shop high-quality Tv Accessories at Senheng. Experience friendly service from our support team, providing product recommendations that match your needs."
Product Category,https://www.senheng.com.my/tv-accessories,Get Tv Accessories | Online Store Malaysia | Senheng,"Shop high-quality Tv Accessories at Senheng. Experience friendly service from our support team, providing product recommendations that match your needs."
Product,https://www.senheng.com.my/accessories/acebell-ironing-board-cover-18-x-45-thce0759,Shop Acebell Ironing Board Cover | Extra Warranties Here | Senheng,Get a ironing board cover that suits you to protect it from unintentional burns. We are offering additional warranties to your purchase only available here. Shop now!
Product,https://www.senheng.com.my/accessories/acebell-ironing-board-cover-18-x-50-thce0215,Purchase Acebell Ironing Board Cover With Us | Warranties Available | Senheng,An ironing board cover of 18 inch by 50 inch ensures protection against unintentional burns. Shop the different sizes and find one that suits you with warranty compliments here.
Product,https://www.senheng.com.my/accessories/acebell-ironing-board-cover-tie-18-x-45-thce8786,Get Acebell Ironing Board Cover Here | Extra Warranties | Senheng,Protect your ironing boards from unintentional burns for a long term use. Check out the covers available here with extra warranties to compliment your purchase. Shop now.
Product,https://www.senheng.com.my/accessories/belkin-4-outlets-2m-surge-protection-strip-with-2-usb-ports-bsv401sa2m,Belkin 4 Outlets 2M Surge Protection Strip USB Ports | Warranties | Senheng,"Get a 4 Outlets 2M Surge Protection Strip USB Ports from Belkin here at the authorised reseller in Malaysia. Shop accessories here, and enjoy the best deals and benefits today."
Product,https://www.senheng.com.my/accessories/cento-25-43-full-motion-mount-lcdm2543,Purchase Cento 25 inch - 43 inch Full Motion Mount | Extra Warranties Senheng,In need of a TV bracket with warranty coverage? Browse it here with the authorised reseller in Malaysia for the best deals and service. Shop now while stocks last.
Product,https://www.senheng.com.my/accessories/cento-30-46-full-motion-wall-lcdm4055,Shop Cento 30 inch - 46 inch Full Motion Wall | Extra Warranties | Senheng,Get Cento 30 inch - 46 inch Full Motion Wall here at the authorised reseller in Malaysia and enjoy warranties and a plethora of payment options. Shop TV brackets here!
Product,https://www.senheng.com.my/accessories/cento-40-60-wall-bracket-plcd-plb101b,Cento 40 Inch-60 Inch Wall Bracket | Extra Warranties | Instalment Payment  | Senheng,"Get yourself a Cento 40""-60"" Wall Bracket here at the authorised reseller in Malaysia and enjoy exclusive deals and services. Click here to shop TV brackets at Senheng."
Product,https://www.senheng.com.my/accessories/cento-bracket-wall-mount-fixed-brk-lcd7090,Purchase Cento Bracket Wall Mount - Fixed BRK | Instalment Payment | Senheng,Shop the Cento Bracket Wall Mount - Fixed BRK here at the authorised reseller in Malaysia to unlock exclusive deals and services. Click here to shop TV brackets with Senheng.
Product,https://www.senheng.com.my/accessories/cento-speaker-bracket-wall-mount-specialty-sw810,Buy Cento Speaker Bracket Wall Mount | Extra Warranties | Senheng,The Cento Speaker Bracket Wall Mount is now available at the authorised reseller in Malaysia with exclusive deals and warranty coverages. Get it today with the best deals here!
Product,https://www.senheng.com.my/accessories/cento-tv-stand-bracket-with-wheels-vmst04,Shop Cento TV Stand Bracket With Wheels | Extra Warranties | Senheng,Get a Cento TV Stand Bracket With Wheels here at the authorised reseller in Malaysia with exclusive deals and warranty coverages. Click here to shop while stocks last.
Product,https://www.senheng.com.my/air-quality/acerpure-cool-c2-ac551-50w-2-in-1-air-purifier-white,Purchase Acerpure Cool 2-in-1 Air Purifier | S-Coin Cashback | Senheng,Filter out invisible particles that may damage your body with the Acerpure Cool C2-AC551-50W 2-in-1 Air Purifier. Shop here to enjoy s-coin cashback and many more benefits!
Product,https://www.senheng.com.my/air-quality/acerpure-cool-c3-ac333-10w-2-in-1-air-purifier,Shop Acerpure Cool 2-in-1 Air Purifier | Warranties | S-Coin Cashback | Senheng,Embrace every season together with the Acerpure Cool C3 AC333-10W 2-in-1 Air Purifier. Get yours today with exclusive deals and benefits when you shop here with Senheng. Buy now!
Product,https://www.senheng.com.my/air-quality/acerpure-cozy-f2-af773-20p-air-circulator,Buy Acerpure Cozy Air Circulator | Buy Online Pick Up In Store | Senheng,"Enjoy comfort and versatility with the Acerpure Cozy F2-AF773-20P Air Circulator, available here at the authorised reseller in Malaysia. Click here to shop with deals!"
Product,https://www.senheng.com.my/air-quality/acerpure-cozy-sf1-af374-20k-dc-stand-fan-black,Get Acerpure Cozy SF1 AF374-20K DC Stand Fan | S-Coin Cashback | Senheng,"Easy to control for a chilling environment, the Acerpure Cozy SF1 AF374-20K DC Stand Fan is a perfect choice for you, and it comes with exclusive deals! Shop here!"
Product,https://www.senheng.com.my/air-quality/acerpure-pro-p2-ap551-50w-air-purifier,Purchase Acerpure Pro Air Purifier | S-Coin Cashback | Senheng,Take a deep breath of fresh air with the Acerpure Pro P2-AP551-50W Air Purifier. Get the model and fliter invisible particles with ease. Click here to shop Senheng!
Product,https://www.senheng.com.my/air-quality/alpha-cosa-56-inch-5-blades-dc-motor-ceiling-fan-cx10-5b-56,Buy Alpha COSA 56-inch 5 Blades DC Motor Ceiling Fan | S-Coin Cashback | Senheng,Get the Alpha COSA 56-inch 5 Blades DC Motor Ceiling Fan here today and enjoy the best deals and offers from the authorised reseller in Malaysia! Get yours by clicking here!
Product,https://www.senheng.com.my/air-quality/alpha-motto-wall-fan-alp-wallfan60-bk,Buy Alpha Motto Wall Fan | S-Coin Cashback | Instalment Payment | Senheng,Experience the cool breeze from Alpha Motto Wall Fan when you purchase here at the Authorised Reseller in Malaysia! Shop now and enjoy the best deals and services.
Product,https://www.senheng.com.my/air-quality/daikin-inverter-ftku-series-r32-wall-mounted-air-conditioner,Daikin Inverter FTKU Series R32 Wall Mounted Air Conditioner | 0% IPP | Senheng,Cool air that keeps you feeling good during hot weathers. The Daikin Inverter FTKU Series R32 Wall Mounted Air Conditioner is available here with low instalment! Shop now.
Product,https://www.senheng.com.my/air-quality/daikin-non-inverter-r32-single-split-air-conditioner-ftv-series,Daikin Non-Inverter R32 Single Split Air Conditioner | 0% IPP | Senheng,Get the Daikin Non-Inverter R32 Single Split Air Conditioner FTV Series and enjoy cool winds to combat the hot temperature. Shop here for the best deals with Senheng
Product,https://www.senheng.com.my/air-quality/dyson-purifier-big-quiet-formaldehyde-bright-nickel-prussian-blue,Buy Dyson Purifier Big And Quiet Formaldehyde | Instalment Payment | 0% IPP | Senheng,Take a deep breath of fresh air with the Dyson Purifier Big And Quiet Formaldehyde! Its available here at exclusive prices and more coverages. Shop the air purifier here!
Product,https://www.senheng.com.my/air-quality/dyson-purifier-cool-formaldehyde-tp09-air-purifier-white-gold,Purchase Dyson Purifier Cool Formaldehyde TP09 | 0% IPP | Warranties | Senheng,Smart Technologies that ensure you breath the fresh air! Shop the Dyson Purifier Cool Formaldehyde TP09 with additional warranties and 0% IPP! Shop air purifiers here.
Product,https://www.senheng.com.my/air-quality/dyson-purifier-cool-gen1-tp10-white-air-purifier-dsn-tp10wh,Shop Dyson Purifier Cool Gen1 TP10 | Low Instalments | 0% IPP | Senheng,Capture and trap pollutants with ease through the Dyson Purifier Cool Gen1 TP10 Air Purifier! The product is available here with low instalments and warranty coverages! Shop now.
Product,https://www.senheng.com.my/air-quality/elba-16-inch-stand-fan-esf-j1656-bk,Shop Elba 16-inch Stand Fan | Instalment Payment | Warranties | Senheng,"Get the Elba 16-inch Stand Fan here with the authorised reseller in Malaysia, offering you the best deals with wide ranges of payment methods! Shop now and get warranty coverages."
Product,https://www.senheng.com.my/air-quality/elba-16-inch-table-fan-etf-g1620-gr,Buy Elba 16-inch Table Fan | Exclusive Deals | Warranties | Senheng,Get a stand fan that helps you combat the hot weathers of Malaysia! The Elba 16-inch Table Fan is available here with exclusive deals and warranties. Shop now while stocks last.
Product,https://www.senheng.com.my/air-quality/haier-1-0hp-inverter-air-conditioner-hai-hsu10vqd23,Haier 1.0HP Inverter Air Conditioner | Extra Warranties | 0% IPP | Senheng,"Get an air conditioner to combat hot weathers of Malaysia! We recommend to you the Haier 1.0HP Inverter Air Conditioner, available here with exclusive deals and perks. Shop now."
Product,https://www.senheng.com.my/air-quality/haier-1-0hp-inverter-air-conditioner-hai-hsu10vra22,Haier 1.0HP Inverter Air Conditioner HAI-HSU10VRA22 | Low Instalment | Senheng,"Shopping for a new air conditioner? Click here to shop Haier 1.0HP Inverter Air Conditioner HAI-HSU10VRA22, packed with smart clean-cold expansion technology that caters to you!"
Product,https://www.senheng.com.my/air-quality/haier-1-0hp-r32-uv-ray-inverter-air-conditioner-with-smart-clean-feature-hsu10vqc22,Buy Haier 1.0HP R32 UV Ray Inverter Air Conditioner | Extra Warranties | Senheng,An air conditioner with smart cleaning features and UVC streilization that eliminates germs that pass by. Shop Haier 1.0HP R32 UV Ray Inverter Air Conditioner with amazing deals.
Product,https://www.senheng.com.my/air-quality/haier-1-5hp-uv-r32-ray-inverter-air-conditioner-uvc-sterilization-smart-clean-triple-strong-airflow-hsu-13vqc22,Haier 1.5HP UV R32 Ray Inverter Air Conditioner | Extra Warranties | Senheng,The Haier 1.5HP UV R32 Ray Inverter Air Conditioner comes with many amazing features that includes a triple strong airflow. Shop now and enjoy the cool breeze with awesome deals.
Product,https://www.senheng.com.my/air-quality/haier-air-conditioner-2-5hp-inverter-series-hai-hsu25vra22,Haier Air Conditioner 2.5HP Inverter Series | 0% IPP | Warranties | Senheng,Switch to a UVC sterilzation air conditioner to combat the weathers of Malaysia! Shop the Haier Air Conditioner 2.5HP Inverter Series here with Senheng for all the best deals!
Product,https://www.senheng.com.my/air-quality/hisense-1-0hp-non-inverter-air-conditioner-an09cagsh,Hisense 1.0HP Non-Inverter Air Conditioner | Instalment Payment | Warranties | Senheng,"Searching for a new air conditioner? Hisense 1.0HP Non-Inverter Air Conditioner is the ideal choice for you, and its available here with warranties. Shop now with Senheng."
Product,https://www.senheng.com.my/air-quality/hisense-1-0hp-r32-inverter-air-conditioner-tu-hse-ai10tugs,Hisense 1.0HP R32 Inverter Air Conditioner | 0% IPP | Low Instalment | Senheng,An air conditioner that helps you combat hot weathers. The Hisense 1.0HP R32 Inverter Air Conditioner is available here with Senheng. Shop now to enjoy low instalments.
Product,https://www.senheng.com.my/air-quality/hisense-1-5hp-non-inverter-air-conditioner-an13dkg,Hisense 1.5HP Non-Inverter Air Conditioner | Instalment Payment | Warranties | Senheng,Combat the hot temperatures in Malaysia with the Hisense 1.5HP Non-Inverter Air Conditioner. Click here to shop the best appliances with amazing deals! Shop while stocks last.
Product,https://www.senheng.com.my/air-quality/hisense-1-5hp-portable-air-conditioner-with-auto-evaporative-system-ap12nxg,Hisense 1.5HP Portable Air Conditioner | 0% IPP | Low Instalment | Senheng,"It could be a fan, humidifier, or an air conditioner! Follow your choice with the Hisense 1.5HP Portable Air Conditioner with Auto Evaporative System. Shop here for the best deals."
Product,https://www.senheng.com.my/air-quality/houm-12-inch-metal-stand-fan-hou-x12,Houm 12-inch Metal Stand Fan | Instalment Payment | Extra Warranties | Senheng,"Shop for all your needs here at the largest online appliance store! Click here to browse our featured Houm 12-inch Metal Stand Fan HOU-X12, available with warranty coverages."
Product,https://www.senheng.com.my/air-quality/jisulife-36000-mah-life9-handheld-fan-mixed-colour-jsl-life9-36,JISULIFE 36000 mAh Life9 Handheld Fan JSL-LIFE9-36 | Warranties | Senheng,Easy to use with a one button control! Jisulife 36000 mAh Life9 Handheld Fan (Mixed Colour) JSL-LIFE9-36 is available here with Senheng at the best prices! Shop here!
Product,https://www.senheng.com.my/air-quality/jisulife-8000mah-fa13r-oscillating-clip-on-desk-fan,JISULIFE 8000mAh FA13R Oscillating Clip-on Desk Fan | Extra Warranties | Senheng,JISULIFE FA13R Clip On Oscillating Fan fits into any room corner without taking up too much space. Shop the best deals here with Senheng and enjoy additional warranties! Shop now.
Product,https://www.senheng.com.my/air-quality/jisulife-fa13p-5-speed-oscillating-extendable-desk-fan,JISULIFE FA13P 5-Speed Oscillating Extendable Desk Fan | Warranties | Senheng,"Long battery life with 5 speed control, JISULIFE FA13P 5-Speed Oscillating Extendable Desk Fan gives amazing features and cool breeze. Click here to shop with additional warranty!"
Product,https://www.senheng.com.my/air-quality/kdk-60-inch-3-blades-ceiling-fan-k15w0-sl,KDK 60-inch 3-Blades Ceiling Fan K15W0-SL | 5% S-Coin Cashback | Senheng,"A cool environment is what you need, and KDK 60-inch 3-Blades Ceiling Fan K15W0-SL provides that! Shop the ceiling fan here with Senheng and enjoy 5% S-Coin Cashback!"
Product,https://www.senheng.com.my/air-quality/kdk-sensa-4-56-inch-9-speed-ceiling-fan-k14zw,KDK SENSA 4 56-inch 9-Speed Ceiling Fan K14ZW | 5% S-Coin Cashback | Senheng,9-Speed Ceiling Fan that helps combat the hot weathers of Malaysia! Click to learn more and puchase KDK SENSA 4 56-inch 9-Speed Ceiling Fan K14ZW! Shop now and enjoy cashbacks!
Product,https://www.senheng.com.my/air-quality/khind-14-inch-3-speed-antique-stand-fan-sf141,Khind 14-inch 3-Speed Antique Stand Fan SF141 | 10% S-Coin Cashback | Senheng,"Built-In Safety Thermal Fuse 3 Speed Setting By Rotary Switch, giving ease of fan speed control. Shop Khind 14-inch 3-Speed Antique Stand Fan SF141 here and enjoy Cashback!"
Product,https://www.senheng.com.my/air-quality/midea-1-0hp-air-conditioner-inverter-r32-msxs-10crdn8,Midea 1.0HP Air Conditioner Inverter R32 | 0% IPP | Extra Warranties | Senheng,Flash cooling performance to combat the hot weather! Click here to shop Midea 1.0HP Air Conditioner Inverter R32! All the best deals and services when you purchase with Senheng!
Product,https://www.senheng.com.my/audio/airpods-max,Shop Apple AirPods Max Here | 0% IPP | Instalment Payment | Senheng,Your all-new audio experience awaits you! Purchase the Apple AirPods Max here with Senheng and enjoy the best benefits to complement your products! Shop here today!
Product,https://www.senheng.com.my/audio/apple-homepod,Purchase The Apple HomePod | Low Instalment | Instalment Payment | Senheng,"Groundbreaking, premium, and sensational audio quality can be yours with the Apple HomePod, available at the authorised reseller in Malaysia! Shop Apple accessories here!"
Product,https://www.senheng.com.my/audio/apple-homepod-mini,Get the Apple HomePod Mini | Instalment Payments | Senheng,The HomePod mini speaker lets family members communicate using Intercom and make a connected sound system. Get one from an Authorised Reseller in Malaysia. Buy now!
Product,https://www.senheng.com.my/audio/haier-120w-powerful-soundbar-with-7-speaker-bluetooth-hsd3a040b,Haier 120w Powerful Soundbar with 7 Speaker Bluetooth | 0% IPP | Senheng,Amazing sound quality is what all entertainments need! Click here to shop the Haier 120w Powerful Soundbar with 7 Speaker Bluetooth with Senheng and enjoy exclusive deals!
Product,https://www.senheng.com.my/audio/lg-s95tr-810w-9-1-5ch-high-res-audio-soundbar-with-dolby-atmos,LG S95TR 810W 9.1.5ch High Res Audio Soundbar | 15% S-Coin Cashback | Senheng,"Enjoy the immersive experience with Dolby Atmos's clear, realistic, and spatial theater-worthy sound. Click to shop LG S95TR 810W 9.1.5ch High Res Audio soundbar with cashback!"
Product,https://www.senheng.com.my/beverage-preparation/delonghi-dinamica-fully-automatic-coffee-machine-ecam350-15-b,Shop DeLonghi Dinamica Fully Automatic Coffee Machine | Instalment Payment | Senheng,Get a good cup of coffee to start your day! Shop the DeLonghi Dinamica Fully Automatic Coffee Machine here and enjoy additional year warranties for your purchase! Shop now!
Product,https://www.senheng.com.my/beverage-preparation/elba-1-7l-glass-jug-electric-kettle-ejkf1723gbk,Buy Elba 1.7L Glass Jug Electric Kettle | Instalment Payment | Senheng,Looking for good deals on electric kettles? Check out the Elba 1.7L Glass Jug Electric Kettle here with additional warranties and amazing prices. Shop now while stocks last.
Product,https://www.senheng.com.my/beverage-preparation/faber-400w-2-speed-control-juice-extractor-fje9480,Buy Faber 400W 2-Speed Control Juice Extractor | Extra Warranties | Senheng,"Make all your favourite juices with the Faber 400W 2-Speed Control Juice Extractor, amazing features for a refreshing drink! Shop it here with Senheng and enjoy warranty coverages."
Product,https://www.senheng.com.my/cleaning-solutions/astonish-1l-specialist-floor-cleaner-lavender-blossom-ast-c6110pe,Astonish 1L Specialist Floor Cleaner Lavender Blossom | Instalment Payment | Senheng,"Give your floor a instant shine with the right cleaning solution, Astonish 1L Specialist Floor Cleaner Lavender Blossom, available here at Senheng. Click here to shop."
Product,https://www.senheng.com.my/cleaning-solutions/astonish-premium-edition-stainless-steel-shine-cleaner-ast-c6920pe,Astonish Premium Edition Stainless Steel & Shine Cleaner | Cheap Deals | Senheng,Get yourself the Astonish Premium Edition Stainless Steel & Shine Cleaner for an easy cleaning process. The best cleaning solutions are available here with amazing deals.
Product,https://www.senheng.com.my/cleaning-solutions/astonish-premium-pack-pro1-ast-pro1-5738,Purchase Astonish Premium Pack Pro1 | Instalment Payment | Senheng,"A specialist for cleaning solutions, the Astonish Premium Pack Pro1 has all you need for a good clean. Shop with Senheng to get the best deals. Shop now while stocks last."
Product,https://www.senheng.com.my/cleaning-solutions/cento-ceiling-fan-duster-ct-dust3605,Buy Cento Ceiling Fan Duster | Instalment Payment | Exclusive Deals | Senheng,"Give your fan a good clean with the Cento Ceiling Fan Duster, available here at the authorised reseller in Malaysia. Shop the best cleaning accessories here with Senheng!"
Product,https://www.senheng.com.my/cookers/cornell-1-6l-multicooker-cor-cmce160ss,Purchase Cornell 1.6L Multicooker | S-Coin Cashback | Extra Warranties | Senheng,"Enjoy ease of cooking with the Cornell 1.6L Multicooker, available here with exclusive deals and amazing coverages! Enjoy the best deals while stocks last here."
Product,https://www.senheng.com.my/cookers/khind-1l-anshin-jar-rice-cooker-with-smart-switch-rc110mpw,Khind 1L Anshin Jar Rice Cooker with Smart Switch | S-Coin Cashback | Senheng,The Khind 1L Anshin Jar Rice Cooker with Smart Switch RC110MPW is the ideal rice cooker for all homes and businesses! Click here to shop the model and enjoy cashback rewards!
Product,https://www.senheng.com.my/cookers/khind-4l-8-in-1-electric-multi-cooker-mc388,Get Khind 4L 8 in 1 Electric Multi Cooker MC388 | 15% S-Coin Cashback | Senheng,An 8-in-1 multi cooker provides ease and enjoyment of cooking! Check out Khind 4L 8 in 1 Electric Multi Cooker MC388 here at Senheng and enjoy S-Coin Cashback for your purchase!
Product,https://www.senheng.com.my/cooking/cornell-double-burner-glass-stove-cgs-g122,Buy Cornell Double Burner Glass Stove | Extra Warranties | Senheng,Get a Double Burner Glass Stove from Cornell for your kitchen today. The best deals and services are here with Senheng. Shop now while stocks last and enjoy warranty coverages.
Product,https://www.senheng.com.my/cooking/elba-10l-food-steamer-3-detachable-layers-efs-m1038-ss,Shop Elba 10L Food Steamer 3 Detachable Layers | Exclusive Deals | Senheng,Stackable steaming basket is a must for your convenient cooking! Shop Elba 10L Food Steamer 3 Detachable Layers here with Senheng and get exclusive deals! Order now!
Product,https://www.senheng.com.my/cooking/faber-1800w-built-in-ceramic-induction-cooker-fic3100c,Buy Faber 1800W Built In Ceramic Plus Induction Cooker | Warranties | Senheng,Install a Faber 1800W Built-in Ceramic + Induction Cooker as you purchase with extra warranties and exclusive discount here with Senheng. Shop the amazing deals while stocks last.
Product,https://www.senheng.com.my/cooking/faber-ceramic-induction-cooker-multifunction-portable-electric-fcc-xera-mf30,Faber Ceramic Induction Cooker Multifunction Portable | Warranty | Senheng,The Faber Ceramic Induction Cooker Multifunction Portable Electric is here with the authorised reseller in Malaysia! Click here to shop the amazing deals and warranties!
Product,https://www.senheng.com.my/cooking/faber-fch3c-69bk-build-in-ceramic-hob,Buy Faber FCH3C/69BK Build-In Ceramic Hob | Instalment Payment | Senheng,"Build your ideal kitchen with the right kitchen appliances! The Faber FCH3C/69BK Build-In Ceramic Hob is a must get, and its available here with amazing deals. Click here."
Product,https://www.senheng.com.my/cooking/khind-2000w-6-in-1-functions-induction-cooker-with-infrared-heating-feature-irc2000,Khind 2000W 6-in-1 Functions Induction Cooker | 16% S-Coin Cashback | Senheng,Complete your kitchen with the Khind 2000W 6-in-1 Functions Induction Cooker with Infrared Heating feature IRC2000! Shop here and enjoy up to 15% S-Coin Cashback!
Product,https://www.senheng.com.my/desktops/apple-imac-2023-24-inch-4-5k-retina-display-m3-chip-apple-m3-chip-with-8gb-unified-memory-8-core-cpu-and-10-core-gpu-256gb-ssd,Apple iMac 2023 | Low Instalment | Extra Warranties | Senheng,"Get your task done with a big and functional desktop, all with the Apple iMac 2023! It is available for purchase here with the best deals and coverages! Shop here."
Product,https://www.senheng.com.my/desktops/apple-imac-2023-24-inch-4-5k-retina-display-m3-chip-apple-m3-chip-with-8gb-unified-memory-8-core-cpu-and-8-core-gpu-256gb-ssd,Shop The Apple iMac 2023 With Us | 0% IPP | Extra Warranties | Senheng,The iMac 2023 is sure to bring convenience in your daily tasks. Get the best desktop here with the authorised reseller in Malaysia with the best deals and services. Shop here.
Product,https://www.senheng.com.my/desktops/apple-imac-2024-24-inch-4-5k-retina-display-m4-chip-16gb-256gb-ssd-two-thunderbolt-port,Shop Apple iMac 2024 Here | Low Instalment | Extra Warranties | Senheng,"The ultimate all-in-one desktop, the iMac 2024. Supercharged by the M4 chip, browsing and multitasking across apps feels snappier. Click here to shop the best iMac deals."
Product,https://www.senheng.com.my/desktops/apple-imac-2024-24-inch-4-5k-retina-display-m4-chip-four-thunderbolt-port,Buy Apple iMac 2024 Four Thunderbolt Port | 0% IPP | Instalment Payment | Senheng,"A desktop that gives you supercharged performance and an aesthetic design for all spaces, thats the iMac 2024. Check out the model here and buy with the best deals. Shop now."
Product,https://www.senheng.com.my/desktops/apple-imac-2024-24-inch-4-5k-retina-display-m4-chip-silver-16gb-256gb-ssd-with-nano-texture-glass,"Purchase Apple iMac 2024 Silver - 16GB, 256GB | 0% IPP | Warranties | Senheng","iMac is brilliant desktop for work and play. Get things done with the desktop, available at the authorised reseller in Malaysia with the best deals and services. Shop here."
Product,https://www.senheng.com.my/food-preparation/cornell-3-0l-250ml-stand-mixer-with-5-speed-with-turbo-function-csme9008sswh,Shop Cornell 3.0L 250ml Stand Mixer with 5-Speed | S-Coin Cashback | Senheng,"Cook anything you want with the Cornell 3.0L 250ml Stand Mixer with 5-Speed, here at the authorised reseller in Malaysia. Shop now and enjoy S-Coin cashbacks with warranties."
Product,https://www.senheng.com.my/food-preparation/kenwood-400w-1-4l-food-processor-with-full-safety-interlock-fp120,Kenwood 400W 1.4L Food Processor | 5% S-Coin Cashback | Warranties | Senheng,Shopping for food processors? Click here to check out the Kenwood 400W 1.4L Food Processor with Full Safety Interlock FP120 here and enjoy cashbacks and warranties! Shop now!
Product,https://www.senheng.com.my/hair-dryers/acerpure-beauty-hd1-hd364-10w-ionic-hair-dryer-pearl-white,Purchase Acerpure Beauty HD1 | S-Coin Cashback | Instalment Payment | Senheng,"Be confident with every blow, the Acerpure Beauty HD1 gives everyone smooth and silky hair easily! The best deals are waiting, click here to purchase and earn s-coin cashback!"
Product,https://www.senheng.com.my/hair-stylers/acerpure-beauty-hd2-ds744-10w-ionic-hair-dryer-and-styler-satin-white,Get Acerpure Beauty HD2 Here | S-Coin Cashback | Exclusive Deals | Senheng,Ready for a glow up? the Acerpure Beauty HD2 is available and ready to make you look stunning! Get it here and enjoy the exclusive deals and benefits! Shop now!
Product,https://www.senheng.com.my/hair-stylers/dyson-airwrap-i-d-multi-styler-and-dryer-straight-wavy-in-ceramic-patina-and-topaz,Dyson Airwrap i.d.™ Multi-styler and Dryer Straight+Wavy | 0% IPP | Senheng,"Style with confidence! The Dyson Airwrap i.d.™ Multi-styler and Dryer Straight+Wavy promises amazing hair for you, and its available here with Senheng at amazing deals! Shop here."
Product,https://www.senheng.com.my/iron/hamilton-beach-spray-dry-iron-anti-calcium-system-hbb-14300b-i,Buy Hamilton Beach Spray & Dry Iron Anti-Calcium System | Warranties | Senheng,"Looking to get a dry iron? Click here to check out the Hamilton Beach Spray & Dry Iron Anti-Calcium System, available with additional coverages! Shop with Senheng today!"
Product,https://www.senheng.com.my/kitchenware/cento-ecocen-4-in-1-glasslock-food-container-ct-ecogs341foc2,Buy Cento Ecocen 4 in 1 Glasslock Food Container | Instalment Payment | Senheng,Shop Cento Ecocen 4 in 1 Glasslock Food Container and get the best deals at the authorised reseller in Malaysia! Click here to shop with your preferred payment method!
Product,https://www.senheng.com.my/kitchenware/cento-ecocen-glass-storage-ct-ecogs231rec,Purchase Cento Ecocen Glass Storage | Instalment Payment | Senheng,Get yourself the Cento Ecocen Glass Storage here at the authorised reseller in Malaysia and enjoy the best deals and services. Click here to shop the best containers.
Product,https://www.senheng.com.my/kitchenware/delighto-20cm-rossy-series-stainless-steel-sauce-pan-dlt-3004,Delighto 20cm Rossy Series Stainless Steel Sauce Pan | Warranties | Senheng,Purchase the Delighto 20cm Rossy Series Stainless Steel Sauce Pan here with exclusive deals and warranty coverages here at the authorised reseller in Malaysia. Click here to shop.
Product,https://www.senheng.com.my/kitchenware/delighto-22cm-cast-iron-casserole-soup-pot,Shop Delighto 22cm Cast Iron Casserole Soup Pot | Extra Warranties | Senheng,"Add a soup pot to your cooking utensils with the Delighto 22cm Cast Iron Casserole Soup Pot, available here at Senheng with warranty coverages. Shop now and enjoy exclusive deals."
Product,https://www.senheng.com.my/kitchenware/delighto-24cm-cast-iron-casserole-soup-pot-dlt-2002-or,Buy Delighto 24cm Cast Iron Casserole Soup Pot  | Extra Warranties | Senheng,Delighto 24cm Cast Iron Casserole Soup Pot is a perfect addition to your cooking staples. Click here to check out the product at Senheng with exclusive deals! Shop now.
Product,https://www.senheng.com.my/kitchenware/delighto-24cm-low-casserole-yellow-dlt-1011-y,Purchase Delighto 24cm Low Casserole Yellow | Authorised Seller | Senheng,Get the Delighto 24cm Low Casserole Yellow soup pot here at the authorised reseller in Malaysia with extra warranty coverages. Shop now and enjoy top-tier cooking utensils.
Product,https://www.senheng.com.my/kitchenware/delighto-28cm-frying-pan-dlt-3012,Shop Delighto 28cm Frying Pan | Extra Warranties | Instalment Payment | Senheng,A non-stick frying pan is what everyone needs for the perfect cook. Click here to shop the Delighto 28cm Frying Pan with warranty coverages today. Click here to shop.
Product,https://www.senheng.com.my/kitchenware/delighto-28cm-soup-pot-dlt-1006-r,Purchase Delighto 28cm Soup Pot | Instalment Payment | Warranties | Senheng,"Enjoy cooking your favourite menu items with the 28cm Soup Pot, available at the authorised reseller in Malaysia with exclusive deals and services. Shop now and start cooking."
Product,https://www.senheng.com.my/kitchenware/delighto-28cm-soup-pot-yellow-dlt-1006-y,Shop Delighto 28cm Soup Pot Yellow | S-Coin Cashback | Instalment Payment | Senheng,Purchase the Delighto 28cm Soup Pot Yellow here at Senheng and enjoy S-Coin cashback for your next purchase. Shop here to enjoy the best deals and services today. Shop now.
Product,https://www.senheng.com.my/kitchenware/delighto-5-5l-rossy-series-stainless-steel-soup-pot-3001-24cm,Buy Delighto 5.5L Rossy Series Stainless Steel Soup Pot | Warranties | Senheng,Get a certified cooking equipment in Delighto 5.5L Rossy Series Stainless Steel Soup Pot here with Senheng and enjoy extra warranty coverages. Shop now while stocks last.
Product,https://www.senheng.com.my/kitchenware/delighto-casserole-french-soup-pot-dlt-1006-b,Purchase Delighto Casserole French Soup Pot | S-Coin Cashback | Senheng,Get a certified cooking equipment in Delighto Casserole French Soup Pot here with Senheng and enjoy extra warranty coverages. Shop Senheng for the best deals and services today!
Product,https://www.senheng.com.my/kitchenware/delighto-cast-iron-oval-casserole-soup-pot-dlt-2003,Shop Delighto Cast Iron Oval Casserole Soup Pot | S-Coin Cashback | Senheng,Shop for a certified cooking soup pot that ensures safe and delicious cooking! Get Delighto Cast Iron Oval Casserole Soup Pot here with Senheng! Shop with amazing deals.
Product,https://www.senheng.com.my/kitchenware/delighto-macaron-series-die-cast-aluminium-16cm-sauce-pot-pink-yellow-dlt-1010-lemon-meringue,Delighto Macaron Series Die Cast Aluminium 16cm Sauce Pot | Warranties | Senheng,Get a sauce pot in your favourite colour! The Delighto Macaron series Die Cast Aluminium 16cm Sauce Pot comes in pink and yellow that looks stunning. Click here to shop!
Product,https://www.senheng.com.my/kitchenware/delighto-macaron-series-die-cast-aluminium-24cm-frying-pan-pink-yellow-dlt-1014-sweet-pink,Delighto Macaron Series Die Cast Aluminium 24cm Frying Pan | Warranties | Senheng,"Get the Delighto Macaron series Die Cast Aluminium 24cm Frying Pan, and cook all your delicious delicacies! Shop now and enjoy additional warranties. Click here."
Product,https://www.senheng.com.my/kitchenware/delighto-macaron-series-die-cast-aluminium-24cm-frying-pan-yellow,Delighto Macaron Series Die Cast Aluminium 24cm Frying Pan | Warranties | Senheng,Enjoy cooking tasty dishes with the Delighto Macaron series Die Cast Aluminium 24cm Frying Pan. Get yours with additional warranties and discounts! Shop while stocks last!
Product,https://www.senheng.com.my/kitchenware/delighto-macaron-series-die-cast-aluminium-24cm-low-casserole-pink,Delighto Macaron Series Die Cast Aluminium Pink | Instalment Payment | Senheng,Shop the Delighto Macaron series Die Cast Aluminium 24cm Low Casserole in pink and start cooking your desired cuisine! Shop here for amazing deals and benefits.
Product,https://www.senheng.com.my/kitchenware/delighto-mommy-pot-26cm-soup-pot-dlt-2004-u,Delighto Mommy Pot 26cm Soup Pot | Extra Warranties | Instalment Payment | Senheng,Find a certified soup pot that allows you to cook delicious meals safely! Shop the Delighto Mommy Pot 26cm Soup Pot here with Senheng and enjoy amazing deals. Click here.
Product,https://www.senheng.com.my/laptops/acer-aspire-lite-16-al16-52p-59pp-light-silver-intel-core-i5-1334u,Shop Acer Aspire Lite 16 | Buy Online Pick Up In Store | Warranties | Senheng,The Aspire Lite 16 is the perfect laptop for all kinds of occassion! Get the model here and enjoy extra warranties and other benefits. Click here to shop with Senheng!
Product,https://www.senheng.com.my/laptops/acer-nitro-v-15-anv15-51-54aa-15-6-fhd-144hz-laptop-i5-13420h-16gb-512gb-ssd-rtx2050-4gb-w11-hs,Get The Acer Nitro V 15 ANV With Us | Extra Warranties | 0% IPP | Senheng,Acer Nitro V 15 is the dream gaming laptop for all gaming lovers. Enjoy the thrill that comes with additional warranties and 0% IPP upon payment. Shop here today.
Product,https://www.senheng.com.my/laptops/apple-13-inch-macbook-air-m1-chip-with-8-core-cpu-and-7-core-gpu,Get the Apple MacBook Air M1 2020 and Enjoy 18 Hr Battery! | Senheng,"MacBook Air, still perfectly portable, just more powerful. Enjoy various payment methods and warranties on your purchases with the largest home appliances online store! Buy Now!"
Product,https://www.senheng.com.my/laptops/apple-macbook-air-m3-13-inch-m3-chip-256gb-512gb-2024,Grab the Latest Apple MacBook Air M3 2024 and Enjoy Cashback Prizes | Senheng,Take the MacBook Air M3 2024 and blaze through all your daily tasks! The model could be yours with extra 8% S-Coin cashback and warranties. Click here to enjoy the amazing offer!
Product,https://www.senheng.com.my/laptops/apple-macbook-pro-14-inch-m3-pro-m3-max-2023-m3-max-chip-with-36gb-unified-memory-14-core-cpu-and-30-core-gpu-1tb-ssd,Shop Apple MacBook Pro M3 Max Chip | Low Instalment | Warranties | Senheng,A laptop packed with supercharged performance. Get yourself the Apple MacBook Pro M3 Chip here with the best deals and services. Shop now to enjoy low instalments and warranties!
Product,https://www.senheng.com.my/laptops/apple-macbook-pro-14-inch-m3-pro-m3-max-2023-m3-pro-chip-with-18gb-unified-memory-12-core-cpu-and-18-core-gpu-1tb-ssd,Own an Apple MacBook Pro 2023 with Exclusive Vouchers From Us! | Senheng,"Fully compatible with responsive unified memory, the Apple Macbook Pro 2023 is a laptop with no equals. Purchase with the payment method of your liking with us! Click here."
Product,https://www.senheng.com.my/laptops/apple-macbook-pro-14-inch-m4-m4-pro-m4-max-2024-m4-chip,Shop Apple MacBook Pro M4 Chip | 0% IPP | Extra Warranties | Senheng,The 14-inch MacBook Pro with M4 chip gives you spectacular performance in a powerhouse laptop. Interested? Check out the model with the best deals here today! Shop now.
Product,https://www.senheng.com.my/laptops/apple-macbook-pro-16-inch-m3-pro-m3-max-2023-apple-m3-max-chip-with-36gb-unified-memory-14-core-cpu-and-30-core-gpu-1tb-ssd,"Apple MacBook Pro 16-Inch M3 Pro, M3 Max, 2023 | Instalment Payment | 0% IPP | Senheng",The MacBook Pro M3 is the ideal model for all who seek powerful performance to combat daily tasks. Check out the laptop here with additional warranties and low instalments.
Product,https://www.senheng.com.my/laptops/apple-macbook-pro-16-inch-m3-pro-m3-max-2023-apple-m3-max-chip-with-48gb-unified-memory-16-core-cpu-and-40-core-gpu-1tb-ssd,Shop Apple MacBook Pro with Low Instalments and Exclusive Vouchers! | Senheng,Better performance and capability for the most extreme workflows— Apple MacBook Pro in M3 Pro and M3 Max. Get yours with low-instalment plans and attractive services. Shop Now!
Product,https://www.senheng.com.my/laptops/apple-macbook-pro-16-inch-m3-pro-m3-max-2023-apple-m3-pro-chip-with-18gb-unified-memory-11-core-cpu-and-14-core-gpu-512gb-ssd,Buy Apple MacBook Pro M3 Pro Chip | Self Pick Up Available | 0% IPP | Senheng,"Enjoy MacBook Pro with M3 Pro chip when you buy with the best deals and services, only at Senheng. Shop while stocks last and enjoy the convenience and power of MacBook laptops."
Product,https://www.senheng.com.my/laptops/apple-macbook-pro-16-inch-m3-pro-m3-max-2023-apple-m3-pro-chip-with-36gb-unified-memory-12-core-cpu-and-18-core-gpu-512gb-ssd,Purchase Apple MacBook Pro 512GB SSD | Low Instalment | Warranties | Senheng,"A laptop that provides convenience and efficiency to all your tasks, the Apple MacBook Pro packs the M3 Chip with immense storage for all needs. Click here to shop with deals."
Product,https://www.senheng.com.my/laptops/apple-macbook-pro-16-inch-m4-pro-m4-max-2024-m4-chip,"Apple MacBook Pro 16-Inch M4 Pro, M4 Max, 2024 | Instalment Payment | 0% IPP | Senheng",Looking to switch your laptop? Check out the laptop model that provides supercharged performance for immense efficiency and convenience. Click here to shop the MacBook Pro M4 now!
Product,https://www.senheng.com.my/laptops/asus-tuf-gaming-a15-fa506n-crhn039w-amd-ryzen-7-7435hs-16gb-ram-512gb-ssd-rtx3050-15-6-144hz,Purchase Asus TUF Gaming A15 | Warranties | 0% IPP | Senheng,"Stream and multitask with ease through the Asus TUF Gaming A15, available for purchase here at the authorised reseller in Malaysia. Click here to shop the gaming laptop."
Product,https://www.senheng.com.my/laptops/asus-tuf-gaming-a15-fa507n-urlp024w-amd-ryzen-7-7435hs-16gb-ram-512gb-ssd-rtx4050-15-6-144hz,Buy Asus TUF Gaming A15 - FA507N | Low Instalment | Warranties | Senheng,"Shop for a gaming laptop that has amazing performance and provides ease. The Asus TUF Gaming A15 - FA507N is a perfect choice, and is available here with amazing offers. Shop now."
Product,https://www.senheng.com.my/laundry/acebell-premium-washing-net-oblong-with-triple-zip-16-x-16-thce1602,Buy Acebell Premium Washing Net Oblong with Triple Zip | Warranties | Senheng,Acebell Premium Washing Net Oblong with Triple Zip protects clothes from possible damages caused by internal structures of washing machines. The best deals and services are here.
Product,https://www.senheng.com.my/laundry/acebell-premium-washing-net-square-18-x-18-thce0445,Shop Acebell Premium Washing Net Square | Authorised Reseller Malaysia | Senheng,Purchase a Acebell Premium Washing Net Square and protect clothes from unwanted damages in washing machines. Get the best deals and offers here with Senheng. Shop now.
Product,https://www.senheng.com.my/laundry/acebell-washing-machine-cover-front-load-12-14kg-wmcf2100,Shop Acebell Washing Machine Cover Front Load | Extra Warranties | Senheng,"Protect and maintain your washing machine outlook with Acebell Washing Machine Cover for Front Load Washer of Capacity 12-14kg. Get it here and enjoy amazing deals, click here."
Product,https://www.senheng.com.my/laundry/acebell-washing-machine-cover-top-load-7-8kg-wmct2018,Purchase Acebell Washing Machine Cover Top Load | Amazing Deals | Senheng,A waterproof and easy to clean protective cover ensures your washing machine exterior is well-protected. Check out our offerings with amazing deals. Shop here now.
Product,https://www.senheng.com.my/laundry/acebell-washing-machine-cover-top-load-9-11kg-wmct2049,Get Acebell Washing Machine Cover Top Load 9 to 11 Kg | Amazing Deals | Senheng,Get a protective cover for the exterior of your top load washing machine with us today! The best deals and services here at the authorised reseller in Malaysia! Shop now!
Product,https://www.senheng.com.my/laundry/electrolux-7kg-ultimatecare-700-condenser-dryer-edc704ge,Buy Electrolux 7kg UltimateCare 700 Condenser Dryer | Low Instalment | Senheng,Get a Electrolux 7kg UltimateCare 700 Condenser Dryer that ensures clothes are dry quickly! Shop here with Senheng to enjoy low instalments and additional coverages. Shop here.
Product,https://www.senheng.com.my/laundry/haier-15kg-front-load-washer-inverter-hai-hw150bp14986es8,Buy Haier 15Kg Front Load Washer Inverter  | S-Coin Cashback | Senheng,"Looking for a change in washing machine? We recommend the Haier 15Kg Front Load Washer Inverter, available here with cashbacks and many deals. Shop washing machines here."
Product,https://www.senheng.com.my/laundry/hisense-8-5kg-6kg-front-load-washer-and-dryer-washing-machine-wd3q8543bw,Hisense 8.5kg/6kg Front Load Washer and Dryer Washing Machine | 0% IPP | Senheng,"Washer and dryer 2-in-1, the Hisense 8.5kg/6kg Front Load Washer and Dryer Washing Machine is an ideal choice for all! Click here to shop with 0% IPP with Senheng!"
Product,https://www.senheng.com.my/laundry/hisense-8kg-fully-auto-top-load-washer-air-dry-aqua-preserve-wtar8011g-washing-machine,Buy Hisense 8kg Fully-Auto Top Load Washer | Instalment Payment | Warranties | Senheng,"Feel the magic of the Hisense 8kg Fully-Auto Top Load Washer, Air Dry, Aqua Preserve! Click here to shop all the best deals and services with Senheng! Shop now."
Product,https://www.senheng.com.my/laundry/lg-11kg-top-load-washer-with-smart-inverter-washing-machine-lg-t2311vs2b,LG 11kg Top Load Washer with Smart Inverter Washing Machine | 0% IPP | Senheng,Enjoy ease of washing with a smart inverter washing machine! Shop LG 11kg Top Load Washer with Smart Inverter Washing Machine here with Senheng and enjoy 0% IPP! Shop Senheng here.
Product,https://www.senheng.com.my/laundry/lg-12kg-front-load-washer-with-ai-direct-drive-and-turbowash-360-fv1412s3p,LG 12kg Front Load Washer with AI Direct Drive | 8% S-Coin Cashback | Senheng,"Clean clothes thoroughly within 39 minutes! Enjoy the turbo wash of LG 12kg Front Load Washer with AI Direct Drive, available here with 8% S-Coin Cashback! Shop Senheng."
Product,https://www.senheng.com.my/laundry/lg-13kg-8kg-front-load-washer-dryer-with-ai-direct-drive-steam-fv1413h2ba,LG 13kg/8kg Front Load Washer Dryer with AI Direct Drive | Warranties | Senheng,LG 13kg/8kg Front Load Washer Dryer with AI Direct Drive provides ease of use with visible and elegant design! Get yours here with extra warranties at Senheng today! Shop now!
Product,https://www.senheng.com.my/laundry/lg-14kg-10kg-objet-washtower-all-in-one-stacked-washer-dryer-lg-wt1410nheg,LG 14kg/10kg Objet WashTower™ All-In-One Stacked Washer Dryer | 0% IPP | Senheng,Enjoy up to 18 months of service care for your purchase of the LG 14kg/10kg Objet WashTower™ All-In-One Stacked Washer Dryer! Shop here with Senheng to enjoy 0% IPP and more!
Product,https://www.senheng.com.my/laundry/lg-18kg-top-load-washing-machine-with-intelligent-fabric-care-lg-tv2518sv7k,LG 18kg Top Load Washing Machine with Intelligent Fabric Care | 0% IPP | Senheng,A quiet operator so you won't be bothered at all times! LG 18kg Top Load Washing Machine with Intelligent Fabric Care is available here with Senheng! Shop now to enjoy 0% IPP.
Product,https://www.senheng.com.my/laundry/lg-20kg-10kg-front-load-washer-dryer-with-steam-lg-f2720rvtv,LG 20kg/10kg Front Load Washer Dryer with Steam | 18 Month Maintenance | Senheng,An all in one washing machine that saves you time for your family! Click to shop LG 20kg/10kg Front Load Washer Dryer with Steam and enjoy 18 months maintenance! Shop here!
Product,https://www.senheng.com.my/laundry/lg-20kg-top-load-washing-machine-with-intelligent-fabric-care-tv2520sv7k,LG 20kg Top Load Washing Machine with Intelligent Fabric Care | 0% IPP | Senheng,"Same size on the outside, bigger interior on the inside! LG 20kg Top Load Washing Machine with Intelligent Fabric Care allows you to clean while caring for clothes! Shop now!"
Product,https://www.senheng.com.my/laundry/lg-21kg-16kg-washtower-all-in-one-stacked-washer-dryer-lg-wt2116shb,LG 21kg/16kg WashTower All-In-One Stacked Washer Dryer | Warranties | Senheng,"The sleek streamlined washer below, dryer above design will inspire creative new ways to layout your laundry space. Shop LG 21kg/16kg WashTower All-In-One Stacked Washer Dryer here!"
Product,https://www.senheng.com.my/laundry/lg-24kg-front-load-washer-f2724svrw-with-6motion-direct-drive-turbowash,LG 24kg Front Load Washer F2724SVRW | 0% IPP | Low Intsalment | Senheng,AI DD detects weight and softness of fabric for the optimal wash setting of your laundry. LG 24kg Front Load Washer F2724SVRW is here with 0% IPP and low instalment! Shop now!
Product,https://www.senheng.com.my/laundry/lg-9kg-5kg-front-load-washer-with-ai-direct-drive-steam-fv1209d4w-washing-machine,LG 9kg/5kg Front Load Washer with AI Direct Drive | Low Instalment | Senheng,A washing machine with amazing functions to give you ease of laundry! LG 9kg/5kg Front Load Washer with AI Direct Drive is available with Senheng! Shop now for low instalments.
Product,https://www.senheng.com.my/laundry/samsung-11kg-top-load-washer-with-ecobubble-wa11cg5745by-washing-machine,Buy Samsung 11kg Top Load Washer with Ecobubble | Enjoy Discounts | Senheng,"The Samsung 11kg top load washer with ecobubble offers smart check to detect faults on your washing machine, giving clear and easy diagnosis. Shop it here with discounts on us!"
Product,https://www.senheng.com.my/laundry/samsung-17kg-front-load-washer-with-ecobubble-wf17t6000gw,Samsung 17kg Front Load Washer with Ecobubble | Exclusive Offers | Senheng,The Samsung 17kg front load washer with ecobubble gives you a powerful clean within 30 minutes! Get your clothes clean with the model when you shop here with us! Shop now!
Product,https://www.senheng.com.my/laundry/samsung-7kg-front-load-washer-with-digital-inverter-ww70t3020wwfq-washing-machine,Samsung 7kg Front Load Washer with Digital Inverter | Low Instalment | Senheng,"Save time on your laundry with the Samsung 7kg front load washer with digital inverter. As the authorised reseller in Malaysia, we offer the best deals and services! Shop here."
Product,https://www.senheng.com.my/laundry/samsung-7kg-washing-machine-with-magic-filter-wa70h4000sg,Samsung 7KG Washing Machine with Magic Filter | Extra Year Warranty | Senheng,"Keeps your top load washer fresh, shop the Samsung 7KG washing machine with magic filter here with us! Shop the model today and enjoy extra warranties! Shop now!"
Product,https://www.senheng.com.my/laundry/samsung-8-5kg-front-load-washer-with-ai-ecobubble-ww85t504dtt,Samsung 8.5kg Front Load Washer with AI Ecobubble | Low Instalment | Senheng,Switch your old washing machine to the Samsung 8.5kg front load washer with AI ecobubble and enjoy efficient washing. Clcik here to buy with low instalment! Shop with us!
Product,https://www.senheng.com.my/cooking/delighto-rossy-series-stainless-steel-non-stick-black-coating-frying-pan-20cm-dlt-3005,Delighto Rossy Series Stainless Steel Frying Pan | Warranties | Senheng,Stainless steel non-stick frying pan is perfect for enhancing cooking enjoyment. Check out the Delighto Rossy Series Stainless Steel Non-Stick Black Coating Frying Pan here!
Product,https://www.senheng.com.my/mobile-accessories/15w-pd-power-adapter-usb-c-without-cable,Shop 15W PD Power Adapter With No Cable | Authorised Reseller Malaysia | Senheng,"Get the 15W PD Power Adapter without cable here at the authorised reseller in Malaysia. The best deals and services are here, so shop now while stocks last. Click here."
Product,https://www.senheng.com.my/mobile-phones/apple-iphone-14-128gb-256gb-512gb,Own the iPhone 14 now with 0% Instalements and Vouchers worth RM88! | Senheng,Upgrade to the iPhone 14 and enjoy amazing deals! Get vouchers up to RM88 and flexible 0% instalment plans starting at RM143 per month. Experience the future of smartphones today!
Product,https://www.senheng.com.my/mobile-phones/apple-iphone-14-plus-128gb-256gb-512gb,"Explore powerful features of iPhone 14 Plus. Enjoy amazing deals with vouchers up to RM88, flexible instalment plans starting from RM170/month and trade-in options. Upgrade now!","Explore powerful features of iPhone 14 Plus. Enjoy amazing deals with vouchers up to RM88, flexible instalment plans starting from RM170/month and trade-in options. Upgrade now!"
Product,https://www.senheng.com.my/mobile-phones/apple-iphone-15,Purchase the latest iPhone 15 with Vouchers and 0% Instalments | Senheng,"Experience iPhone 15 with stunning design, and unparalleled performance. Visit us now and enjoy trade-in offers and 0% instalment plans starting from RM170/month."
Product,https://www.senheng.com.my/mobile-phones/apple-iphone-15-plus,Get the latest iPhone 15 Plus with our vouchers up to RM58!  | Senheng,"Discover iPhone 15 Plus with larger display, capture stunning photos and videos, and enjoy lightning-fast performance. Upgrade now for 0% Instalment plans as low as RM170/month!"
Product,https://www.senheng.com.my/mobile-phones/iphone-16-plus,Apple iPhone 16 Plus | Online Store Malaysia | Senheng,Explore the iPhone 16 Plus with exclusive trade-in deals and affordable instalment plans. Purchase yours now with Senheng before it's gone! Shop online now!
Product,https://www.senheng.com.my/mobile-phones/iphone-16-pro,Shop iPhone 16 Pro | S-Coin Cashback | 0% IPP | Senheng,"Experience the power of the iPhone 16 Pro withTitanium body, 4K 120 fps video, A18 Pro chip & pro-level camera. Available now with low monthly plans."
Product,https://www.senheng.com.my/mobile-phones/iphone-16-pro-max,Buy iPhone 16 Pro Max | Free Shipping | S-Coin Cashback | Senheng,"Unlock next-gen performance with the iPhone 16. Advanced A-series chip, vibrant display and other. Enjoy with our S-Coin Cashback today!"
Product,https://www.senheng.com.my/mobile-phones/pre-order-samsung-galaxy-s25-5g-eta-14th-feb-onwards,Check Out Samsung Galaxy S25 Malaysia | Extra Warranty | Senheng,"Experience the 6.2'' Samsung Galaxy S25, now enhanced with advanced AI technology to complement your seamless lifestyle. Shop at Senheng and enjoy an extended warranty!"
Product,https://www.senheng.com.my/mobile-phones/pre-order-samsung-galaxy-s25-plus-5g-eta-14th-feb-onwards,Order Samsung Galaxy S25+ Online | S-Coin Rewards | Senheng Malaysia,Connect the Samsung Galaxy S25+ with AI Ring to effortlessly record your life's details quickly and easily. Surround yourself with AI technology for ultimate convenience. Shop now at Senheng!
Product,https://www.senheng.com.my/mobile-phones/pre-order-samsung-galaxy-s25-ultra-5g-eta-14th-feb-onwards,Shop Samsung Galaxy S25 Ultra | Authorised Reseller | Senheng,"Featuring Google Gemini, the Samsung Galaxy S25 Ultra brings advanced AI technology seamlessly integrated into your daily life. Register as a Senheng member to enjoy exclusive rewards!"
Product,https://www.senheng.com.my/mobile-phones/samsung-galaxy-a35-5g-android-6-6-fhd-super-amoled-display-8gb-ram-256gb-rom-50mp-ois-camera-large-battery,Bring Home Samsung Galaxy A35 5G | Authorised Reseller Malaysia | Senheng,Multiply the fun. Enjoy top-quality cameras with the Samsung A35 5G! The authorised reseller in Malaysia provides you the best deals and Instalment Payment options! Start shopping now!
Product,https://www.senheng.com.my/mobile-phones/samsung-galaxy-a55-5g-android-6-6-fhd-super-amoled-display-12gb-ram-256gb-rom-50mp-ois-camera-large-battery,Shop Samsung Galaxy A55 5G (12GB+256GB) | Extra Year Warranties | Senheng,Shoot better photos and videos! Get the Samsung Galaxy A55 5G in the colors you want! Enjoy cheap deals along with extra year warranties when you make a purchase! Shop here.
Product,https://www.senheng.com.my/mobile-phones/samsung-galaxy-a55-5g-android-6-6-fhd-super-amoled-display-12gb-ram-256gb-rom-50mp-ois-camera-large-battery-phone,Shop Samsung Galaxy A55 5G (12GB+256GB) | Extra Year Warranties | Senheng,Shoot better photos and videos! Get the Samsung Galaxy A55 5G in the colors you want! Enjoy cheap deals along with extra year warranties when you make a purchase! Shop here.
Product,https://www.senheng.com.my/mobile-phones/samsung-galaxy-s23-fe-5g-8gb-256gb-exynos-2200,Purchase Samsung Galaxy S23 FE 5G (8GB+256GB) | Enjoy Warranties | Senheng,Epic moments are now accessible to all. The Samsung Galaxy S23 FE opens the door for more people to experience the extraordinary. Get yours here and enjoy warranties with us!
Product,https://www.senheng.com.my/mobile-phones/samsung-galaxy-s23-ultra-5g-12gb-256gb-512gb-android-phone,Shop Samsung Galaxy S23 Ultra 5G | Low Instalment | Extra Warranties | Senheng,"Low Light. Camera. Action. Get your hands on the Samsung Galaxy S23 Ultra 5G with us and enjoy low instalment and extra warranties. Only available here, Shop now!"
Product,https://www.senheng.com.my/mobile-phones/samsung-galaxy-s24-5g-ai-smartphone-50mp-camera,Shop Samsung Galaxy S24+ 5G | Instalment Payment | Extra Year Warranties | Senheng,Trade-in your old phone models and get the latest models with us. Explore the Samsung Galaxy S24+ 5G with us and enjoy extra year warranties with your purchase. Get yours today!
Product,https://www.senheng.com.my/mobile-phones/samsung-galaxy-s24-ultra-5g-ai-smartphone-200mp-camera-with-s-pen,Upgrade To Samsung Galaxy S24 Ultra 5G | Authorised Reseller Malaysia | Senheng,It is time for you to try the Galaxy AI available on the Samsung Galaxy S24 Ultra 5G! Shop the authorised reseller in Malaysia and get deals with your purchase! Get it here!
Product,https://www.senheng.com.my/mobile-phones/samsung-galaxy-z-flip6-ai-smartphone-android-12gb-ram-new-50mp-camera-flexcam-long-battery-life-ip48,Get The Samsung Galaxy Z Flip6 | Extra Year Warranties | Senheng,"The Samsung Galaxy Z Flip6's new floating design is modern, slim and sleek, creating our most compact smartphone yet. Get it here and enjoy extra year warranties! Shop now!"
Product,https://www.senheng.com.my/mobile-phones/samsung-galaxy-z-flip7,Buy Samsung Galaxy Watch 8 Ultra 2025 | 0% Interest | Senheng,Enjoy rewards worth up to RM966 when you pre-order the Samsung Galaxy Watch Ultra 2025 with Senheng this July. Get 0% interest for up to 36 months! Buy now!
Product,https://www.senheng.com.my/mobile-phones/samsung-galaxy-z-fold6-ai-smartphone-android-12gb-ram-50mp-camera-big-screen-multitasking-s-pen,Shop The Samsung Galaxy Z Fold6 | Low Instalments | Senheng,Enjoy the thinnest and lightest Samsung phone available! Shop the Samsung Galaxy Z Fold6 today and enjoy low instalments along with other benefits! Get it with us today!
Product,https://www.senheng.com.my/mobile-phones/samsung-galaxy-z-fold7,Order Samsung Galaxy Watch 8 | Trade in & Save More | Senheng,Pre-order the Samsung Galaxy Watch 8 with Senheng this July and enjoy rewards worth up to RM359. Get a free extra 1-year warranty for your smartwatch. Visit your nearest store today!
Product,https://www.senheng.com.my/oral-care/laifen-wave-abs-toothbrush-gift-box,Purchase Laifen Wave Electric Toothbrush with Vouchers up to RM180! | Senheng,Enjoy higher brushing efficiency with Laifen Wave Electric Toothbrush from Senheng and enjoy up to 15% cashback benefits. What are you waiting for? Click now!
Product,https://www.senheng.com.my/oral-care/laifen-wave-electric-toothbrush,Purchase Laifen Wave Electric Toothbrush with Vouchers up to RM180! | Senheng,Enjoy higher brushing efficiency with Laifen Wave Electric Toothbrush from Senheng and enjoy up to 15% cashback benefits. What are you waiting for? Click now!
Product,https://www.senheng.com.my/others/acebell-washing-machine-cover-front-load-8-11kg-wmcf2001,Buy Acebell Washing Machine Cover Front Load | Exclusive Deals | Senheng,"Maintain the outlook of your front load washing machine easily with the Acebell washing machine cover, available here with the authorised reseller in Malaysia. Shop here today."
Product,https://www.senheng.com.my/ovens/electrolux-built-in-convection-microwave-with-air-fryer-ultimatetaste-900,Electrolux Built-In Convection Microwave With Air Fryer | 0% IPP | Senheng,"Shop the Electrolux Built-In Convection Microwave with Air Fryer, along with other amazing kitchen appliances with exclusive deals and low instaments! Shop here with Senheng."
Product,https://www.senheng.com.my/ovens/kenwood-10l-convention-oven-baking-knw-mo280,Kenwood 10L Convention Oven (Baking) KNW-MO280 | Extra Warranties | Senheng,"The Kenwood 10L Oven Toaster is a compact, stylish toaster and grill perfect for light grilling, crisping, melting and toasting. Click to shop kitchen appliances with warranties!"
Product,https://www.senheng.com.my/ovens/samsung-23l-grill-microwave-oven-with-healthy-steam-mg23k3513gk,Buy Samsung 23L Grill Microwave Oven with Healthy Steam | Instalment Payment | Senheng,Need a microwave oven that has quick defrost functions? Introducing the Samsung 23L grill microwave oven with healthy steam. Get it here with the payment method of your liking!
Product,https://www.senheng.com.my/ovens/samsung-30l-grill-microwave-oven-with-healthy-grill-fry-function-mg30t5018cp,Samsung 30L Grill Microwave Oven | Healthy Grill | Low Instalment | Senheng,The Samsung 30L grill microwave oven makes your favourite cuisines easier to create! Get it with low instalments when you shop here with us! Click here to learn more!
Product,https://www.senheng.com.my/ovens/samsung-35l-convection-microwave-oven-with-hot-blast-mc35r8088lc,Samsung 35L Convection Microwave Oven with HOT BLAST | Low Instalments | Senheng,New design with new colours. Get the Samsung 35L convection microwave oven with HOT BLAST here at the authorised reseller in Malaysia today! Click here to get low instalments.
Product,https://www.senheng.com.my/ovens/samsung-microwave-healthy-grill-fry-30l-pure-black-mg30t5018ck,Shop Samsung 30L Grill Microwave Oven | Authorised Reseller Malaysia | Senheng,"Home desserts are made easy with the Samsung 30L grill microwave oven. As the authorised reseller in Malaysia, we are committed to giving you the best products and deals. Shop here."
Product,https://www.senheng.com.my/ovens/samsung-mw3500k-23l-solo-microwave-oven-with-quick-defrost-sam-ms23k3513ak,Samsung 23L Solo Microwave Oven with Quick Defrost | Fast Deliveries | Senheng,Create your favourite local recipes with the Samsung 23L solo microwave oven with quick defrost. Enjoy fast deliveries to your purchases when you shop with us. Click here.
Product,https://www.senheng.com.my/printers/canon-pixma-mg2570s-all-in-one-printer,Get Canon PIXMA MG2570S All-In-One Printer | Warranties | Senheng,"An all-in-one printer that gives you immense convenience, that's the Canon PIXMA MG2570S All-In-One Printer. Shop it here with Senheng to enjoy the best deals and services."
Product,https://www.senheng.com.my/refrigerators/elba-185l-single-door-fridge-semi-auto-defrost-direct-cooling-system-ern1854sv-refrigerator,Elba 185L Single Door Fridge | Low Instalment | 0% IPP | Senheng,"Switch your refrigerator to the Elba 185L Single Door Fridge Semi Auto Defrost, Direct Cooling System here with Senheng! Enjoy low instalments and 0% IPP when you click here!"
Product,https://www.senheng.com.my/refrigerators/electrolux-496l-ultimatetaste-700-french-door-refrigerator-ele-eqe4900ab,Electrolux 496L UltimateTaste 700 French Door Refrigerator | 0% IPP | Senheng,"Switch your refrigerator to the Electrolux 496L UltimateTaste 700 French Door Refrigerator, packed with amazing features! Shop here to enjoy 0% IPP and many benefits!"
Product,https://www.senheng.com.my/refrigerators/haier-332l-chest-freezer-hai-bd328hp,Buy Haier 332L Chest Freezer | Low Instalment | Instalment Payment | Senheng,"Store your foods in a freezer that prolongs it, the Haier 332L Chest Freezer does just that. Click here to shop the freezer with low instalments and 0% IPP. Shop now."
Product,https://www.senheng.com.my/refrigerators/haier-385l-2-door-fridge-with-twin-inverter-technology-hrf358ihm,Haier 385L 2 Door Fridge with Twin Inverter Technology | Warranties | Senheng,"Energy Saving, Efficient Cooling. Click to shop the Haier 385L 2 Door Fridge with Twin Inverter Technology, available with additional warranties for you! Shop refrigerators here."
Product,https://www.senheng.com.my/refrigerators/haier-450l-6-in-1-convertible-chest-freezer-hai-bd458hp,Buy Haier 450L 6-in 1 Convertible Chest Freezer | Low Instalments | Warranties | Senheng,A spacious freezer is just what you need to store foods. The Haier 450L 6-in 1 Convertible Chest Freezer is available here with low instalments and warranties. Get yours here.
Product,https://www.senheng.com.my/refrigerators/haier-458l-2-door-twin-inverter-fridge-with-twin-inverter-multi-air-flow-hrf458ihm-refrigerator,Haier 458L 2 Door Twin Inverter Fridge | Warranties | S-Coin Cashback | Senheng,"Better Outside. Bigger Inside. Shop the Haier 458L 2 Door Twin Inverter Fridge with Twin Inverter, Multi Air Flow and enjoy amazing deals! Buy refrigerators here at Senheng!"
Product,https://www.senheng.com.my/refrigerators/haier-522l-side-by-side-multidoor-fridge-hai-hrfig585emgb,Haier 522L Side By Side Multidoor Fridge | S-Coin Cashback | 0% IPP | Senheng,"Switch up your refrigerator to a renowned brand, like the Haier 522L Side By Side Multidoor Fridge. Click here to view its amazing features and the exclusive offers Senheng offers!"
Product,https://www.senheng.com.my/refrigerators/haier-535l-6-in-1-convertible-chest-freezer-bd-568hp,Haier 535L 6-in 1 Convertible Chest Freezer | Instalment Payment | 0% IPP | Senheng,"Looking to install a freezer? Check out the Haier 535L 6-in 1 Convertible Chest Freezer, recommend from us with amazing deals and low instalments! Shop while stocks last."
Product,https://www.senheng.com.my/refrigerators/haier-750l-6-in-1-convertible-chest-freezer-bd-788hp,Buy Haier 750L 6-in 1 Convertible Chest Freezer | Low Instalment | Senheng,"Up to 100 Hours of Cooling Retention, capable of a longer cooling retention period. The Haier 750L 6-in 1 Convertible Chest Freezer is available here at Senheng. Shop here."
Product,https://www.senheng.com.my/refrigerators/haier-multi-door-series-refrigerator-hrf-im585hm-bl,Haier Multi Door Series Refrigerator HRF-IM585HM | S-Coin Cashback | Senheng,Keep every taste in order! The Haier Multi Door Series Refrigerator has awesome features at its available with exclusive deals here with S-Coin Cashback! Shop here.
Product,https://www.senheng.com.my/refrigerators/haier-multi-door-series-refrigerator-hrf-im758fg-sg-u1,Buy Haier Multi Door Series Refrigerator HRF-IM758FG | Warranties | Senheng,The 1st All FRESH Refrigerator!  The Haier Multi Door Series Refrigerator HRF-IM758FG is here with amazing features and amazing deals. Switch yours with Senheng today!
Product,https://www.senheng.com.my/refrigerators/hisense-170l-single-door-fridge-with-frost-free-feature-rr197d4agn1-refrigerator,Buy Hisense 170L Single Door Fridge | Self-Pick Up Available | Senheng,Purchase Hisense 170L Single Door Fridge here with the authorised reseller in Malaysia online and go pick up in stores with ease! All the best deals and services are here!
Product,https://www.senheng.com.my/refrigerators/hisense-2-door-inverter-320l-top-mount-freezer-refrigerator-rt328n4abn1,Hisense 2 Door Inverter 320L Top Mount Freezer Refrigerator | 0% IPP | Senheng,A carefully design refrigerator that provides you convenience at every level. Click here to shop the Hisense 2 Door Inverter 320L Top Mount Freezer Refrigerator with 0% IPP!
Product,https://www.senheng.com.my/refrigerators/hisense-240l-2-door-inverter-top-freezer-refrigerator-rt286n4abn1,Hisense 240L 2 Door Inverter Top Freezer Refrigerator | S-Coin Cashback | Senheng,Shop for a refrigerator that suits you! Click here to shop our featured Hisense 240L 2 Door Inverter Top Freezer Refrigerator here with cashback rewards. Shop here.
Product,https://www.senheng.com.my/refrigerators/hisense-620l-side-by-side-electronic-control-inverter-fridge-rs666n4acniv,Hisense 620L Side by Side Electronic Control Inverter Fridge | 0% IPP | Senheng,The perfect refrigerator for your family. We recommend you the Hisense 620L Side by Side Electronic Control Inverter Fridge with exclusive deals and services. Shop here.
Product,https://www.senheng.com.my/refrigerators/hisense-620l-side-by-side-inverter-fridge-with-deodorizing-filter-multi-air-flow-rs11635n4awu-refrigerator,Hisense 620L Side by Side Inverter Fridge | Low Instalment | Warranties | Senheng,An effortless choice for a carefree experience. The Hisense 620L Side by Side Inverter Fridge is available here with amazing deals and services! Shop Senheng here.
Product,https://www.senheng.com.my/refrigerators/lg-324l-net-single-door-refrigerator-gc-b414fgqf-with-multi-air-flow,LG 324L Net Single Door Refrigerator | Low Instalment | 0% IPP | Senheng,"Fost Free, Fuss Less with LG 324L Net Single Door Refrigerator, preventing frost build up through time, and saving you valuable time. Shop here to also save with great deals!"
Product,https://www.senheng.com.my/refrigerators/lg-340l-2-door-top-freezer-refrigerators-gn-b312pqmb-with-multi-air-flow,LG 340L 2 Door Top Freezer Refrigerators | Low Instalment | 0% IPP | Senheng,A refrigerator offering energy efficiency at new levels! LG 340L 2 Door Top Freezer Refrigerators GN-B312PQMB with Multi Air Flow is available here with 0% IPP! Shop now!
Product,https://www.senheng.com.my/refrigerators/lg-340l-top-freezer-fridge-gn-b312plgk-in-platinum-silver-finish,LG 340L Top Freezer Fridge GN-B312PLGK | 0% IPP | Extra Warranties | Senheng,"Fast and even cooling with LG 340L Top Freezer Fridge GN-B312PLGK in Platinum Silver Finish, supplying energy with efficient manners. Get yours here with 0% IPP and warranties!"
Product,https://www.senheng.com.my/refrigerators/lg-423l-2-door-fridge-inverter,LG 423L 2 Door Fridge Inverter | 8% S-Coin Cashback | Extra Warranties | Senheng,"LG 423L 2 Door Fridge Inverter is the perfect refrigerator for all homes, and its available with 8% S-Coin Cashback and extra warranty coverages. Shop Senheng for the best deals."
Product,https://www.senheng.com.my/refrigerators/lg-423l-2-door-top-freezer-refrigerator-gn-b392pxbk-with-door-cooling-hygiene-fresh-smart-inverter,LG 423L 2 Door Top Freezer Refrigerator | 0% IPP | Low Instalment | Senheng,Multi air flow for even cooling. LG 423L 2 Door Top Freezer Refrigerator is available here with Senheng at great deals! Shop here to enjoy low instalments and warranties! Shop now.
Product,https://www.senheng.com.my/refrigerators/lg-net-655l-side-by-side-with-door-in-door-hygiene-fresh-fridgegcm257cgfl-white-glass-finish-refrigerator,LG Net 655L Side by Side with Door-in-Door Hygiene Fresh Fridge | 0% IPP | Senheng,A huge design refrigerator packed with amazing technologies for full utilisation. LG Net 655L Side by Side with Door-in-Door Hygiene Fresh Fridge is available here! Click here.
Product,https://www.senheng.com.my/smart-home-accessories/belkin-home-series-1-outlet-surge-cube-bkn-f9h110vsacw,Buy Belkin Home Series 1 Outlet Surge Cube | Instalment Payment | Warranties | Senheng,Getting a 1 Outlet Surge Cube from Belkin here at the authorised reseller in Malaysia means you enjoy the best deals and services! Shop all accessories here with Senheng.
Product,https://www.senheng.com.my/tablets/apple-10-2-inch-ipad-9th-generation-wi-fi,Get the Apple 10.2-inch iPad (9th generation) | Enjoy Fast Delivery | Senheng,"Powerful. Easy to use. Versatile. The Apple iPad 9th Generation is has powerful A13 Bionic chip, and ultra wide front camera. Shop with us and get fast delivery. Click here!"
Product,https://www.senheng.com.my/tablets/apple-10-2-inch-ipad-9th-generation-wi-fi-cellular,Get Apple 10.2-Inch iPad 9th Generation | Exclusive Deals | Senheng,Get your hands on the Apple 10.2-inch iPad 9th generation and indulge in your creativity with ease. Shop while stocks last here with the authorised reseller in Malaysia!
Product,https://www.senheng.com.my/tablets/apple-10-9-inch-ipad-10th-generation-wi-fi,Apple 10.9-inch iPad (10th generation) | 0% Low Instalment & Warranties | Senheng,"The iPad delivers a powerful way to create, stay connected, and get things done. Choose the color of liking and enjoy Instalment and Warranties! Shop Now!"
Product,https://www.senheng.com.my/tablets/apple-10-9-inch-ipad-10th-generation-wi-fi-cellular,Get Apple 10.9-Inch iPad 10th Generation | 0% IPP | Low Instalment | Senheng,The Apple 10.9-inch iPad 10th generation is available at the authorised reseller in Malaysia! Get yours here today and enjoy the amazing features of the model with low instalments!
Product,https://www.senheng.com.my/tablets/apple-ipad-air-11-inch-m2-wi-fi-2024,Get The Apple iPad Air M2 (11') Wi-Fi | Instalment Payments | Senheng,"Experience Apple iPad Air (11-inch, M2 chip, 2024) Wi-Fi model with a Liquid Retina display, and incredible versatility for creativity. Get yours for as low as RM83.31 per month!"
Product,https://www.senheng.com.my/tablets/apple-ipad-air-11-inch-m2-wi-fi-cellular-2024,Get The Apple iPad Air M2 (11') Wi-Fi + Cellular | Instalment Payments | Senheng,"Experience performance with the Apple iPad Air M2 (11') Wi-Fi + Cellular. Express creativity, work anywhere, and stay connected. Get yours with Instalment Payments!"
Product,https://www.senheng.com.my/tablets/apple-ipad-air-13-inch-m2-wi-fi-2024,Buy Apple iPad Air M2 (13') Wi-Fi | 1-to-1 Replacement Warranty| Senheng,"Supersize creativity with the Apple iPad Air (13-inch, M2 chip, 2024) Wi-Fi. It's perfect for anyone who wants to do more. Get yours now and receive a 1-to-1 replacement warranty!"
Product,https://www.senheng.com.my/tablets/apple-ipad-air-13-inch-m2-wi-fi-cellular-2024,Apple iPad Air 13-inch (M2) 2024 | Extra Year Warranty | Instalment Payment | Senheng,The Apple iPad Air 13-inch (M2) 2024 with the new Apple Pencil Pro and Magic Keyboard makes all your daily tasks easy anywhere. Get yours with an extra warranty today! Click here!
Product,https://www.senheng.com.my/tablets/apple-ipad-pro-11-inch-m4-wifi-2024,Apple iPad Pro 11-inch (M4) 2024 | Authorised Reseller Malaysia | Senheng,"The Apple iPad Pro 11-inch (M4) 2024 (Wi-Fi) brings endless versatility, creativity and productivity to your fingertips. Shop the authorised reseller in Malaysia today! Click here!"
Product,https://www.senheng.com.my/tablets/apple-ipad-pro-11-inch-m4-wifi-cellular-2024,Apple iPad Pro 11-inch (M4) 2024 | 0% IPP | Senheng,"With all-day battery life, you can do everything you can imagine on the iPad Pro. Own one today and enjoy 0% IPP from the authorised reseller in Malaysia. Get it from us today!"
Product,https://www.senheng.com.my/tablets/apple-ipad-pro-13-inch-m4-wifi-2024,Buy Apple iPad Pro 13‑inch (M4) WiFi 2024 | Low Instalment | 0% IPP | Senheng,"The iPad Pro is upgraded with outrageous performance of the Apple M4 chip, in a incredibly thin design. Get the tabletl today and enjoy ease in all tasks. Click here to shop deals."
Product,https://www.senheng.com.my/tablets/samsung-galaxy-tab-s9-wifi-with-s-pen-keyboard-12gb-256gb-graphite-beige,Samsung Galaxy Tab S9+ (12GB+512GB) | Fast Delivery | Get Vouchers | Senheng,"Looking to upgrade your tablet? Get the first water and dust-resistant Samsung Galaxy Tab S9+ here with us, we guarantee a fast and safe delivery to your doorstep. Shop here!"
Product,https://www.senheng.com.my/tv/haier-50-55-65-bezel-less-qled-tv-h50p750ux-h55p750ux-h65p750ux,Buy Haier Bezel Less QLED TV | Instalment Payment | Low Instalments | Senheng,"Give your entertainment a visual boost! The Haier 50""/55""/65"" Bezel Less QLED TV create excellent color levels that will amaze you. Click here to shop with low instalments."
Product,https://www.senheng.com.my/tv/samsung-98-inch-crystal-uhd-4k-smart-tv-2024-ua98du9000,Get Samsung 98 inch Crystal UHD 4K Smart TV (2024) | Low Instalments | Senheng,Daily+ enables you to easily manage your daily lifestyle from the comfort of your TV. The Samsung 98 inch Crystal UHD 4K Smart TV (2024) is available here with low instalments!
Product,https://www.senheng.com.my/tv/samsung-crystal-uhd-du7000-4k-smart-tv-2024-crystal-processor-4k-4k-upscaling-4k-resolution,Samsung 75 inch Crystal UHD DU7000 4K Smart TV (2024) | Get Warranties | Senheng,OTS lite provides the Samsung 75 inch Crystal UHD DU7000 4K Smart TV (2024) with an immersed audio experience. We are offering extra warranties to go with your purchase! Shop now!
Product,https://www.senheng.com.my/vacuum-cleaners/delighto-cordless-stick-vacuum-h09,Delighto Cordless Stick Vacuum H09 | Extra Warranties | S-Coin Cashback | Senheng,Purchase the Delighto Cordless Stick Vacuum H09 here with the authorised reseller in Malaysia today with exclusive deals and benefits! Browse for the best deals here with Senheng!
Product,https://www.senheng.com.my/vacuum-cleaners/dyson-gen5detect-complete-prussian-blue-copper,Get Dyson Gen5detect™ Complete | Extra Warranties | 0% IPP | Senheng,Shop for a stick vacuum that brings ease to cleaning. Shop the Dyson Gen5detect™ Complete here at Senheng to enjoy the exclusive prices with additional warranties! Click here.
Product,https://www.senheng.com.my/vacuum-cleaners/dyson-v12-detect-slim-fluffy-sv46,Shop Dyson V12 Detect Slim Fluffy SV46 | Extra Warranties | 0% IPP | Senheng,"Give your home a deep clean with the Dyson V12 Detect Slim Fluffy SV46, available here with warranty coverages and 0% IPP! Shop the stick vacuum here while stocks last."
Product,https://www.senheng.com.my/vacuum-cleaners/dyson-v8-absolute-silver-nickel,Purchase Dyson V8 Absolute | Low Instalment | Extra Warranties | Senheng,Get the Dyson V8 Absolute and experience its amazing features that help keep your house dust-free. Shop here to get the best deals for your stick vacuum. Click here.
Product,https://www.senheng.com.my/vacuum-cleaners/dyson-v8-slim-fluffy,Buy Dyson V8 Slim™ Fluffy Plus | Additional Warranties | 0% IPP | Senheng,Get a stick vacuum that captures up to 99% of particles! The Dyson V8 Slim™ Fluffy+ is your best choice for ease in house chores. Shop here and get additional coverages today!
Product,https://www.senheng.com.my/vacuum-cleaners/dyson-washg1-wet-floor-cleaner,Shop Dyson WashG1™ Wet Floor Cleaner | Warranties | Low Instalment | Senheng,The Dyson WashG1™ Wet Floor Cleaner can be yours today when you shop at the authorised reseller in Malaysia with additional warranty coverages and low instalment! Get it here.
Product,https://www.senheng.com.my/vacuum-cleaners/electrolux-18v-well-q6-bagless-handstick-vacuum-cleaner-ele-wq611ogg,Electrolux 18V Well Q6 Bagless Handstick Vacuum Cleaner | Warranties | Senheng,Never pull tangled hair and fibres from your vacuum cleaner brush again. The Electrolux 18V Well Q6 Bagless Handstick Vacuum Cleaner solves your worries! Shop here with warranties!
Product,https://www.senheng.com.my/vacuum-cleaners/jimmy-bx7-pro-anti-mite-vacuum-cleaner-jmy-bx7pro,JIMMY BX7 Pro Anti-mite Vacuum Cleaner JMY-BX7PRO | S-Coin Cashback | Senheng,"Removes dust mites deep in your mattresses, JIMMY BX7 Pro Anti-mite Vacuum Cleaner JMY-BX7PRO has amazing features that you should try! Click here to shop with deals and cashback!"
Product,https://www.senheng.com.my/vacuum-cleaners/jimmy-h8-cordless-vacuum-cleaner-jmy-h8,Buy JIMMY H8 Cordless Vacuum Cleaner JMY-H8 | S-Coin Cashback | Senheng,"Less Weight. More Powerful. The JIMMY H8 Cordless Vacuum Cleaner JMY-H8
packs Horizontal Cyclone Technology that keeps your house dust-free. Click here to shop and enjoy cashback!"
Product,https://www.senheng.com.my/vacuum-cleaners/jimmy-hw9-pro-cordless-vacuum-and-washer-jmy-hw9pro,JIMMY HW9 Pro Cordless Vacuum and Washer JMY-HW9PRO | 0% IPP | Senheng,"JIMMY HW9 Pro upgrades the magnesium alloy waterproof motor, which is fully sealed and waterproof. Get the vacuum cleaner here to experience magnificent features with great deals!"
Product,https://www.senheng.com.my/vacuum-cleaners/jimmy-jv51-lightweight-cordless-stick-vacuum-cleaner,JIMMY JV51 Lightweight Cordless Stick Vacuum Cleaner | S-Coin Cashback | Senheng,"Lightweight and versatile, JIMMY JV51 Lightweight Cordless Stick Vacuum Cleaner provides the best features to clean corners around homes. Click to shop with cashback!"
Product,https://www.senheng.com.my/water-heaters/alpha-dc-pump-water-heater-alp-m5img11,Shop Alpha DC Pump Water Heater | S-Coin Cashbacks | Senheng,"Switch to the Alpha DC Pump Water Heater and enjoy your everyday showers. Shopping with the authorised reseller in Malaysia means you enjoy the best deals and services, click here!"
Product,https://www.senheng.com.my/water-heaters/alpha-digital-rainshower-alp-wes7idigitalrs-gd,Purchase The Alpha Digital Rainshower | S-Coin Cashback | Senheng,"Enjoy everyday showers with the Alpha Digital Rainshower, complimented with the best deals and services from Senheng. Click here to start shopping for the best products!"
Product,https://www.senheng.com.my/water-heaters/alpha-rain-shower-alp-wes7idigital-bk,Purchase Alpha Rain Shower | Exclusive Deals | S-Coin Cashback | Senheng,Showers become much more enjoyable when you get the Alpha Rain Shower here with the authorised reseller in Malaysia! Click here to get the product and enjoy complimentary services!
Product,https://www.senheng.com.my/water-heaters/alpha-water-heater-m5-alp-m5irsmg11,Get Alpha Water Heater M5 | Instalment Payment | S-Coin Cashback | Senheng,"Experience relaxing showers with the Alpha Water Heater M5, available at Senheng with exclusive deals and amazing benefits! Click here to shop the authorised reseller in Malaysia!"
Product,https://www.senheng.com.my/wearables/samsung-galaxy-watch-ultra-2025,Purchase Samsung Galaxy Watch 8 Ultra 2025 Online | Senheng,"Shop the Samsung Galaxy Watch Ultra (2025) at Senheng with advanced health tracking, rugged durability, and powerful smartwatch features. Enjoy instalments of up to 60 months at Senheng today!"
Product,https://www.senheng.com.my/wearables/airpods-4,Buy Apple AirPods 4 | Buy Online Pick Up In Store | Instalment Payment | Senheng,"Introducing the best audio you can find, the AirPods 4 promises you an all-new audio experience. Buy it here and enjoy massive benefits! Click here to shop Senheng!"
Product,https://www.senheng.com.my/wearables/apple-airpods-pro-2nd-generation-with-wireless-magsafe-charging-case-usb-c,Buy Apple AirPods Pro 2nd Gen and Get S-Coins Cashback! | Senheng,Apple AirPods Pro 2nd Gen gives you two times more Active Noise Cancellation! Get your hands on the model with storewide Apple vouchers and Fast Delivery! Click Here!
Product,https://www.senheng.com.my/wearables/apple-watch-se-with-sport-loop,Buy Apple Watch SE with Sport Loop | 0% IPP | Extra Warranties | Senheng,Apple Watch SE is packed with amazing features that suit all types of occassions. Grab the smart watch at Senheng at get the best deals and services here. Shop now.
Product,https://www.senheng.com.my/wearables/apple-watch-series-10-gps-and-cellular-sport-band,Get Apple Watch Series 10 GPS and Cellular Sport Band | Low Instalment | Senheng,"The Apple Watch Series 10 gives you amazing features with a huge display, suitable for all needs and occassions. Grab the smart watch here and enjoy the best deals. Shop now."
Product,https://www.senheng.com.my/wearables/apple-watch-series-10-gps-and-cellular-sport-loop,Shop Apple Watch Series 10 GPS and Cellular Sport Loop | Warranties | Senheng,Need a smart watch for all your workouts? Introducing the Apple Watch Series 10 GPS and Cellular Sport Loop. Get it and experience the amazinng features here. Shop now.
Product,https://www.senheng.com.my/wearables/apple-watch-ultra-2-gps-cellular-with-titanium-case-and-ocean-band-49mm,Own a Apple Watch Ultra 2 GPS and Cellular and Enjoy Cashbacks | Senheng,"Designed for outdoor adventures and supercharged workouts with its case, the Apple Watch Ultra 2. Get S-Coin Cashback and services when you buy from us! Click here to learn more!"
Product,https://www.senheng.com.my/wearables/samsung-galaxy-buds3-buds3-pro-ai-translator-wireless-bluetooth-earbuds,Purchase Samsung Galaxy Buds3 | Low Instalment | Fast Delivery | Senheng,"Galaxy AI makes music enjoyable for any ear. Get the Samsung Galaxy Buds3 with us today and enjoy low instalments and fast deliveries. Your best deals are here, shop now!"
Product,https://www.senheng.com.my/wearables/samsung-galaxy-watch-ultra-lte-47mm-titanium-smartwatch-ai-tracker-10-atm-water-resistance-dual-frequency-gps,Get the Samsung Galaxy Watch Ultra LTE 47mm | Low Instalment | Senheng,The all new Samsung Galaxy Watch Ultra LTE 47mm is equipped with a quick button for swift sport transition. Buy and try it out today with low instalments. Shop with us!
Product,https://www.senheng.com.my/wearables/samsung-galaxy-watch7-bluetooth-40mm-44mm-smartwatch-with-ai-wellness-tracker,Buy the Samsung Galaxy Watch7 | Fast Deliveries | Instalment Payment | Senheng,Looking to get a watch will performance. The Samsung Galaxy Watch7 is packed with the most powerful smartwatch processor you can find! Shop now and enjoy the watch!
Product,https://www.senheng.com.my/wearables/samsung-galaxy-watch-8,Buy Samsung Galaxy Watch 8 | Smart Wearable Online Store | Senheng,Oder the Samsung Galaxy Watch 8 with Senheng Malaysia! Enjoy 0% interest for up to 12 months and get an extra 1-year warranty for free only at Senheng online. Grab it now!
Product,https://www.senheng.com.my/refrigerators/lg-360l-2-door-top-freezer-refrigerators-with-door-cooling-beige-lg-gnb332pbgb,LG 360L 2 Door Top Freezer Refrigerators with Door Cooling | 0% IPP | Senheng,A perfect design with amazing colours to fit homes. LG 360L 2 Door Top Freezer Refrigerators with Door Cooling+ Beige is available here with 0% IPP and cashback! Shop now!
Product,https://www.senheng.com.my/mobile-phones/iphone-17,Buy iPhone 17 Online | 3 Years Warranty | Senheng Malaysia,"iPhone 17 is here! Order now with Senheng Malaysia to enjoy 3 years warranty, flexible trade-in, and official Apple support for your device. WhatsApp us today!"
Product,https://www.senheng.com.my/mobile-phones/iphone-17-pro,Shop iPhone 17 Pro Online & Pick Up In-Store | Senheng Malaysia,"Purchase and get your hands on the iPhone 17 Pro. Shop online with Senheng Malaysia, pick up in-store, and unlock trade-in deals with 3 years extended warranty. WhatsApp us now!"
Product,https://www.senheng.com.my/mobile-phones/iphone-17-pro-max,Shop iPhone 17 Pro Max | Trade In with Senheng Malaysia,"Enjoy iPhone 17 Pro Max like never before. Order from Senheng Malaysia, trade in easily, and get 3 years extended warranty with every purchase. Exclusive vouchers is ready for you now!"
Product,https://www.senheng.com.my/new-iPhone,Order Latest iPhone 2025 Online | Apple Authorise Seller Malaysia | Senheng,"Order iPhone 17 2025 models online with Senheng Malaysia. Extended 3 years warranty, exclusive deals, and trade-in offers available for Apple fans nationwide."
Product,https://www.senheng.com.my/mobile-phones/iphone-air,Buy iPhone 17 Air | New Slim Smartphone | Senheng Malaysia,"Be first to own the iPhone 17 Air featuring ultra-slim design, brilliant display, and lightning-fast performance. Purchase today at Senheng Malaysia with offers."
Product,https://www.senheng.com.my/mobile-phones/honor-x9d,Order Honor X9D Malaysia | Exclusive Deals Online | Senheng,"Be the first to own the Honor X9D in Malaysia. Purchase now with Senheng and unlock exclusive deals, easy installment plans, and fast shipping. WhatsApp us now!"
Product,https://www.senheng.com.my/apple-accessories,Order Apple Accessories Online | Senheng Malaysia,Buy Apple accessories online for your newly purchased iPhone. Senheng offers exclusive deals on Apple products to enhance your Apple ecosystem experience. Order now!
Product,https://www.senheng.com.my/wearables/apple-airpods-pro-3-with-magsafe-charging-case-usb-c,Apple Airpods Pro 3 Pre Order Malaysia | Senheng Online,"Enjoy your music during workouts with the Apple AirPods Pro 3, or attend meetings smoothly with advanced noise reduction. Senheng offers exclusive pre-order deals. WhatsApp us now!"
Product,https://www.senheng.com.my/wearables/apple-watch-se-3-gps-and-cellular-sport-band,Order Always On Display Apple Watch SE3 | Senheng Online,Order the first Apple Watch SE3 with the Always-On Display feature from Senheng today! Enjoy exclusive deals and earn 5% S-Coin cashback as a Senheng member. Buy now!
Product,https://www.senheng.com.my/wearables/apple-watch-series-11-gps-and-cellular-sport-band,Apple Watch Series 11 Sport Band Pre-Oder Online | Senheng Store Malaysia,Looking for a stylish sports band online? Pre-order the Apple Watch Series 11 GPS and Cellular Sport Band from Senheng today and enjoy exclusive member deals!
Product,https://www.senheng.com.my/wearables/apple-watch-ultra-3-gps-cellular-with-titanium-case-and-ocean-band-49mm,Order Apple Watch Ultra 3 Titanium Case & Ocean Band | Senheng Malaysia,Are you a fan of titanium cases and ocean bands? Apple Watch Ultra 3 is the perfect choice for you. Order now with Senheng and be the first to show off the latest Apple Watch trend in your circle!
Product,https://www.senheng.com.my/wearables/apple-watch-ultra-3-gps-cellular-with-titanium-case-and-alpine-loop-49mm,Apple Watch Ultra 3 with Titanium Case & Alpine Loop | Pre Order Online | Senheng,"Pre-order the Apple Watch Ultra 3 from Senheng online store. The titanium case and Alpine Loop introduce Apple’s latest fashion statement, combining elegance with a professional look. WhatsApp us now!"
Product,https://www.senheng.com.my/wearables/apple-watch-ultra-3-gps-cellular-with-titanium-case-and-trail-loop-49mm,Order Apple Watch Ultra 3 with Trail Loop | Senheng Online Store,Are you a fan of black fashion? The Apple Watch Ultra 3 perfectly complements your style with its titanium case and dark loop trail design. Order yours today at Senheng!
Product,https://www.senheng.com.my/wearables/apple-watch-ultra-3-gps-cellular-with-titanium-case-and-milanese-loop-49mm,Apple Watch Ultra 3 with Milanese Loop | Pre Order Senheng Online,Pre-order the Apple Watch Ultra 3 with a titanium case and Milanese loop from Senheng. Experience a sleek metallic design that pairs perfectly with your iPhone. WhatsApp us now!
Product,https://www.senheng.com.my/mobile-accessories/apple-20w-usb-c-power-adapter,Pick up Apple 20W USB-C Power Adapter | Up to 36 Months Instalments | Senheng,"Charge quickly with Apple 20W USB-C Power Adapter, designed for everyday convenience. Perfect travel companion. WhatsApp us today to order yours."
Product,https://www.senheng.com.my/mobile-accessories/apple-airtag,Buy Apple AirTag | Free Extra 1-year Warranty | Senheng Malaysia,"Keep track of your belongings with Apple AirTag, designed to work with Find My app. Compact and secure, it’s a travel must-have. WhatsApp us today to order yours."
Product,https://www.senheng.com.my/wearables/apple-earpods-with-lightning-connector,Buy Apple Earpods With Lightning Connector | S Coin Cash Back | Senheng Malaysia,"Enjoy music and calls with Apple EarPods, designed with Lightning Connector for seamless use. Lightweight and durable. WhatsApp us today to secure yours."
Product,https://www.senheng.com.my/pc-accessories/apple-magic-keyboard-for-ipad-air-4th-generation-and-ipad-pro-11-inch-2nd-generation,"Order Apple Magic Keyboard for iPad Air & iPad Pro 11"" | Senheng Malaysia",Apple Magic Keyboard brings smooth typing and trackpad control to iPad Air and Pro 11”. Built for productivity. Buy today at Senheng with S Coin Cash Back rewards.
Product,https://www.senheng.com.my/pc-accessories/apple-magic-mouse,Pick up Apple Magic Mouse | Up to 36 Months Instalments | Senheng Malaysia,Apple Magic Mouse features a Multi-Touch surface for easy scrolling and navigation. Sleek design suits any desk. Buy today at Senheng with S Coin Cash Back rewards.
Product,https://www.senheng.com.my/mobile-accessories/apple-magsafe-charger,Buy Apple MagSafe Charger | Up to 36 Months Instalments | Senheng Malaysia,Apple MagSafe Charger delivers fast wireless charging with magnetic alignment. Compact for daily use. Buy today at Senheng with S Coin Cash Back rewards.
Product,https://www.senheng.com.my/tablet-accessories/apple-pencil-1st-generation,Get Apple Pencil (1st Gen) | 0% Interest Instalments | Senheng Malaysia,"Apple Pencil (1st Gen) provides precision for sketching, note-taking, and design. Works seamlessly with iPad. Buy today at Senheng with S Coin Cash Back rewards."
Product,https://www.senheng.com.my/tablet-accessories/apple-pencil-2nd-generation,Buy Apple Pencil (2nd Gen) | Buy Now Pay Later | Senheng Malaysia,"Draw and write naturally with Apple Pencil (2nd Gen), designed for iPad Pro. Slim, responsive, and accurate. WhatsApp us today to order this creative tool easily."
Product,https://www.senheng.com.my/tablet-accessories/apple-pencil-usb-c,Buy Apple Pencil USB-C | Free Extra 1-year Warranty | Senheng Malaysia,Apple Pencil USB-C offers precision drawing and writing for iPad. Recharge easily with USB-C connection. Buy today at Senheng with 0% Instalments available.
Product,https://www.senheng.com.my/pc-accessories/apple-smart-keyboard-folio-for-ipad-pro-12-9-inch-4th-generation,"Get Apple Smart Keyboard Folio iPad Pro 12.9"" | S Coin Cash Back | Senheng",Apple Smart Keyboard Folio combines sleek protection and smooth typing for iPad Pro users. A productivity essential. Shop now at Senheng with 0% Instalments available.
Product,https://www.senheng.com.my/mobile-accessories/apple-usb-c-digital-av-multiport-adapter,Purchase Apple USB-C Digital AV Multiport Adapter | Senheng Malaysia,"Expand connectivity with Apple USB-C AV Multiport Adapter, ideal for work, streaming, and presentations. Lightweight and portable. WhatsApp us today to secure yours."
Product,https://www.senheng.com.my/mobile-accessories/apple-usb-c-to-lightning-cable-1m,Buy Apple USB-C to Lightning Cable 1M | Buy Now Pay Later | Senheng Malaysia,Charge and sync seamlessly with Apple USB-C to Lightning Cable 1M. Its sturdy build ensures reliable performance at home or on the go. WhatsApp us today to order yours.
Product,https://www.senheng.com.my/mobile-accessories/apple-usb-c-to-usb-adapter,Pick up Apple USB-C to USB Adapter | Buy Now Pay Later | Senheng Malaysia,Apple USB-C to USB Adapter connects your USB devices to Mac or iPad. Compact and reliable daily. Buy today at Senheng with 0% Instalments available.
Product,https://www.senheng.com.my/mobile-accessories/apple-usb-c-vga-multiport-adapter,Get Apple USB-C VGA Multiport Adapter | Buy Now Pay Later | Senheng Malaysia,Apple USB-C VGA Multiport Adapter connects your Mac or iPad to displays easily. Includes USB and charging port. Buy today at Senheng with S Coin Cash Back rewards.
Product,https://www.senheng.com.my/mobile-accessories/apple-usb-c-woven-charge-cable-1m,Buy Apple USB-C Woven Charge Cable 1M | Buy Now Pay Later | Senheng Malaysia,"Charge your Apple devices quickly with the USB-C Woven Cable 1M, built for strength and style. Reliable performance every time. WhatsApp us today to order."
Product,https://www.senheng.com.my/food-preparation/elba-9l-oven-toaster-eotd0989bk,Get Elba 9L Oven Toaster | Up to 36 Months Instalments | Senheng Malaysia,"Elba 9L Oven Toaster bakes, toasts, and reheats in compact style. Easy controls make it user-friendly. Buy today at Senheng with 0% Instalments available."
Product,https://www.senheng.com.my/refrigerators/haier-142l-chest-freezer-bd-188hmc,Shop Haier 142L Chest Freezer BD-188HMC | S-Coin Cashback | Warranties | Senheng,"Keep your foods in tip top condition with an amazing freezer! Shop our recommended Haier 142L Chest Freezer BD-188HMC, available here with cashback, warranties and exclusive deals."
Product,https://www.senheng.com.my/cameras/insta360-x5-ita-x5,Purchase Insta360 X5 ITA-X5 | 0% IPP | 1-Year Warranty | Senheng,"Record all the precious moments in your life with the Insta360 X5 ITA-X5, now available at Senheng online store! Click now to shop and enjoy 0% IPP and warranty benefits!"
Product,https://www.senheng.com.my/mobile-accessories/iphone-15-silicone-case-with-magsafe,Buy iPhone 15 Silicone Case With MagSafe | S Coin Cash Back | Senheng Malaysia,iPhone 15 Silicone Case with MagSafe provides a soft-touch finish and secure magnetic fit. Stylish and protective. Buy today at Senheng with S Coin Cash Back rewards.
Product,https://www.senheng.com.my/smart-home-appliances/pensonic-1-0hp-smart-portable-air-conditioner-pen-ppa1011w,Shop Pensonic 1.0HP Smart Portable Air Conditioner | 16% S-Coin Cashback | Senheng,"Perfect for all areas with ease of control, shop Pensonic 1.0HP Smart Portable Air Conditioner here today with Senheng! Shop now and enjoy additional cashback rewards!"
Product,https://www.senheng.com.my/food-maker/philips-3-in-1-sandwich-maker,Buy Philips 3-in-1 Sandwich Maker Online | Senheng Malaysia,"Browse the Philips 3-in-1 Sandwich Maker with 750W power, 3 interchangeable plates for paninis, waffles, and sandwiches, and non-stick coating for easy cleanup. Available now in Malaysia at Senheng."
Product,https://www.senheng.com.my/cooking/robam-electric-hob-with-2-ceramic-cooking-zone-srb-7w2h00,Shop ROBAM Electric Hob with 2 Ceramic Cooking Zone SRB-7W2H00 | 0% IPP | Senheng,Shop cooking hobs here at the largest online appliance store in Malaysia! Get the featured ROBAM Electric Hob with 2 Ceramic Cooking Zone SRB-7W2H00 with 0% IPP at Senheng.
Product,https://www.senheng.com.my/refrigerators/samsung-771l-refrigerator-tmf-twin-cooling-plus-black-inox-sam-rt62k7005bs,Purchase Samsung 771L Refrigerator TWIN Cooling Plus | Senheng Malaysia,"Samsung 771L Twin Cooling Plus Fridge delivers freshness, efficiency, and a sleek Black Inox style. A premium choice for large families. Shop now at Senheng with 0% Instalments available."
Product,https://www.senheng.com.my/laundry/samsung-bespoke-ai-13-8kg-washer-dryer-with-ai-ecobubble-sam-wd13bb944dg,Purchase Samsung BESPOKE AI™ 13/8kg Washer Dryer | S-Coin Cashback | Senheng,"Enjoy the best washer and dryer sale here with Senheng, the largest online appliance store. Shop Samsung BESPOKE AI™ 13/8kg Washer Dryer with 15% S-Coin Cashback here."
Product,https://www.senheng.com.my/refrigerators/sharp-380l-folio-2-door-fridge-inverter-sj3822mss,Order Sharp 380L Folio 2 Door Inverter Fridge | S Coin Cash Back | Senheng,"Sharp 380L Folio Inverter Fridge combines practical storage, elegant design, and energy efficiency. Perfect for families. Shop now at Senheng with 0% Instalments available."
Product,https://www.senheng.com.my/food-preparation/tefal-bievenue-small-spatula-27451,Get Tefal Bienvenue Small Spatula | 0% Interest Instalments | Senheng Malaysia,Tefal Bienvenue Small Spatula offers heat resistance and durability for everyday cooking. Compact and easy to clean. Buy today at Senheng with 0% Instalments available.
Product,https://www.senheng.com.my/accessories/masterlink-26-40-full-motion-mount-msl-2643fm602,Purchase MasterLink 26 -40 Full Motion Mount | 5 Year Warranties | Senheng,"Shop the MasterLink 26 -40 Full Motion Mount TV bracket here at the authorised reseller in Malaysia. The best deals and services are here, shop here with additional warranties."
Product,https://www.senheng.com.my/accessories/masterlink-26-43-fixed-mount-msl-2643fx500,Shop MasterLink 26 - 43 Inch Fixed Mount | Extra Warranties | Senheng,"Supporting your needs is the MasterLink 26"" - 43"" Fixed Mount TV brackets! Click here to shop Senheng and enjoy the best deals and services. Shop now with additional warranties."
Product,https://www.senheng.com.my/accessories/masterlink-40-55-full-motion-mount-msl-4063fm802,Shop MasterLink 40 -55 Full Motion Mount | Self-Collection Available | Senheng,Shop the MasterLink 40 -55 Full Motion Mount TV brackets here with the authorised reseller in Malaysia! Shopping with Senheng allows you to enjoy the best deals. Click here.
Product,https://www.senheng.com.my/air-quality/haier-1-5hp-air-conditioner-inverter-hai-hsu13vra22,Shop Haier 1.5HP Air Conditioner Inverter | Low Instalments | 0% IPP | Senheng,Shop Haier 1.5HP Air Conditioner Inverter and many other air conditioners from top brands here at the authorised reseller in Malaysia! Shop now and enjoy low instalments!
Product,https://www.senheng.com.my/air-quality/hatari-16-inch-slide-fan-grey-htr-hts16m7-gr,Purchase Hatari 16 Inch Slide Fan Grey | Instalment Payment | Senheng,"Shopping for stand fans? Click here to shop the Hatari 16 Inch Slide Fan Grey, available with Senheng today at exclusive deals. Clcik here to get the best deals."
Product,https://www.senheng.com.my/air-quality/hatari-table-fan-18-inch-sirim-certified-ht-t18m3-grey,Shop Hatari Table Fan 18-Inch SIRIM Certified | Instalment Payment | Senheng,Shop for a stand fan that suits you! We recommend the Hatari Table Fan 18-Inch SIRIM Certified to provide cool air to your rooms. Click here to shop with Senheng.
Product,https://www.senheng.com.my/air-quality/hisense-1-5hp-r32-inverter-air-conditioner-tu-ai13tugs,Shop Hisense 1.5HP R32 Inverter Air Conditioner | Low Instalment | Senheng,"Shop Hisense 1.5HP R32 Inverter Air Conditioner here with amazing deals and additional warranty coverages. Offering low instalments while stocks last, click here to shop Senheng!"
Product,https://www.senheng.com.my/air-quality/houm-air-circulator-fan-hou-c6,Shop Houm Air Circulator Fan HOU-C6 | Extra Warranties | Senheng,"Packing a punch with its powerful aerodynamic turbo design, the Houm Air Circulator Fan HOU-C6 offers modern aesthetics with powerful functions. Get it here and enjoy warranties!"
Product,https://www.senheng.com.my/air-quality/jisulife-2000mah-fa49-handheld-fan-mini-fan,Shop JISULIFE 2000mAh FA49 Handheld Fan Mini Fan | Extra Warranties | Senheng,"Small in size, Big in power! JISULIFE 2000mAh FA49 Handheld Fan Mini Fan is available here with Senheng at exclusive prices. Grab one today and experience its amazing features."
Product,https://www.senheng.com.my/air-quality/jisulife-4000mah-fa19-usb-portable-rechargeable-fan-with-type-c-charging-port-green,Shop JISULIFE 4000mAh FA19 USB Portable Rechargeable Fan | Warranties | Senheng,"Adjust to any angle you please for cool sensation, all possible with the JISULIFE 4000mAh FA19 USB Portable Rechargeable Fan. Click here to shop the model and enjoy amazing deals!"
Product,https://www.senheng.com.my/air-quality/kdk-16-inch-3-speed-stand-fan-kx405,Shop KDK 16-inch 3-Speed Stand Fan KX405 | S-Coin Cashback | Warranty | Senheng,KDK fans were designed to be durable so that it stays long-lasting. Click here to shop the featured KDK 16-inch 3-Speed Stand Fan KX405 and earn S-Coin Cashback with warranties!
Product,https://www.senheng.com.my/air-quality/kdk-16-inch-wall-fan-with-remote-kc4gr,Shop KDK 16-Inch Wall Fan with Remote KC4GR | 5% S-Coin Cashback | Senheng,KDK 16-Inch Wall Fan with Remote KC4GR is the perfect fit for all types of rooms with its stable features and strengths. Shop now with Senheng and enjoy 5% S-Coin Cashback!
Product,https://www.senheng.com.my/air-quality/khind-12-inch-3-speed-table-fan-tf126se,Shop Khind 12-inch 3-Speed Table Fan TF126SE | 7.5% S-Coin Cashback | Senheng,High performance table fans offer the cool breeze needed to combat the hot weather. Shop Khind 12-inch 3-Speed Table Fan TF126SE here with Senheng and enjoy S-Coin Cashback deals!
Product,https://www.senheng.com.my/air-quality/khind-16-inch-3-speed-stand-fan-sf1682se,Shop Khind 16-inch 3-Speed Stand Fan SF1682SE | 50% S-Coin Cashback | Senheng,Shop Khind 16-inch 3-Speed Stand Fan SF1682SE here with the authorised reseller in Malaysia to experience the cool breeze of the powerful stand fan! Shop now and enjoy warranties!
Product,https://www.senheng.com.my/air-quality/khind-16-inch-stand-fan-sf1663h,Shop Khind 16-inch Stand Fan SF1663H | Extra Warranties | Senheng,Built with high performing motor for a cool breeze! Click here to shop Khind 16-inch Stand Fan SF1663H at Senheng and enjoy extended warranty coverages on your purchase! Shop now!
Product,https://www.senheng.com.my/air-quality/khind-16-wall-fan-wf1602se,Purchase Khind 16 Inch Wall Fan WF1602SE | 50% S-Coin Cashback | Senheng,"Get Khind 16"" Wall Fan WF1602SE for a cool breeze in your space. Shop the model along with other amazing deals at Senheng! Shop now and enjoy extra warranties on your purchase!"
Product,https://www.senheng.com.my/air-quality/khind-60inch-bldc-ceiling-fan-matte-black-khn-cf683dc,Shop KHIND 60inch BLDC Ceiling Fan | 50% S-Coin Cashback | Senheng,Effiicient air delivery is what KHIND 60inch BLDC Ceiling Fan Matte Black KHN-CF683DC gives you to combat hot weathers of Malaysia! Click here to shop and enjoy 50% cashback!
Product,https://www.senheng.com.my/air-quality/lg-1-0hp-dual-inverter-premium-air-conditioner-s3-q09jappa-with-ionizer-and-thinq-function-2024,Shop LG 1.0HP Dual Inverter Premium Air Conditioner | Low Instalment | Senheng,LG 1.0HP Dual Inverter Premium Air Conditioner gives 99% removal of bacteria through its plasmaster ionizer! Enjoy bacteria free enviroments with low instalments on your purchase!
Product,https://www.senheng.com.my/air-quality/lg-dual-inverter-premium-air-conditioner-lg-s3q12jappa,Purchase LG Dual Inverter Premium Air Conditioner | 15% S-Coin Cashback | Senheng,"Faster Cooling, Faster Comfort. LG Dual Inverter Premium Air Conditioner is available here with Senheng at great deals to help combat hot weathers of Malaysia. Shop now."
Product,https://www.senheng.com.my/air-quality/lg-puricare-360-air-purifier-as10gdpb0-dual-booster,Purchase LG PuriCare 360 Air Purifier Dual Booster | Extra Warranties | Senheng,"Fresh air all over your home! Introducing the featured LG PuriCare 360 Air Purifier Dual Booster, available here with Senheng at amazing deals. Click to shop with extra warranties!"
Product,https://www.senheng.com.my/air-quality/lg-puricare-360-air-purifier-as65gdpb0-single-booster,Shop LG PuriCare 360 Air Purifier AS65GDPB0 Single Booster | 0% IPP | Senheng,Absorb polluntant in all areas of your home with PuriCare 360 Air Purifier AS65GDPB0 Single Booster! Shop here to enjoy 0% IPP and additional warranty coverages! Click here.
Product,https://www.senheng.com.my/air-quality/lg-puricare-aerofurniture-air-purifier-graphite-with-wireless-charging-lg-as20gpkk0,Shop LG PuriCare™ AeroFurniture Air Purifier | 1-Year Warranty | Senheng,"Purchase the featured LG PuriCare™ AeroFurniture Air Purifier with wireless charging here at the authorised reseller in Malaysia, Senheng! Click here to shop with warranty coverage."
Product,https://www.senheng.com.my/air-quality/midea-1-0hp-fairy-series-non-inverter-r32-wall-mounted-air-conditioner-mid-msmf10crn8,Midea 1.0HP Non-Inverter R32 Wall Mounted Air Conditioner | 0% IPP | Senheng,Enjoy cooling with energy efficiency with Midea 1.0HP Fairy Series Non-Inverter R32 Wall Mounted Air Conditioner! Shop Senheng and enjoy 0% IPP low instalments with your purchase.
Product,https://www.senheng.com.my/air-quality/midea-3-speed-table-circulation-fan-mfg150m0apb,Shop Midea 3-Speed Table Circulation Fan | Self-Collect Available | Senheng,Enjoy the cool breeze from the Midea 3-Speed Table Circulation Fan here with the authorized reseller in Malaysia! Shop Senheng to enjoy the best deals and services. Click to shop.
Product,https://www.senheng.com.my/air-quality/midea-30-inch-3-speed-tower-fan-mtf-101k,Purchase Midea 30-inch 3-Speed Tower Fan MTF-101K | Extra Warranties | Senheng,3 Speed choice with a 3 hour timer! Midea 30-inch 3-Speed Tower Fan MTF-101K has amazing features to keep you cool during hot weathers. Shop to enjoy additional warranties.
Product,https://www.senheng.com.my/air-quality/midea-7-0l-slim-tower-air-cooler-with-purifying-function-mac-107ar,Shop Midea 7.0L Slim Tower Air Cooler | Extra Warranties | Senheng,Midea 7.0L Slim Tower Air Cooler with Purifying Function offers users wide angle oscillation 3 speed levels for various usage! Click here to shop with extra warranties at Senheng.
Product,https://www.senheng.com.my/air-quality/midea-7-inch-stand-circulation-fan-with-3-speed-levels-mfg180m0apb,Purchase Midea 7-Inch Stand Circulation Fan | Extra Warranties | Senheng,"Midea 7-Inch Stand Circulation Fan with 3-Speed Levels is available here with the authorised reseller in Malaysia, offering you the best deals with a cool breeze. Click here."
Product,https://www.senheng.com.my/air-quality/panasonic-1-0hp-r32-standard-non-inverter-air-conditioner-cs-pn9wkh-1,Shop Panasonic 1.0HP R32 Standard Non-Inverter Air Conditioner | 0% IPP | Senheng,Install the Panasonic 1.0HP R32 Standard Non-Inverter Air Conditioner to combat hot temperatures in Malaysia. Shop Senheng to enjoy all the best deals and services today!
Product,https://www.senheng.com.my/air-quality/panasonic-1-0hp-standard-inverter-r32-air-conditioner-cs-pu9xkh-1,Panasonic 1.0HP Standard Inverter R32 Air Conditioner | S-Coin Cashback | Senheng,"Energy savings with Inverter, ECO Mode with A.I. Control, and environmentally friendly R32 refrigerant! Click here to shop Panasonic 1.0HP Standard Inverter R32 Air Conditioner!"
Product,https://www.senheng.com.my/air-quality/panasonic-1-5hp-r32-standard-non-inverter-air-conditioner-psn-cspn12wkh,Shop Panasonic 1.5HP R32 Standard Non-Inverter Air Conditioner | 0% IPP | Senheng,"It's an excellent heat transfer medium, leading to greater energy efficiency and cost effectiveness. Get Panasonic 1.5HP R32 Standard Non-Inverter Air Conditioner here with 0% IPP!"
Product,https://www.senheng.com.my/air-quality/panasonic-1-5hp-x-deluxe-inverter-air-conditioner-psn-csru12akh-1,Panasonic 1.5HP X-Deluxe Inverter Air Conditioner | S-Coin Cashback | Senheng,Enjoy powerful cooling performance with the Panasonic 1.5HP X-Deluxe Inverter Air Conditioner. All the best deals with S-Coin Cashback when you shop with Senheng.
Product,https://www.senheng.com.my/air-quality/panasonic-12-inch-3-speed-electric-fan-psn-fmn304,Shop Panasonic 12-inch 3-speed Electric Fan | 1-Year Warranty | Senheng,Install Panasonic 12-inch 3-speed Electric Fan to combat the hot temperatures of Malaysia! Shop now to enjoy the best deals with 1 year warranty coverage. Click here to shop.
Product,https://www.senheng.com.my/air-quality/panasonic-16-inch-3-speed-electric-wall-fan-psn-fmu408,Shop Panasonic 16-inch 3-speed Electric Wall Fan | 7.5% Cashback | Senheng,Get the Panasonic 16-inch 3-speed Electric Wall Fan to deal with the hot weather! Get all the best deals and services with 7.5% S-Coin Cashback here with Senheng!
Product,https://www.senheng.com.my/air-quality/panasonic-16-inch-3-speed-stand-fan-psn-fmx405,Purchase Panasonic 16-inch 3-Speed Stand Fan | 7.5% S-Coin Cashback | Senheng,"A great choice to conquer the heat when temperatures are rising. Get the Panasonic 16-inch 3-Speed Stand Fan here with Senheng today, and enjoy 7.5% S-Coin Cashback! Shop now."
Product,https://www.senheng.com.my/air-quality/panasonic-2-0hp-r32-standard-eco-inverter-air-conditioner-psn-csru18akh-1,Shop Panasonic 2.0HP R32 Standard Eco Inverter Air Conditioner | 0% IPP | Senheng,Purify Around-the-Clock with nanoe™ X. The best features are in Panasonic 2.0HP R32 Standard Eco Inverter Air Conditioner to give you cooling comfort! Shop here with 0% IPP!
Product,https://www.senheng.com.my/air-quality/panasonic-2-0hp-r32-standard-non-inverter-air-conditioner-psn-cspn18xkh1b,Panasonic 2.0HP R32 Standard Non-Inverter Air Conditioner | 0% IPP | Senheng,"AEROWINGS flows air across the room, and Quiet mode reduces noise levels for quiet operation. Enjoy 0% IPP in purchasing Panasonic 2.0HP R32 Standard Non-Inverter Air Conditioner!"
Product,https://www.senheng.com.my/air-quality/panasonic-2-5hp-r32-inverter-air-conditioner,Shop Panasonic 2.5HP R32 Inverter Air Conditioner | 0% IPP | Senheng,4 star energy saving with 24Hr On/Off Real Setting Timer! Panasonic 2.5HP R32 Inverter Air Conditioner offers amazing cooling features suitable for Malaysia! Shop with 0% IPP here!
Product,https://www.senheng.com.my/air-quality/panasonic-2-5hp-r32-standard-non-inverter-air-conditioner-psn-cspn24xkh,Shop Panasonic 2.5HP R32 Standard Non-Inverter Air Conditioner | 0% IPP | Senheng,Standard Non-Inverter PN Series features instant powerful cooling with just a push of a button. Shop the Panasonic 2.5HP R32 Standard Non-Inverter Air Conditioner here with 0% IPP!
Product,https://www.senheng.com.my/air-quality/panasonic-2-5hp-r32-x-premium-inverter,Shop Panasonic 2.5HP R32 X-Premium Inverter | Low Instalment | Senheng,"Enjoy comfortable cooling with AEROWINGS, advanced humidity control with Dry Mode and iAUTO-X with Humidity Sensor. Shop Panasonic 2.5HP R32 X-Premium Inverter with low instalments!"
Product,https://www.senheng.com.my/air-quality/panasonic-20-m-nanoe-air-purifier-fpxj30ahm,Shop Panasonic 20 m² Nanoe™ Air Purifier | 1 Year Warranty | Senheng,"A Nanoe™ device releases these water particles to effectively inhibit viruses, bacteria, odours and allergens. Click here shop Panasonic 20 m² nanoe™ Air Purifier with warranties!"
Product,https://www.senheng.com.my/air-quality/panasonic-3-0hp-ceiling-cassette-non-inverter,Panasonic 3.0HP Ceiling Cassette - Non Inverter | 0% IPP | Warranties | Senheng,Delivering industry-leading powerful airflow and a cleaner environment thanks to Nanoe™ X. Install Panasonic 3.0HP Ceiling Cassette - Non Inverter here and enjoy extra warranties!
Product,https://www.senheng.com.my/air-quality/panasonic-3-0hp-r32-inverter-air-conditioner,Purchase Panasonic 3.0HP R32 Inverter Air Conditioner | Low Instalment | Senheng,The improved Panasonic 3.0HP R32 Inverter Air Conditioner Inside Cleaning ensures inside of the indoor unit is pollutant free. Click here to shop the model with low instalment!
Product,https://www.senheng.com.my/air-quality/panasonic-3-speed-compact-table-fan-fmn404,Shop Panasonic 3-Speed Compact Table Fan | 7.5% S-Coin Cashback | Senheng,Cool your area with the Panasonic 3-Speed Compact Table Fan! Shop here at the authorised reseller in Malaysia and enjoy cashbacks of 7.5%! Click here to shop Senheng.
Product,https://www.senheng.com.my/air-quality/panasonic-56-inch-nami-4-blade-5-speed-ceiling-fan-fm14e2,Shop Panasonic 56-inch NAMI 4 Blade 5-Speed Ceiling Fan | Warranty | Senheng,"Enjoy the cool breeze from Nami 4 Blade, all the best features with the smart ceiling fan in Panasonic 56-inch NAMI 4 Blade 5-Speed Ceiling Fan! Shop now and enjoy warranties."
Product,https://www.senheng.com.my/air-quality/panasonic-60-inch-5-blade-nami-5-speed-ceiling-fan-f-m15e2vbhh,Panasonic 60-inch 5 Blade NAMI 5-Speed Ceiling Fan | 1 Year Warranty | Senheng,Strong and smooth air flow for maximum comfort! Install Panasonic 60-inch 5 Blade NAMI 5-Speed Ceiling Fan and experience the amazing smart ceiling fan! Shop now for additional warranty.
Product,https://www.senheng.com.my/air-quality/panasonic-60-inch-econavi-5-blade-ceiling-fan-psn-fm15h5-qpi,Panasonic 60-inch ECONAVI 5-Blade Ceiling Fan | 10% S-Coin Cashback | Senheng,Shop Panasonic 60-inch ECONAVI 5-Blade Ceiling Fan and enjoy cool breeze from the smart ceiling fan. Shopping with Senheng means you enjoy the best deals and services.
Product,https://www.senheng.com.my/air-quality/panasonic-60-inch-nanoe-x-5-blade-ceiling-fan-psn-fm15mevbkqh,Panasonic 60-inch Nanoe™ X 5-Blade Ceiling Fan | 15% S-Coin Cashback | Senheng,"Use less energy to provide massive air flow to combat the hot weather of Malaysia! Click to shop Panasonic 60-inch nanoe™ X 5-Blade ceiling Fan, available with S-Coin Cashback!"
Product,https://www.senheng.com.my/air-quality/panasonic-60-inch-wifan-wifi-5-blade-led-ceiling-fan-mobile-app-control-fm15gcvbksh,Panasonic 60-inch WIFAN WiFi 5-Blade LED Ceiling Fan | S-Coin Cashback | Senheng,"Enjoy great fan prices in Malaysia! Purchase and install the featured Panasonic 60-inch WIFAN WiFi 5-Blade LED Ceiling Fan, available here with 15% S-Coin Cashback! Shop now."
Product,https://www.senheng.com.my/air-quality/panasonic-60-led-5-blade-ceiling-fan-short-pipe-psn-fm15gwqpi,Shop Panasonic 60 Inch LED 5-Blade Ceiling Fan | 10% S-Coin Cashback | Senheng,"Looking for a new smart ceiling fan? Enjoy cooling sensation with the Panasonic 60 Inch LED 5-Blade Ceiling Fan! Shop now and enjoy 10% S-Coin Cashback, only at Senheng!"
Product,https://www.senheng.com.my/air-quality/panasonic-ceiling-fan-3-blade-fan-fm15ao,Purchase Panasonic Ceiling Fan 3 Blade Fan | 1-Year Warranty | Senheng,Get a new smart ceiling fan here at the authorised reseller in Malaysia! Shop the featured Panasonic Ceiling Fan 3 Blade Fan here and enjoy additional warranties to your purchase!
Product,https://www.senheng.com.my/air-quality/panasonic-econavi-5-blade-ceiling-fan-psn-fm15h5-rpi,Shop Panasonic ECONAVI 5-Blade Ceiling Fan | 10% S-Coin Cashback | Senheng,"Strong wind performance for a cool environment, that's what everyone is looking for in a smart ceiling fan! Shop Panasonic ECONAVI 5-Blade Ceiling Fan here and enjoy cashback!"
Product,https://www.senheng.com.my/air-quality/panasonic-f-m15exvbkrh-60-inch-aura-series-5-blade-ceiling-fan-psn-fm15exvbkrh,Panasonic 60-inch Aura Series 5-Blade Ceiling Fan | 10% S-Coin Cashback | Senheng,Get amazing smart ceiling fans prices here at the authorised reseller in Malaysia! Shop Panasonic F-M15EXVBKRH 60-inch Aura Series 5-Blade Ceiling Fan here and earn cashback!
Product,https://www.senheng.com.my/air-quality/panasonic-nanoe-x-air-purifier-with-hepa-composite-filter-psn-fpxu70awm,Panasonic nanoe™ X Air Purifier with HEPA Composite Filter | 0% IPP | Senheng,Shop affordable air purifiers here in Malaysia with Senheng! Get the Panasonic nanoe™ X Air Purifier with HEPA Composite Filter and enjoy 0% IPP with your purchase. Get yours now.
Product,https://www.senheng.com.my/air-quality/pensonic-16-inch-3-speed-stand-fan-psf4505gy,Shop Pensonic 16-Inch 3-Speed Stand Fan | 50% S-Coin Cashback | Senheng,Shop the full collection of fans that cater to your needs here at the authorised reseller in Malaysia! Get Pensonic 16-Inch 3-Speed Stand Fan and enjoy 50% S-Coin Cashback now!
Product,https://www.senheng.com.my/air-quality/pensonic-7l-65w-air-cooler-pen-pac105m,Purchase Pensonic 7L 65W Air Cooler | 5% S-Coin Cashback | Senheng,Engineered and crafted to make your environment evermore comfortable! Pensonic 7L 65W Air Cooler is available here with 5% S-Coin Cashback. Shop now with Senheng.
Product,https://www.senheng.com.my/air-quality/philips-tower-fan-plp-cx5535,Shop Philips Tower Fan PLP-CX5535 | 5% S-Coin Cashback | Senheng,"Install a smart ceiling fan like Philips Tower Fan PLP-CX5535, available here with 5% S-Coin Cashback and more great deals only at Senheng. Shop now while stocks last."
Product,https://www.senheng.com.my/air-quality/samsung-1-0hp-windfree-deluxe-air-conditioner-with-inverter-ar10byfa,Samsung 1.0HP WindFree™ Deluxe Air Conditioner | 0% IPP | Warranties | Senheng,Install Samsung 1.0HP WindFree™ Deluxe Air Conditioner to combat the hot temperature of Malaysia! Click here to shop and enjoy warranties to your 0% IPP purchase.
Product,https://www.senheng.com.my/air-quality/samsung-1-0hp-windfree-premium-air-conditioner-with-inverter-ar10byea,Samsung 1.0HP WindFree™ Premium+ Air Conditioner | 3% S-Coin Cashback | Senheng,Shop and install eco friendly air conditioner here with Senheng! Shop the featured Samsung 1.0HP WindFree™ Premium+ Air Conditioner and enjoy 3% S-Coin cashback and more!
Product,https://www.senheng.com.my/air-quality/samsung-1-5hp-windfree-deluxe-air-conditioner-with-inverter-ar13byfa,Samsung 1.5HP WindFree™ Deluxe Air Conditioner | 0% IPP | Low Instalment | Senheng,Looking for an eco friendly air conditioner to combat the heat in Malaysia! Shop Samsung 1.5HP WindFree™ Deluxe Air Conditioner here and enjoy low instalments and 0% IPP.
Product,https://www.senheng.com.my/air-quality/samsung-1-5hp-windfree-premium-air-conditioner-with-inverter-2022-ar13byea,Samsung 1.5HP Windfree™ Premium Air Conditioner | 15% S-Coin Cashback | Senheng,"On the look out for high quality air conditioners? Click here to shop the featured Samsung 1.5HP Windfree™ Premium Air Conditioner, available with 15% S-Coin Cashback and more!"
Product,https://www.senheng.com.my/air-quality/samsung-2-0hp-windfree-deluxe-air-conditioner,Purchase Samsung 2.0HP WindFree Deluxe Air Conditioner | 0% IPP | Senheng,Looking for a high-quality air conditioner in Malaysia to combat the hot weather? Shop Senheng and the featured Samsung 2.0HP WindFree Deluxe Air Conditioner here with 0% IPP!
Product,https://www.senheng.com.my/air-quality/samsung-2-0hp-windfree-premium-inverter-air-conditioner-ar18byea,Samsung 2.0HP WindFree™ Premium+ Inverter Air Conditioner | 0% IPP | Senheng,"Shopping for eco-friendly air conditioners in Malaysia? Click here to shop Samsung 2.0HP WindFree™ Premium+ Inverter Air Conditioner, available with 0% IPP now with Senheng!"
Product,https://www.senheng.com.my/air-quality/sharp-1-0hp-r32-inverter-j-tech-air-conditioner-ahx9aed,SHARP 1.0HP R32 Inverter J-Tech Air conditioner | 7.5% S-Coin Cashback | Senheng,"Enjoy a cooling breeze with SHARP 1.0HP R32 Inverter J-Tech Air conditioner, available here with 7.5% S-Coin Cashback and more with Senheng! Click to shop amazing deals now."
Product,https://www.senheng.com.my/air-quality/sharp-1-5hp-j-tech-inverter-plasmacluster-air-conditioner-ahxp13ymd,SHARP 1.5HP J-Tech Inverter Plasmacluster Air Conditioner | 0% IPP | Senheng,"Looking to shop high-quality air conditioners in Malaysia? Click here to shop SHARP 1.5HP J-Tech Inverter Plasmacluster Air Conditioner, available for purchase with 0% IPP."
Product,https://www.senheng.com.my/air-quality/sharp-1-5hp-r32-inverter-air-conditioner-ahx12aed,Shop Sharp 1.5HP R32 Inverter Air Conditioner AHX12AED | Warranties | Senheng,"Get great deals on air conditioners in Malaysia here at Senheng, the authorised reseller! Shop Sharp 1.5HP R32 Inverter Air Conditioner AHX12AED with warranties while stocks last."
Product,https://www.senheng.com.my/air-quality/sharp-16-inch-3-speed-stand-fan-pjs169gy,Purchase Sharp 16-inch 3-Speed Stand Fan PJS169GY | 1-Year Warranty | Senheng,"Get a fan to combat the hot weather today! Check out Sharp 16-inch 3-Speed Stand Fan PJS169GY, available at the largest online store in Malaysia with warranties!"
Product,https://www.senheng.com.my/air-quality/sharp-16-inch-wall-fan-pjw169gy,Purchase SHARP 16-Inch Wall Fan PJW169GY | 1-Year Warranty | Senheng,"Shop for the best deals on fans here at the authorised reseller in Malaysia, Senheng! Get SHARP 16-Inch Wall Fan PJW169GY with additional warranty coverages now."
Product,https://www.senheng.com.my/air-quality/sharp-2-0hp-r32-non-inverter-air-conditioner-aha18zcd,Shop Sharp 2.0HP R32 Non-Inverter Air Conditioner | 0% IPP | Senheng,"Shop the best collection of air conditioner, featuring Sharp 2.0HP R32 Non-Inverter Air Conditioner here with 0% IPP at Senheng. Get the best deals and services when you shop now!"
Product,https://www.senheng.com.my/air-quality/sharp-2-5hp-j-tech-inverter-plasmacluster-air-conditioner-ahxp24ymd,SHARP 2.5HP J-Tech Inverter Plasmacluster Air Conditioner | 0% IPP | Senheng,Shop the amazing collection of high quality air conditioners in Malaysia here! Click here to shop SHARP 2.5HP J-Tech Inverter Plasmacluster Air Conditioner AHXP24YMD with 0% IPP.
Product,https://www.senheng.com.my/air-quality/sharp-23m-plasmacluster-technology-air-purifier-fpj30la,Purchase Sharp 23m² Plasmacluster Technology Air Purifier | Warranty | Senheng,"Shop the best and affordable air purifiers for sale in Malaysia here with the authorised reseller, Senheng! Shop Sharp 23m² Plasmacluster Technology Air Purifier here with warranties."
Product,https://www.senheng.com.my/air-quality/sharp-65w-6l-air-cooler-smoother-and-quieter-operation-pja36tvb,Sharp 65W 6L Air Cooler PJA36TVB | 1-Year Warranty | Senheng,"Shop energy efficient air coolers here with the authorised reseller in Malaysia! Click here to shop Sharp 65W 6L Air Cooler PJA36TVB, and enjoy warranties. Purchase here."
Product,https://www.senheng.com.my/air-quality/sharp-air-cooler-pja200tvb,Purchase Sharp Air Cooler PJA200TVB | 1-Year Warranty | Senheng,"Shop great energy efficient air coolers here! Get the featured Sharp Air Cooler PJA200TVB, available with 1-Year warranty exclusively at Senheng! Shop here for the best deals."
Product,https://www.senheng.com.my/air-quality/sharp-air-purifier-fza60dfe-deodorizing-filter-for-kca60e,Shop Sharp Air Purifier FZA60DFE Deodorizing Filter | 1-Year Warranty | Senheng,Get affordable air purifiers in Malaysia here at the largest online appliance store! Click here to shop Sharp Air Purifier FZA60DFE Deodorizing Filter with warranty at Senheng!
Product,https://www.senheng.com.my/air-quality/sharp-deodorizing-filter-fza50dfe,Purchase SHARP Deodorizing Filter FZA50DFE | Limited Sale | Senheng,Shop SHARP Deodorizing Filter FZA50DFE to give your air purifier in Malaysia a better performance! Click here to shop amazing deals with Senheng. Shop while stocks last.
Product,https://www.senheng.com.my/air-quality/sharp-j-tech-inverter-plamacluster-air-conditioner-1-0hp-shp-ahxp10ymd,SHARP J-Tech Inverter Plamacluster Air Conditioner | 0% IPP | Senheng,Shop high-quality air conditioners for sale in Malaysia here with the authorised reseller! Click to shop SHARP J-Tech Inverter Plamacluster Air Conditioner with 0% IPP.
Product,https://www.senheng.com.my/air-quality/sharp-j-tech-inverter-plasmacluster-air-conditioner-2-0hp-shp-ahxp18ymd,Shop SHARP J-Tech Inverter Plasmacluster Air Conditioner 2.0HP | 0% IPP | Senheng,Shop the best eco-friendly air conditioners here with Senheng! Click here to shop the featured SHARP J-Tech Inverter Plasmacluster Air Conditioner 2.0HP with 0% IPP now!
Product,https://www.senheng.com.my/air-quality/sharp-replacement-air-purifier-deodorizing-filter-for-kcd40ew-kcd40eb,Shop SHARP Replacement Air Purifier Deodorizing Filter | Limited Sale | Senheng,Click here and shop SHARP Replacement Air Purifier Deodorizing Filter to give your air purifier in Malaysia a nice boost! Shop now and enjoy the limited sale from Senheng!
Product,https://www.senheng.com.my/air-quality/sharp-replacement-air-purifier-deodorizing-filter-for-model-kcd60e-shp-fzd60dfe,SHARP Replacement Air Purifier Deodorizing Filter for Model KCD60E SHP-FZD60DFE | Senheng,Shop the best replacement filters for air purifiers in Malaysia here! Click here to shop SHARP Replacement Air Purifier Deodorizing Filter for Model KCD60E SHP-FZD60DFE and enjoy deals!
Product,https://www.senheng.com.my/air-quality/toshiba-16-inch-stand-fan-tsb-fsya10-g-my,Shop Toshiba 16 inch Stand Fan TSB-FSYA10(G)MY | 20% S-Coin Cashback | Senheng,"Purchase and install smart ceiling fans with ease here at the authorised reseller in Malaysia, Senheng! Click now to shop Toshiba 16 inch Stand Fan TSB-FSYA10(G)MY with 20% cashback!"
Product,https://www.senheng.com.my/air-quality/xiaomi-air-purifier-4-lite,Purchase Xiaomi Air Purifier 4 Lite | 1-Year Warranty | Senheng,"Shop the best collection of air purifiers in Malaysia here at the largest online appliance store, Senheng! Click now and shop Xiaomi Air Purifier 4 Lite with additional year warranty."
Product,https://www.senheng.com.my/air-quality/xiaomi-air-purifier-4-pro-pet-hair-and-pollen-filtration-oled-display-effective-coverage-area-of-35-60m,Shop Xiaomi Air Purifier 4 Pro Pet-Hair And Pollen Filtration | Warranty | Senheng,"Shop affordable air purifiers in Malaysia here at the largest online appliance store, Senheng! Xiaomi Air Purifier 4 Pro Pet-hair and pollen filtration is available here with warranties!"
Product,https://www.senheng.com.my/cooking/electrolux-80cm-built-in-2-burner-gas-hob-ele-ehg8250bc,Purchase Electrolux 80cm Built In 2 Burner Gas Hob | 15% S-Coin Cashback | Senheng,"Purchase cooking appliances here with the largest online appliance store in Malaysia, Senheng! Check out Electrolux 80cm Built In 2 Burner Gas Hob here with 15% S-Coin Cashback."
Product,https://www.senheng.com.my/ovens/toshiba-24l-convection-with-air-fryer-microwave-oven-tsb-mw3sac24sf-bk,Toshiba 24L Convection with Air Fryer Microwave Oven | 20% S-Coin Cashback | Senheng,"Get a good oven for baking here with Senheng! Shop the largest online appliance store with the featured Toshiba 24L Convection with Air Fryer Microwave Oven, and get S-Coin cashback!"
Product,https://www.senheng.com.my/audio/lg-high-res-audio-soundbar-lg-s70ty,Purchase LG High Res Audio Soundbar LG-S70TY | 15% S-Coin Cashback | Senheng,"Compliment LG QLED TV with LG High Res Audio soundbar LG-S70TY, available here at Senheng with amazing deals and warranties. Click here to shop the best deals with Senheng."
Product,https://www.senheng.com.my/audio/panasonic-street-wireless-headphone-2019-rp-hf410b-white,Purchase Panasonic Street Wireless Headphone | 1-Year Warranty | Senheng,"Enjoy amazing audio with Panasonic Street Wireless Headphone, available at the authorised reseller in Malaysia! Shop online and pick up in store with additional warranty at Senheng."
Product,https://www.senheng.com.my/audio/samsung-b-series-soundbar-hw-b750d-5-1ch-with-sub-woofer-2024-built-in-side-speakers-dolby-5-1ch-dts-virtual-x,Samsung B-Series Soundbar HW-B750D 5.1ch with Sub Woofer (2024) | 0% IPP | Senheng,Click to shop Samsung B-Series Soundbar HW-B750D 5.1ch with Sub Woofer (2024) with the authorised reseller in Malaysia! Purchases at Senheng means your entitled to enjoy 0% IPP!
Product,https://www.senheng.com.my/audio/samsung-q-series-soundbar-hw-q700d-3-1-2ch-with-sub-woofer-2024-dolby-atmoas-sound-bar,Samsung Q-Series Soundbar HW-Q700D 3.1.2ch with Sub Woofer | 0% IPP | Senheng,"Buy soundbar online here with the authorised reseller in Malaysia, Senheng! Click here to get Samsung Q-Series Soundbar HW-Q700D 3.1.2ch with Sub Woofer (2024) with 0% IPP!"
Product,https://www.senheng.com.my/audio/samsung-q-series-soundbar-hw-q990d-11-1-4ch-with-sub-woofer-rear-speaker-2024-dolby-atmos-sound-bar,Samsung Q-series Soundbar with Sub woofer & rear speaker | 0% IPP | Senheng,"Click here to shop home theater sound bar with amazing deals, only available at Senheng! Get Samsung Q-series Soundbar HW-Q990D 11.1.4ch with Sub woofer & rear speaker with 0% IPP."
Product,https://www.senheng.com.my/audio/samsung-t-series-soundbar-hw-t420-2-1ch-with-sub-woofer,Shop Samsung T-Series Soundbar HW-T420 2.1ch | 1-Year Warranty | Senheng,"Buy soundbar online, featuring Samsung T-Series Soundbar HW-T420 2.1ch here at Senheng! Shop the authorised reseller and enjoy 1-year coverage. Shop now while stocks last."
Product,https://www.senheng.com.my/audio/sony-2-1ch-soundbar-with-powerful-wireless-subwoofer-ht-s400,Sony 2.1ch Soundbar with Powerful Wireless Subwoofer | S-Coin Cashback | Senheng,Shopping for soundbars to elevate your entertainment experience? Click here to shop Sony 2.1ch Soundbar with Powerful Wireless Subwoofer and enjoy 7.5% S-Coin Cashback!
Product,https://www.senheng.com.my/audio/sony-200w-additional-wireless-subwoofer-sny-sasw3,Sony 200W Additional Wireless Subwoofer SNY-SASW3 | 0% IPP | Senheng,"Shop speakers online here at the authorised reseller in Malaysia, Senheng! Click here to shop the featured Sony 200W Additional Wireless Subwoofer SNY-SASW3 with 0% IPP!"
Product,https://www.senheng.com.my/audio/sony-3-1ch-dolby-atmos-dts-x-soundbar-ht-g700,Sony 3.1ch Dolby Atmos® DTS:X™ Soundbar HT-G700 | 15% S-Coin Cashback | Senheng,Get yourself a home theater soundbar for an immersive entertainment experience! Click here to shop Sony 3.1ch Dolby Atmos® DTS:X™ Soundbar HT-G700 with 15% S-Coin Cashback now!
Product,https://www.senheng.com.my/audio/sony-360-spatial-sound-mapping-dolby-atmos-3-1ch-soundbar-ht-a3000,Sony 360 Spatial Sound Mapping Dolby Atmos 3.1ch Soundbar HT-A3000 | 0% IPP | Senheng,"Looking to purchase a soundbar with amazing deals? Click here to shop Sony 360 Spatial Sound Mapping Dolby Atmos 3.1ch Soundbar HT-A3000 with 0% IPP, only at Senheng!"
Product,https://www.senheng.com.my/audio/sony-360-spatial-sound-mapping-dolby-atmos-dts-x-home-theatre-system-sny-hta9,Sony 360 Spatial Sound Mapping Home Theatre System | 0% IPP | Senheng,Senheng is now offering high quality speakers for sale! Get the featured Sony 360 Spatial Sound Mapping Dolby Atmos®/DTS:X® Home Theatre System with 0% IPP when you shop here.
Product,https://www.senheng.com.my/audio/sony-5-1ch-home-cinema-soundbar-system-with-bluetooth-technology-ht-s500rf,Purchase Sony 5.1ch Home Cinema Soundbar System | 0% IPP | Senheng,"Sony 5.1ch Home Cinema Soundbar System with Bluetooth® technology, the perfect portable hifi system for you! Click here to purchase and enjoy 0% IPP with warranties."
Product,https://www.senheng.com.my/audio/sony-5-1ch-home-cinema-with-wireless-rear-speakers-ht-s40r,Sony 5.1ch Home Cinema with Wireless Rear Speakers HT-S40R | 0% IPP | Senheng,"Shop amazing soundbars, featuring Sony 5.1ch Home Cinema with Wireless Rear Speakers HT-S40R here at the authorised reseller in Malaysia! Click here to shop and get 0% IPP."
Product,https://www.senheng.com.my/audio/sony-bravia-theatre-bar-8-single-soundbar-dolby-atmos-hta8000,Sony BRAVIA Theatre Bar 8 Single Soundbar Dolby Atmos HTA8000 | 0% IPP | Senheng,"Click here to shop the best soundbar deals, available at the authorised reseller in Malaysia! Shop Sony BRAVIA Theatre Bar 8 Single Soundbar Dolby Atmos HTA8000 here with 0% IPP."
Product,https://www.senheng.com.my/audio/sony-bravia-theatre-bar-9-flagship-single-soundbar-hta9000,Sony BRAVIA Theatre Bar 9 Flagship Single Soundbar | S-Coin Cashback | Senheng,"Buy soundbar online here at the authorised reseller, Senheng! Click here to shop the featured Sony BRAVIA Theatre Bar 9 Flagship Single Soundbar - HTA9000 with S-Coin Cashback!"
Product,https://www.senheng.com.my/audio/sony-ht-s100f-2ch-single-soundbar-with-bluetooth-technology-sny-hts100f,Sony HT-S100F 2Ch Single Soundbar with Bluetooth® Technology | Warranty | Senheng,"Sony HT-S100F 2Ch Single Soundbar with Bluetooth® Technology SNY-HTS100F is now available here at the authorised reseller in Malaysia, Senheng! Click here to shop and get warranties."
Product,https://www.senheng.com.my/audio/sony-ht-s2000-3-1ch-dolby-atmos-soundbar-sny-hts2000,Sony HT-S2000 3.1ch Dolby Atmos Soundbar SNY-HTS2000 | 0% IPP | Senheng,"Buy soundbars online here at the authorised reseller, Senheng! Click here to view and shop Sony HT-S2000 3.1ch Dolby Atmos Soundbar SNY-HTS2000 with 0% IPP and more deals. Shop now."
Product,https://www.senheng.com.my/audio/sony-rear-speaker-sa-rs5-total-180w-additional-wireless-rear-speakers-with-built-in-battery-sny-sars5s,Sony Rear SpeakerTotal 180W Additional Wireless Rear Speakers | 0% IPP | Senheng,Shopping speakers online? Senheng is offering the best deals and services with 0% IPP! Shop Sony Rear Speaker SA-RS5 Total 180W Additional Wireless Rear Speakers here now.
Product,https://www.senheng.com.my/audio/sony-sa-sw5-300w-additional-wireless-subwoofer-soundbars-sny-sasw5,Sony SA-SW5 300W Additional Wireless Subwoofer | 15% S-Coin Cashback | Senheng,"Looking at speakers for sale online? Shop Sony SA-SW5 300W Additional Wireless Subwoofer here at the authorised reseller, Senheng! Get here with 15% S-Coin cashback now."
Product,https://www.senheng.com.my/audio/sony-v43d-high-power-audio-system-with-bluetooth-technology-mhc-v43d,Shop Sony V43D High Power Audio System | 7.5% S-Coin Cashback | Senheng,"Parties are now much more enjoyable, with Sony V43D High Power Audio System! Click here to shop the best speaker deals online with Senheng! Purchase with cashback now."
Product,https://www.senheng.com.my/audio/sony-v73d-high-power-audio-system-with-bluetooth-technology-sny-mhcv73d,Shop Sony V73D High Power Audio System with Bluetooth | 0% IPP | Senheng,"Looking at speakers for sale to elevate your parties? Click here to shop Sony V73D High Power Audio System with Bluetooth, now availlable with 0% IPP and warranties with Senheng!"
Product,https://www.senheng.com.my/audio/sony-xp500-x-series-portable-wireless-speaker,Purchase Sony XP500 X-Series Portable Wireless Speaker | 0% IPP | Senheng,"A versatile portable wireless speaker keeps the party going anywhere! Click here to shop the best speakers, featuring Sony XP500 X-Series Portable Wireless Speaker! Shop Senheng here!"
Product,https://www.senheng.com.my/audio/sony-xp700-x-series-portable-wireless-speaker,Shop Sony XP700 X-Series Portable Wireless Speaker | 1-Year Warranty | Senheng,"Shop Sony XP700 X-Series Portable Wireless Speaker here at the authorised reseller in Malaysia, Senheng! Shopping here means you enjoy additional coverages to your purchase. Shop now."
Product,https://www.senheng.com.my/beverage-preparation/elba-coffee-maker-ecm-r1583-bk,Shop ELBA Coffee Maker ECM-R1583(BK) | 5% S-Coin Cashback | Senheng,Looking to find beverage machines to make a good cup of coffee? Check out ELBA Coffee Maker ECM-R1583(BK) here with Senheng and enjoy 5% S-Coin Cashback with your purchase.
Product,https://www.senheng.com.my/beverage-preparation/faber-cristallo-1-8l-glass-kettle-fck180bk,Shop Faber Cristallo 1.8L Glass Kettle | Warranties | Instalment Payment | Senheng,The Faber Cristallo 1.8L Glass Kettle is a great addition to ease cooking! Shop with the best deals and services at Senheng! Shop kitchen appliances here while stocks last!
Product,https://www.senheng.com.my/beverage-preparation/kenwood-0-5l-dual-voltage-travel-kettle-jkp250,Shop Kenwood 0.5L Dual Voltage Travel Kettle | 5% S-Coin Cashback | Senheng,Looking for a new kettle? Kenwood 0.5L Dual Voltage Travel Kettle is available here at the authorised reseller in Malaysia with 5% S-Coin Cashback! Shop kitchen appliances here!
Product,https://www.senheng.com.my/beverage-preparation/khind-2l-electric-kettle-khn-ek2010-pk,Shop Khind 2L Electric Kettle KHN-EK2010(PK) | 22% S-Coin Cashback | Senheng,Big capacity and a stainless steel interior provides maximum storing of hot water. Click to check out Khind 2L Electric Kettle KHN-EK2010(PK) and shop with 22% S-Coin Cashback!
Product,https://www.senheng.com.my/beverage-preparation/midea-1-7l-glass-jug-body-kettle-mid-mk17g02,Shop Midea 1.7L Glass Jug Body Kettle | 5% S-Coin Cashback | Senheng,Get the Midea 1.7L Glass Jug Body Kettle here with the authorised reseller in Malaysia! Click now to shop Senheng and our best deals and earn S-Coin cashbacks! Shop now.
Product,https://www.senheng.com.my/beverage-preparation/montigo-12oz-coffee-cup-disney-princess,Montigo 12oz Coffee Cup Disney Princess | Authorised Reseller Malaysia | Senheng,"Ergonomically designed to enhance your coffee-drinking experience, and fit perfectly under any coffee machine in standard cup holders. Get Montigo Coffee Cup Disney Princess here!"
Product,https://www.senheng.com.my/beverage-preparation/montigo-180oz-ace-bottle-disney-princess,Montigo 180oz Ace Bottle Disney Princess | Authorised Reseller Malaysia | Senheng,"Leakproof design,temperature retention, BPA/BPS-free, the best qualities all in the Montigo 180oz Ace Bottle Disney Princess! Shop now with Senheng to get the best deals!"
Product,https://www.senheng.com.my/beverage-preparation/montigo-pixar-playground-coffee-cup,Shop Montigo Pixar Playground Coffee Cup | Authorised Reseller Malaysia | Senheng,Get the Montigo Pixar Playground Coffee Cup in your favourite character here at the authorised reseller in Malaysia! Shopping with Senheng means you enjoy the best deals here.
Product,https://www.senheng.com.my/beverage-preparation/montigo-senja-sense-coffee-cup,Purchase Montigo Senja Sense Coffee Cup | Authorised Reseller Malaysia | Senheng,"Your perfect on-the-move coffee companion, designed to enhance your coffee experience. Click here to get the Montigo Senja Sense Coffee Cup with the best deals offered by Senheng!"
Product,https://www.senheng.com.my/beverage-preparation/montigo-sense-cup-with-straw-lid,Shop Montigo Sense Cup with Straw Lid | Authorised Reseller Malaysia | Senheng,"Whether you’re a busy professional or a fitness enthusiast, the Sense Straw adapts to your lifestyle. Click to view and purchase Montigo Sense Cup with Straw Lid with great deals!"
Product,https://www.senheng.com.my/beverage-preparation/nespresso-lattissima-milk-touch-black-coffee-machine-f521mebk,Shop Nespresso Lattissima Milk Touch Black Coffee Machine | 0% IPP | Senheng,"With this, make your usual Espresso or Lungo, as well as enjoy the occasional Cappuccino or Latte Macchiato! Click here to shop Nespresso Lattissima Milk Touch Black Coffee Machine."
Product,https://www.senheng.com.my/beverage-preparation/panasonic-1-5l-electric-kettle-nckd300wsk,Shop Panasonic 1.5L Electric Kettle | 7.5% S-Coin Cashback | Senheng,Add Panasonic 1.5L Electric Kettle to your kitchen staples with 7.5% S-Coin Cashback! All the best deals and services when you shop with Senheng. Click here to shop now.
Product,https://www.senheng.com.my/beverage-preparation/panasonic-3-0l-thermo-pot-nceg3000,Purchase Panasonic 3.0L Thermo Pot | 1-Year Warranty | Senheng,"Select up to 4 keep warm temperatures or press Reboil to re-start boiling, all with Panasonic 3.0L Thermo Pot! Click here to shop the thermo pot with additional year coverages."
Product,https://www.senheng.com.my/beverage-preparation/pensonic-1-2l-coffee-maker-pen-pcm1902,Purchase Pensonic 1.2L Coffee Maker | 1-Year Warranty | Senheng,"Enjoy a good cup of coffee anytime with Pensonic 1.2L Coffee Maker, available here at Senheng! Shop the authorised reseller in Malaysia and enjoy additional coverages on purchases."
Product,https://www.senheng.com.my/beverage-preparation/pensonic-3-0l-thermo-pot-ptf3001,Purchase Pensonic 3.0L Thermo Pot | 1-Year Warranty | Senheng,"Enjoy Pensonic 3.0L Thermo Pot as you shop with additional year coverages here at the authorised reseller in Malaysia! Shop now for the best deals, only with Senheng."
Product,https://www.senheng.com.my/beverage-preparation/pensonic-4-2l-kettle-pen-pak5002,Purchase Pensonic 4.2L Kettle | 50% S-Coin Cashback | Senheng,Made with food grade quality stainless steel allows for clean operation while also preventing the likeliness of rust. Shop Pensonic 4.2L Kettle with 50% S-Coin Cashback here!
Product,https://www.senheng.com.my/beverage-preparation/pensonic-5-0l-dispenser-airpot-pen-ptf5001,Purchase Pensonic 5.0L Dispenser Airpot | 1-Year Warranty | Senheng,The Pensonic 5.0L Thermopot comes with a large 5.0L capacity that's enough to cater to a family of 4 to 5 persons. Click here to shop the thermopot with additional warranty!
Product,https://www.senheng.com.my/beverage-preparation/pensonic-5l-thermopot-ptf5003,Purchase Pensonic 5L Thermopot PTF5003 | 7.5% S-Coin Cashback | Senheng,"Shop the best thermo pot prices here at the authorised reseller in Malaysia! Get the featured Pensonic 5L Thermopot PTF5003, available here with 7.5% S-Coin Cashback and more!"
Product,https://www.senheng.com.my/beverage-preparation/philips-1-3l-stainless-steel-jug-kettle-hd9303-03,Shop Philips 1.3L Stainless Steel Jug Kettle | 50% S-Coin Cashback | Senheng,Get your kettles here with the authorised reseller in Malaysia to upgrade your kitchen staples! Shop Philips 1.3L Stainless Steel Jug Kettle here with 50% S-Coin Cashback!
Product,https://www.senheng.com.my/beverage-preparation/russell-taylors-1-7l-kettle-rk10,Purchase Russell Taylors 1.7L Kettle RK10 | 1-Year Warranty | Senheng,"Buy kettle online here at the authorised reseller in Malaysia, Senheng. Click here to shop Russell Taylors 1.7L Kettle RK10 with additional warranty coverages now."
Product,https://www.senheng.com.my/beverage-preparation/russell-taylors-masticating-cold-press-compact-slow-juicer-rst-sj1,Russell Taylors Masticating Cold Press Compact Slow Juicer | Warranty | Senheng,Shop juicers for sale here at the authorised reseller in Malaysia! Enjoy Russell Taylors Masticating Cold Press Compact Slow Juicer with additional warranty here.
Product,https://www.senheng.com.my/beverage-preparation/russell-taylors-masticating-cold-press-slow-juicer-with-130mm-wide-feeding-tube-rst-sj3,Russell Taylors Masticating Cold Press Slow Juicer | S-Coin Cashback | Senheng,Add Russell Taylors Masticating Cold Press Slow Juicer with 130mm Wide Feeding Tube to your kitchen staples as you shop with additional 7.5% S-Coin Cashback with Senheng! Shop now.
Product,https://www.senheng.com.my/beverage-preparation/russell-taylors-speedboil-retro-kettle-rk-10-1-7l,Shop Russell Taylors SpeedBoil Retro Kettle RK-10 | 2-Year Warranty | Senheng,"Enjoy buying kettle online here at Senheng, the largest appliance store! Click here to make a purchase of Russell Taylors SpeedBoil Retro Kettle RK-10 and enjoy warranties!"
Product,https://www.senheng.com.my/beverage-preparation/toshiba-1-5l-kettle,Purchase Toshiba 1.5L Kettle | 20% S-Coin Cashback | Senheng,"Buy kettles online and enjoy the best deals and services from Senheng! Click here to shop Toshiba 1.5L Kettle, available now with 20% S-Coin Cashback here! Shop while stocks last."
Product,https://www.senheng.com.my/beverage-preparation/toshiba-1-7l-stainless-steel-cordless-jug-kettle-tsb-kt17dr1nmy,Toshiba 1.7L Stainless Steel Cordless Jug Kettle TSB-KT17DR1NMY | Warranty | Senheng,"Shop the best kettles for sale here at the authorised reseller in Malaysia, Senheng! Click now and shop Toshiba 1.7L Stainless Steel Cordless Jug Kettle TSB-KT17DR1NMY with warranties."
Product,https://www.senheng.com.my/cameras/dji-osmo-action-5-pro-camera,Shop DJI Osmo Action 5 Pro Camera | 0% IPP | Instalment Payment | Senheng,Get a camera that captures all thrilling moments! Shop the DJI Osmo Action 5 Pro Camera with 0% IPP and the preferred payment method to you. Shop here at Senheng now.
Product,https://www.senheng.com.my/cameras/insta360-go-3s-camera,Purchase Insta360 Go 3S Camera | 2-Year Warranty | Senheng,"The best action camera to record your journey, Insta360 Go 3S Camera is now available here at Senheng! Click now to shop and enjoy additional warranty coverages on us!"
Product,https://www.senheng.com.my/cameras/insta360-x4,Purchase Insta360 X4 | Low Instalment | 1-Year Warranty | Senheng,"The ultimate action camera to accompany your adventures! The Insta360 X4 is now available at the largest online appliance store in Malaysia, click here to shop Senheng for great deals."
Product,https://www.senheng.com.my/cameras/logitech-c922-pro-hd-stream-webcam,Shop Logitech C922 Pro HD Stream Webcam | 1-Year Warranty | Senheng,"Get affordable action cameras here at the largest online appliance store in Malaysia, Senheng! Click here to shop Logitech C922 Pro HD Stream Webcam with warranty!"
Product,https://www.senheng.com.my/cleaning-solutions/enbliss-2-5l-laundry-detergent,Purchase Enbliss 2.5L Laundry Detergent | Instalment Payment | Senheng,Shop Enbliss and its amazing line of 2.5L Laundry Detergent here at the authorised reseller in Malaysia. Shop here with Senheng to enjoy the best deals and services.
Product,https://www.senheng.com.my/cleaning-solutions/enbliss-laundry-detergent-1-8l-refil-pack-enb-ebs4868,Shop Enbliss Laundry Detergent 1.8L (Refil Pack) | Instalment Payment Senheng,Get Enbliss Laundry Detergent 1.8L (Refil Pack) and enjoy amazing smells to all your laundry. Shop here with Senheng for the best deals and services. Click here to shop now.
Product,https://www.senheng.com.my/cleaning-solutions/masterlink-cleaning-kit-200ml,Purchase Masterlink Cleaning KIt | Instalment Payment | Senheng,"Shop Masterlink Cleaning KIt here with Senheng, the authorised reseller in Malaysia! Experience the best deals and services when you shop here. Click now to make a purchase."
Product,https://www.senheng.com.my/cookers/faber-1-5l-slow-cooker-fbr-fsc150bk,Purchase Faber 1.5L Slow Cooker | Extra Warranties | Senheng,"Enjoy ease of cooking with the Faber 1.5L Slow Cooker, available here at the authorised reseller in Malaysia with exclusive warranty coverages! Shop now to enjoy the best deals."
Product,https://www.senheng.com.my/cookers/khind-1-8l-anshin-rice-cooker-rc118m-pearl-white,Shop Khind 1.8L Anshin Rice Cooker RC118M | 30% S-Coin Cashback | Senheng,Make rice at the comfort of your home with the Khind 1.8L Anshin Rice Cooker RC118M Pearl White! Shop with Senheng and enjoy up to 30% S-Coin Cashback! Grab yours today.
Product,https://www.senheng.com.my/cookers/khind-3-2l-double-boiler-db32n,Purchase Khind 3.2L Double Boiler DB32N | Extra Warranties | Senheng,"Original Taste, Original Flavours. Khind 3.2L Double Boiler DB32N allows you to cook your favourite cuisines with ease. Shop here and enjoy up to 5% cashback and warranties!"
Product,https://www.senheng.com.my/cookers/midea-1-8l-digital-rice-cooker-mb-d1809gl,Purchase Midea 1.8L Digital Rice Cooker | 5% S-Coin Cashback | Senheng,"Multi-function cooking with simple controls in menu settings, giving you a safe and healthy cooking experience in the kitchen. Shop Midea 1.8L Digital Rice Cooker and enjoy deals."
Product,https://www.senheng.com.my/cookers/panasonic-1-5l-low-sugar-induction-heater-ih-rice-cooker-psn-srhl151ksk,Panasonic 1.5L Low Sugar Induction Heater Rice Cooker | S-Coin Cashback | Senheng,Panasonic 1.5L Low Sugar Induction Heater (IH) Rice Cooker is available here with the authorised reseller in Malaysia to complete your kitchen staples! Shop now and enjoy cashback!
Product,https://www.senheng.com.my/cookers/panasonic-1-8l-conventional-rice-cooker-sry18glskn,Shop Panasonic 1.8L Conventional Rice Cooker | Warranties | Senheng,Get the Panasonic 1.8L Conventional Rice Cooker SRY18GLSKN to complete your kitchen essentials here with the authorised reseller in Malaysia! Shop Senheng for the best deals.
Product,https://www.senheng.com.my/cookers/panasonic-3-6l-conventional-rice-cooker-psn-srwn36wskn,Shop Panasonic 3.6L Conventional Rice Cooker | 1-Year Warranty | Senheng,"Add a rice cooker to complete your kitchen staples today! Senheng recommends the Panasonic 3.6L Conventional Rice Cooker, available here with additional warranties! Shop now."
Product,https://www.senheng.com.my/cookers/panasonic-3l-slow-cooker,Purchase Panasonic 3L Slow Cooker | 7.5% S-Coin Cashback | Senheng,Shop the Panasonic 3L Slow Cooker here at the authorised reseller in Malaysia! Enjoy the best deals to slow cookers online here at Senheng. Shop while stocks last.
Product,https://www.senheng.com.my/cookers/panasonic-5-0l-slow-cooker-nf-n51awsk,Purchase Panasonic 5.0L Slow Cooker | 1-Year Warranty | Senheng,"Shop slow cookers online here at the authorised reseller in Malaysia! Click here to view Panasonic 5.0L Slow Cooker, available with additional warranty! Shop now."
Product,https://www.senheng.com.my/cookers/panasonic-srrn188ssl-1-8l-mechanical-jar-rice-cooker,Shop Panasonic SRRN188SSL 1.8L Mechanical Jar Rice Cooker | Warranty | Senheng,Add Panasonic SRRN188SSL 1.8L Mechanical Jar Rice Cooker to complete your kitchen staples today! Shop Senheng now to enjoy the best deals and services. Click to shop with warranty.
Product,https://www.senheng.com.my/cookers/pensonic-1-8l-conventional-rice-cooker-prc18e,Shop Pensonic 1.8L Conventional Rice Cooker | 1-Year Warranty | Senheng,Pensonic 1.8L rice cooker comes with a large capacity of cooking spacious with its 1.8L storage. So you can enjoy cooking preferences with ease. Shop now with warranties!
Product,https://www.senheng.com.my/cookers/pensonic-1-8l-rice-cooker-pen-psr1808b,Shop Pensonic 1.8L Rice Cooker | 7.5% S-Coin Cashback | Senheng,Going on a rice cooker online shopping spree? Check out Pensonic 1.8L Rice Cooker here with Senheng and get the model with 7.5% S-Coin Cashback! Shop Senheng now!
Product,https://www.senheng.com.my/cookers/pensonic-multi-grill-bbq-steamboat-psb-136g,Shop Pensonic Multi Grill BBQ & Steamboat | 1-Year Warranty | Senheng,"Different functions for grill and hotpot! Shop a grill steamboat electric pan like Pensonic Multi Grill BBQ & Steamboat, available here with warranties! Shop Senheng now!"
Product,https://www.senheng.com.my/cookers/philips-1-5l-5000-series-rice-cooker-plp-hd4539-62,Shop Philips 1.5L 5000 Series Rice Cooker | 15% S-Coin Cashback | Senheng,"Get the best rice cooker prices here at Senheng! Shop Philips 1.5L 5000 Series Rice Cooker, available with warranties and 15% S-Coin Cashback here! Click here to shop."
Product,https://www.senheng.com.my/cookers/philips-3000-series-mini-rice-cooker-0-54l-plp-hd3064-62,Purchase Philips 3000 Series Mini Rice Cooker | 50% S-Coin Cashback | Senheng,Enjoy the best deals and services when you do your rice cooker online shopping here! Shop Philips 3000 Series Mini Rice Cooker and enjoy 50% S-Coin Cashback with Senheng!
Product,https://www.senheng.com.my/cookers/philips-6-0l-all-in-one-multicooker-plp-hd2237-73,Purchase Philips 6.0L All-in-One Multicooker | 10% S-Coin Cashback | Senheng,"Buy multi cookers online in Malaysia here, featuring Philips 6.0L All-in-One Multicooker. Get 10% S-Coin Cashback along with warranties when you purchase at Senheng."
Product,https://www.senheng.com.my/cookers/philips-6l-viva-collection-me-computerized-electric-pressure-cooker-hd2139,Philips 6L Viva Collection ME Computerized Electric Pressure Cooker | Warranty | Senheng,This Philips 6L Viva Collection ME Computerized Electric Pressure Cooker tenderizes tough materials in minutes with its variety of cooking programs. Shop here for extra warranties!
Product,https://www.senheng.com.my/cookers/russel-taylors-multicooker-rst-mc15s,Shop Russel Taylors Multicooker RST-MC15S | 1-Year Warranty | Senheng,"Enjoy multi cookers at the best prices with additional warranty coverages! Shop Russel Taylors Multicooker RST-MC15S, available here with Senheng now. Shop while stocks last."
Product,https://www.senheng.com.my/cookers/russell-taylors-digital-low-sugar-rice-cooker-1-8l-rst-rc10,Russell Taylors Digital Low Sugar Rice Cooker (1.8L) | S-Coin Cashback | Senheng,"Enjoy rice cooker online shopping here at the authorised reseller in Malaysia, Senheng! Shop Russell Taylors Digital Low Sugar Rice Cooker (1.8L) and get 7.5% S-Coin Cashback!"
Product,https://www.senheng.com.my/cookers/russell-taylors-multi-cooker-rst-mc25s,Purchase Russell Taylors Multi Cooker RST-MC25S | 1-Year Warranty | Senheng,"Easy to store, extremely portable, that is Russell Taylors Multi Cooker RST-MC25S! Shop multifunctional electric cookers online here with Senheng and enjoy additional warranties!"
Product,https://www.senheng.com.my/cookers/sharp-1-0l-rice-cooker-shp-ksh108gwh,Purchase Sharp 1.0L Rice Cooker SHP-KSH108GWH | 1-Year Warranty | Senheng,Get great rice cooker price here at the largest online appliance store in Malaysia! Shop Sharp 1.0L Rice Cooker SHP-KSH108GWH with 1-year warranty here with Senheng!
Product,https://www.senheng.com.my/cookers/sharp-1-8l-conventional-rice-cooker-ksh188gwh,Shop Sharp 1.8L Conventional Rice Cooker KSH188GWH | 1-Year Warranty | Senheng,Shopping amazing deals on rice cookers in Malaysia to complete your kitchen staples at Senheng. Shop Sharp 1.8L Conventional Rice Cooker KSH188GWH with warranties now!
Product,https://www.senheng.com.my/cookers/sharp-2-2l-rice-cooker-ksh228ssl,Shop SHARP 2.2L Rice Cooker KSH228SSL | 1-Year Warranty | Senheng,"Enjoy rice cooker online shopping here, featuring SHARP 2.2L Rice Cooker KSH228SSL at the authorised reseller in Malaysia! Shop Senheng to enjoy additional warranty."
Product,https://www.senheng.com.my/cookers/sharp-2-8l-conventional-rice-cooker-with-stainless-steel-lid-ksh288ssl,Sharp 2.8L Conventional Rice Cooker with Stainless Steel Lid | Warranty | Senheng,Shopping for rice cookers in Malaysia? Get Sharp 2.8L Conventional Rice Cooker with Stainless Steel Lid and more exclusively at Senheng with additional warranty! Click here to shop.
Product,https://www.senheng.com.my/cookers/tefal-0-4l-mechanical-mini-rice-cooker-rk1721,Tefal 0.4L Mechanical Mini Rice Cooker RK1721 | 2-Years Warranty | Senheng,"Enjoy rice cooker online shopping when you click here, the largest online appliance store, Senheng! Click to shop Tefal 0.4L Mechanical Mini Rice Cooker RK1721 with warranties!"
Product,https://www.senheng.com.my/cookers/tefal-0-7l-rk6011-mini-fuzzy-spherical-pot-rice-cooker,Tefal 0.7L Mini Fuzzy Spherical Pot Rice Cooker | self-collection available | Senheng,"Click here to shop the greatest rice cooker prices, featuring Tefal 0.7L RK6011 Mini Fuzzy Spherical Pot Rice Cooker! Enjoy self-pickups on your purchase when you shop Senheng!"
Product,https://www.senheng.com.my/cookers/tefal-1-8l-delirice-plus-rice-cooker-tef-rk776b-rk776b,Tefal 1.8L Delirice Plus Rice Cooker TEF-RK776B | 15% S-Coin Cashback | Senheng,"Shopping for the best rice cooker prices? Check out Tefal 1.8L Delirice Plus Rice Cooker TEF-RK776B, available with amazing deals and cashback with Senheng. Shop here."
Product,https://www.senheng.com.my/cookers/tefal-1-8l-easy-rice-fuzzy-plus-logic-rice-cooker-rk736b,Tefal 1.8L Easy Rice Fuzzy Plus Logic Rice Cooker RK736B | Warranties | Senheng,"Enjoy shopping the best rice cooker collection here at the largest online appliance store, Senheng! Shop Tefal 1.8L Easy Rice Fuzzy Plus Logic Rice Cooker RK736B now with warranties."
Product,https://www.senheng.com.my/cookers/tefal-1-8l-fuzzy-logic-jar-rice-cooker-tef-rk7321,Tefal 1.8L Fuzzy Logic Jar Rice Cooker TEF-RK7321 | 1-Year Warranty | Senheng,"Enjoy rice cooker online shopping here at the authorised reseller, Senheng! Shop Tefal 1.8L Fuzzy Logic Jar Rice Cooker TEF-RK7321 and enjoy additional warranty coverages now."
Product,https://www.senheng.com.my/cookers/tefal-1000w-home-chef-smart-multicooker-cy601d,Shop Tefal 1000W Home Chef Smart Multicooker CY601D | 1-Year Warranty | Senheng,Buy multi cooker online here at the authorised reseller in Malaysia! Shop Tefal 1000W Home Chef Smart Multicooker CY601D at Senheng and enjoy additional warranties. Click now.
Product,https://www.senheng.com.my/cookers/tefal-easy-rice-max-rice-cooker-1-8l,Tefal Easy Rice Max Rice Cooker 1.8L RK7378 | 50% S-Coin Cashback | Senheng,"Searching for the best rice cooker price online, click here to get the best deals and services at Senheng! Shop Tefal Easy Rice Max Rice Cooker 1.8L RK7378 now and enjoy deals."
Product,https://www.senheng.com.my/cookers/tefal-healthy-tasty-plus-ih-rice-cooker-1-5l-rk8621,Tefal Healthy & Tasty Plus IH Rice Cooker 1.5L | 15% S-Coin Cashback | Senheng,"Enjoy rice cooker online shopping here with the authorised reseller, Senheng! Enjoy the best deals to Tefal Healthy & Tasty Plus IH Rice Cooker 1.5L RK8621 with cashback!"
Product,https://www.senheng.com.my/cookers/tefal-mini-0-7l-rice-mate-mini-fuzzy-logic-rice-cooker-rk5151,Tefal Mini 0.7L Rice Mate Mini Fuzzy Logic Rice Cooker | 2-Year Warranty | Senheng,"Searching for the best rice cooker price? Click here to shop the best deals to Tefal Mini 0.7L Rice Mate Mini Fuzzy Logic Rice Cooker RK5151, available now with Senheng!"
Product,https://www.senheng.com.my/cookers/toshiba-1-8l-bincho-charcoal-series-rice-cooker-tsb-rc18dr1nmy,Shop Toshiba 1.8L Bincho Charcoal Series Rice Cooker | 1-Year Warranty | Senheng,"Want to get the best deals on your rice cooker online shopping? Click here to check out Toshiba 1.8L Bincho Charcoal Series Rice Cooker, available now with warranties at Senheng!"
Product,https://www.senheng.com.my/cookers/toshiba-1-8l-ih-low-sugar-digital-rice-cooker-rc-18ispmy,Toshiba 1.8L IH Low Sugar Digital Rice Cooker | 30% S-Coin Cashback | Senheng,Enjoy the best rice cooker prices when you shop for the best deals and services at Senheng! Click here to shop Toshiba 1.8L IH Low Sugar Digital Rice Cooker RC-18ISPMY with cashback!
Product,https://www.senheng.com.my/cooking/elba-2000w-ceramic-cooker-elb-eccj2015-bk,Purchase Elba 2000W Ceramic Cooker | Instalment Payment | Warranties | Senheng,The Elba 2000W Ceramic Cooker is perfect for cooking all types of cuisines! View the product here with exclusive deals and services available! Shop here at Senheng.
Product,https://www.senheng.com.my/cooking/elba-gas-stove-egsf7192ss,Purchase Elba Gas Stove EGSF7192SS | Extra Warranties | Senheng,"Gas stoves are a kitchen appliances staple, and Elba makes amazing products, especially the Elba Gas Stove EGSF7192SS, available here with exclusive coverages! Click here to shop."
Product,https://www.senheng.com.my/cooking/electrolux-29cm-portable-induction-cooker-etd42ska,Purchase Electrolux 29cm Portable Induction Cooker | Instalment Payment | Senheng,Get Electrolux 29cm Portable Induction Cooker here with Senheng and enjoy ease of payment with extra warranty coverages! Click to view the induction cooker and make a purchase!
Product,https://www.senheng.com.my/cooking/faber-build-in-glass-hob-fbr-presto2b-76bk,Shop Faber Build In Glass Hob FBR-PRESTO2B/76BK | Extra Warranty | Senheng,Install the Faber Build in Glass Hob FBR-PRESTO2B/76BK and get your cooking enjoyment started! The best deals and services are here only at Senheng! Shop while stocks last.
Product,https://www.senheng.com.my/cooking/faber-faberjet-tazza-90ss-fbr-tazza90ss,Purchase Faber Faberjet Tazza 90SS FBR-TAZZA90SS | Low Instalment | Senheng,"The best kitchen appliances, such as the Faberjet Tazza 90SS FBR-TAZZA90SS is available here with low instalments and 0% IPP! Shop here and enjoy home cooking today!"
Product,https://www.senheng.com.my/cooking/faber-fgh-vitto-2b-76-black-glass-hob,Purchase Faber FGH VITTO 2B/76 Black Glass Hob | Warranties | Senheng,Get the Faber FGH VITTO 2B/76 Black Glass Hob with Senheng and enjoy the best deals and coverage! Shop kitchen appliances online and pick up in a store near you. Click here.
Product,https://www.senheng.com.my/cooking/khind-7-2l-air-fryer-khn-arf72w,Purchase Khind 7.2L Air Fryer KHN-ARF72W | 50% S-Coin Cashback | Senheng,"12 cooking settings for distinct purposes, and enjoyment of cooking your favourite cuisines! Click to shop Khind 7.2L Air Fryer and enjoy 50% S-Coin Cashback with Senheng!"
Product,https://www.senheng.com.my/cooking/midea-1500m3-hr-cooker-hood-mch-90j52,Purchase Midea 1500m3/hr Cooker Hood | Extra Warranties | Senheng,Cooking is now enjoyable with Midea 1500m3/hr Cooker Hood! Add the cooker hood to your kitchen appliances as you shop the best deals here. Shop now and enjoy warranties.
Product,https://www.senheng.com.my/cooking/midea-2-burners-built-in-gas-hob-with-5-levels-flame-control-mgh76q60b,Midea 2 Burners Built-in Gas Hob 5-levels Flame Control | Warranties | Senheng,Classy & High Quality Tempered Glass Surface for easy cleaning! Midea 2 Burners Built-in Gas Hob with 5-level Flame Control is available here with Senheng! Shop now.
Product,https://www.senheng.com.my/cooking/midea-2100w-touch-control-induction-cooker-c21-rt103b,Shop Midea 2100W Touch Control Induction Cooker | Extra Warranties | Senheng,A new piece to your kitchen staple! The Midea 2100W Touch Control Induction Cooker C21-RT103B is available here with extra warranties at Senheng! Shop now for the best deals.
Product,https://www.senheng.com.my/cooking/midea-90cm-chimney-hood-mch90v71,Shop Midea 90CM Chimney Hood MCH90V71 | Self-Collect Available | Senheng,3-Speed offers the ideal suction power to keep your kitchen fresh. Midea 90CM Chimney Hood MCH90V71 is available here with self-pick up at Senheng! Shop now for the best deals.
Product,https://www.senheng.com.my/cooking/midea-built-in-gas-hob-with-5-8kw-burners-mgh-8216ss,Shop Midea Built-in Gas Hob with 5.8kW Burners | Extra Warranties | Senheng,Midea Built-in Gas Hob with 5.8kW Burners is available here with the authorised reseller in Malaysia! Click here to with Senheng and enjoy additional warranty coverages.
Product,https://www.senheng.com.my/cooking/pensonic-2-6l-steamboat-pot-with-grill-psb131g,Purchase Pensonic 2.6L Steamboat Pot with Grill | 10% S-Coin Cashback | Senheng,"Pensonic Steamboat Pot with Grill caters to everyone's eating habits and occasions, making gatherings enjoyable. Shop Pensonic 2.6L Steamboat Pot with Grill and enjoy cashback!"
Product,https://www.senheng.com.my/cooking/pensonic-2200w-knob-cool-touch-control-ceramic-cooker-pcc2200d,Pensonic Knob & Cool Touch Control Ceramic Cooker | 30% S-Coin Cashback | Senheng,"Enjoy cooking with Pensonic 2200W Knob & Cool Touch Control Ceramic Cooker, available with 30% S-Coin Cashback! Shopping with Senheng means you enjoy great deals for induction cooker!"
Product,https://www.senheng.com.my/cooking/pensonic-gas-cooker-pgc-5602s,Purchase Pensonic Gas Cooker PGC-5602S | 1-Year Warranty | Senheng,Shop the best gas stove for sale here with the authorised reseller in Malaysia! Pensonic Gas Cooker PGC-5602S is available here with additional warranty! Shop now.
Product,https://www.senheng.com.my/cooking/pensonic-table-top-gas-cooker-with-automatic-piezo-ignition-pgc-2201g,Shop Pensonic Table Top Gas Cooker | 14% S-Coin Cashback | Senheng,Shop the best price for induction cooker here at the authorised reseller in Malaysia! Shop Pensonic Table Top Gas Cooker with Automatic Piezo Ignition and get 14% S-Coin Cashback.
Product,https://www.senheng.com.my/cooking/philips-1000-series-4-2l-airfryer,Purchase Philips 1000 series 4.2L Airfryer | 2-Years Warranty | Senheng,"Looking for great air fryer prices? Shop Philips 1000 series 4.2L Airfryer, available with 2-year warranties here only at Senheng. Shop while stocks last now."
Product,https://www.senheng.com.my/cooking/philips-airfryer-6-2l-na231-09,Purchase Philips AirFryer 6.2L NA231/09 | 2-Year Warranty | Senheng,Cooking with hot air prepares your favorite dishes with up to 90% less fat without compromising on taste. Shop Philips AirFryer 6.2L NA231/09 and the best airfyers with Senheng!
Product,https://www.senheng.com.my/cooking/philips-egg-cooker-3000-series-plp-hd9137-91,Shop Philips Egg Cooker 3000 Series PLP-HD9137/91 | 2-Year Warranty | Senheng,"Shop Philips Egg Cooker 3000 Series PLP-HD9137/91 as you buy food steamer online here with Senheng! All the best deals with warranties are here, shop while stocks last."
Product,https://www.senheng.com.my/cooking/rinnai-2-burner-gas-stove-ri602m,Purchase Rinnai 2-Burner Gas Stove RI602M | 2-Year Warranty | Senheng,"Shop gas stove for sale, featuring Rinnai 2-Burner Gas Stove RI602M here with the authorised reseller in Malaysia! Enjoy 2-year warranty to your purchase! Shop while stocks last."
Product,https://www.senheng.com.my/cooking/robam-78cm-cooker-hob-rob-9b6h20,Purchase ROBAM 78cm Cooker Hob ROB-9B6H20 | 10% S-Coin Cashback | Senheng,Shop cooking hobs to add to your kitchen staples? Get your ROBAM 78cm Cooker Hob ROB-9B6H20 here with 10% S-Coin Cashback today at Senheng! Shop now while stocks last.
Product,https://www.senheng.com.my/cooking/robam-86cm-cooker-hob-rob-9b6h31,Shop ROBAM 86cm Cooker Hob ROB-9B6H31 | 10% S-Coin Cashback | Senheng,Get the best cooking hob price in Malaysia here with Senheng. Shop the recommended ROBAM 86cm Cooker Hob ROB-9B6H31 now and enjoy additional cashback prizes. Click here.
Product,https://www.senheng.com.my/cooking/robam-a675s-super-power-range-hood,Shop ROBAM A675S Super Power Range Hood | 10% S-Coin Cashback | Senheng,Shop the full collection of kitchen hoods for sale here at the authorised reseller in Malaysia! Get the featured ROBAM A675S Super Power Range Hood and enjoy 10% S-Coin Cashback!
Product,https://www.senheng.com.my/cooking/robam-a825-a-825-crossover-series,Purchase ROBAM A 825 Crossover Series | 20% S-Coin Cashback | Senheng,"Shopping kitchen hoods for sale in Malaysia? Click here to shop ROBAM A825 Crossover Series, available with 20% S-Coin Cashback at Senheng! Click here to make a purchase!"
Product,https://www.senheng.com.my/cooking/robam-b272-2-gas-burner-flexible-built-in-hob-rob-b272,ROBAM B272 2 Gas Burner Flexible Built-in Hob | 10% S-Coin Cashback | Senheng,"Shop the best cooking hob prices here at the largest online store, featuring ROBAM B272 2 Gas Burner Flexible Built-in Hob ROB-B272! Click to shop and enjoy 10% S-Coin Cashback!"
Product,https://www.senheng.com.my/cooking/robam-cooker-hood-a817,Purchase Robam Cooker Hood A817 | 20% S-Coin Cashback | Senheng,Get the best gas cooking hob in Malaysia here with Senheng! Shopping here means you enjoy Robam Cooker Hood A817 with 20% S-Coin Cashback and more great deals! Click here to shop.
Product,https://www.senheng.com.my/cooking/robam-cooking-combination-hob-with-ceramic-and-induction-zone-7w2h01,Purchase ROBAM Cooking Combination Hob | 20% S-Coin Cashback | Senheng,Shopping for great cooking hob prices? Click here to view ROBAM Cooking Combination Hob with Ceramic and Induction Zone 7W2H01! Available with warranties and 0% IPP at Senheng.
Product,https://www.senheng.com.my/cooking/robam-dual-cavity-suction-range-hood-ai-hood-88h2s,Shop ROBAM Dual Cavity Suction Range Hood AI Hood 88H2S | 0% IPP | Senheng,Shop the best cooking hob collection here at the authorised reseller in Malaysia! Get the ROBAM Dual Cavity Suction Range Hood AI Hood 88H2S with 0% IPP when you shop here.
Product,https://www.senheng.com.my/cooking/robam-dual-intake-range-hood-a852,Shop ROBAM Dual-intake Range Hood A852 | 10% S-Coin Cashback | Senheng,"Enjoy the greatest cooker hood prices in Malaysia here with at Senheng! Click now and shop the featured ROBAM Dual-intake Range Hood A852, available with 10% S-Coin Cashback."
Product,https://www.senheng.com.my/cooking/robam-fire-gathering-gas-hob-zg830b,Purchase ROBAM Fire Gathering Gas Hob ZG830B | 10% S-Coin Cashback | Senheng,Shop gas stoves for sale in Malaysia here with the authorised reseller in Senheng! Shop the featured ROBAM Fire Gathering Gas Hob ZG830B now and enjoy deals and warranty!
Product,https://www.senheng.com.my/cooking/robam-firecube-cooker-hob-rob-7b5h20,Purchase ROBAM Firecube Cooker Hob ROB-7B5H20 | 10% S-Coin Cashback | Senheng,"Click here to shop the best cooking hobs prices in Malaysia, provided to you by Senheng! Shop the featured ROBAM Firecube Cooker Hob ROB-7B5H20 and enjoy cashback prizes."
Product,https://www.senheng.com.my/cooking/robam-g370-extreme-heat-gas-stove,Purchase ROBAM G370 Extreme Heat Gas Stove | 10% S-Coin Cashback | Senheng,Shop and install an all-new gas stove with delivery in Malaysia for a complete kitchen setup! Shop ROBAM G370 Extreme Heat Gas Stove and enjoy additional warranties!
Product,https://www.senheng.com.my/cooking/robam-high-efficient-induction-hob-w2984,Shop ROBAM High Efficient Induction Hob W2984 | 20% S-Coin Cashback | Senheng,Enjoy shopping the best gas cooking hob prices in Malaysia here with Senheng! Shop ROBAM High Efficient Induction Hob W2984 now and enjoy 20% S-Coin Cashback on your purchases.
Product,https://www.senheng.com.my/cooking/robam-high-efficient-smart-induction-hob-w2985,Shop ROBAM High-Efficient Smart Induction Hob W2985 | 10% S-Coin Cashback | Senheng,Get the best cooking hob prices in Malaysia here with Senheng! Shop ROBAM High-Efficient Smart Induction Hob W2985 now and enjoy 20% S-Coin Cashback on your purchases. Click here.
Product,https://www.senheng.com.my/cooking/robam-spacepro-slim-hood-77h1s,Purchase ROBAM SpacePro Slim Hood 77H1S | 10% S-Coin Cashback | Senheng,Shop the best collection of kitchen hoods for sale here at the largest online appliance store! Click to shop the featured ROBAM SpacePro Slim Hood 77H1S with 10% S-Coin Cashback.
Product,https://www.senheng.com.my/cooking/robam-ultra-slim-hood-76h1s,Shop ROBAM Ultra Slim Hood 76H1S Green | 20% S-Coin Cashback | Senheng,"Looking to purchase cooking hobs for your kitchen? Click here to shop ROBAM Ultra Slim Hood 76H1S Green, available with 20% S-Coin Cashback with Senheng! Shop now."
Product,https://www.senheng.com.my/cooking/russell-taylors-5-5l-air-fryer,Purchase Russell Taylors 5.5L Air Fryer | 2-Year Warranty | Senheng,Enjoy great airfryer prices as you shop Russell Taylors 5.5L Air Fryer here at the largest online appliance store in Malaysia! Click now and enjoy 2 year warranties on purchase!
Product,https://www.senheng.com.my/cooking/russell-taylors-air-fryer-4-8l-af-34,Purchase Russell Taylors Air Fryer 4.8L AF-34 | 2-Year Warranty | Senheng,Looking for great air fryer prices? Click here to shop the featured Russell Taylors Air Fryer 4.8L AF-34 with 2-Year warranties with Senheng now. Get great deals when you click here.
Product,https://www.senheng.com.my/cooking/tefal-6-5l-easy-fry-and-steam-premium-air-fryer-tef-fw2018,TEFAL 6.5L Easy Fry And Steam Premium Air Fryer | 15% S-Coin Cashback | Senheng,Shop amazing airfryers here at the authorised reseller in Malaysia! Shop TEFAL 6.5L Easy Fry And Steam Premium Air Fryer here with Senheng and enjoy 15% S-Coin Cashback!
Product,https://www.senheng.com.my/cooking/tefal-6l-digital-air-fryer-tef-ey8218,Shop Tefal 6L Digital Air Fryer TEF-EY8218 | 15% S-Coin Cashback | Senheng,"Enjoy great airfryer prices when you shop at the largest online appliance store in Malaysia, Senheng! Click here to shop Tefal 6L Digital Air Fryer TEF-EY8218 with 15% S-Coin Cashback!"
Product,https://www.senheng.com.my/cooking/tefal-6l-mini-compact-steam-cooker-vc1398,Tefal 6L Mini Compact Steam Cooker VC1398 | 2-Year Warranty | Senheng,"Buy food steamers online here at the authorised reseller, Senheng! Click here to shop Tefal 6L Mini Compact Steam Cooker VC1398 with 2-year warranty! Purchase while stocks last."
Product,https://www.senheng.com.my/cooking/tefal-convenient-steamer-tef-vc1451,Shop Tefal Convenient Steamer TEF-VC1451 | 2-Year Warranty | Senheng,Add a food steamer to your kitchen staples today and cook amazing new recipes! Click here to shop Tefal Convenient Steamer TEF-VC1451 with warranties at Senheng.
Product,https://www.senheng.com.my/dish-care/robam-12-place-settings-dishwasher-w602w,Shop Robam 12-Place Settings Dishwasher W602W | 10% S-Coin Cashback | Senheng,Shop dish washer machines in Malaysia to reduce stress of house chores! Get the featured Robam 12-Place Settings Dishwasher W602W and enjoy 10% S-Coin Cashback with Senheng!
Product,https://www.senheng.com.my/dish-care/robam-built-in-embedded-dishwasher-w653,Purchase ROBAM Built In Embedded Dishwasher W653 | 10% S-Coin Cashback | Senheng,"Get the best deals to dish washer machine online to deal with dish washing duties with ease! Shop ROBAM Built In Embedded Dishwasher W653, available with 10% S-Coin Cashback."
Product,https://www.senheng.com.my/dish-care/toshiba-free-standing-14-places-setting-dishwasher-with-high-standard-hygiene-technology-dw14f1-s-my,Shop Toshiba Free Standing 14 Places Setting Dishwasher | 0% IPP | Senheng,"Shopping for dish washer machines? The largest online appliance store, Senheng, has all your needs. Click to shop Toshiba Free Standing 14 Places Setting Dishwasher with 0% IPP."
Product,https://www.senheng.com.my/dish-care/toshiba-table-top-8-place-settings-dishwasher-with-high-standard-hygiene-technology-dw-08t1-s-my,Shop Toshiba Table Top 8 Place Settings Dishwasher | 1-Year Warranty | Senheng,"Enjoy great deals to dish washer machine in Malaysia here at the authorised reseller, Senheng! Click here to shop Toshiba Table Top 8 Place Settings Dishwasher with warranty!"
Product,https://www.senheng.com.my/drones/dji-neo-drone,Purchase DJI Neo Drone | Instalment Payment | Low Instalment | Senheng,"Looking to try out drones but still deliberating on which to get? Shop the DJI Neo Drone, the lightest and most compact drone available here and enjoy low instalments with 0% IPP!"
Product,https://www.senheng.com.my/ev-charger/huawei-fusionsolar-smart-charger-22kw,HUAWEI FusionSolar Smart Charger 7kW or 22kW | 0% IPP | Warranty | Senheng,"Shop smart chargers to integrate in your homes today at the authorised reseller, Senheng! Click here to shop HUAWEI FusionSolar Smart Charger 7kW or 22kW, available with 0% IPP now."
Product,https://www.senheng.com.my/food-maker/electrolux-2-slice-ultimatetaste-300-toaster-ele-e2ts1100w,Shop Electrolux 2 Slice UltimateTaste 300 Toaster | Instalment Payment | Senheng,Get Electrolux 2 Slice UltimateTaste 300 Toaster with the authorised reseller in Malaysia and enjoy all your desired payment methods! Shop the best kitchen appliances here.
Product,https://www.senheng.com.my/food-maker/faber-sandwich-maker-fsm-r623,Shop Faber Sandwich Maker FSM R623 | Instalment Payment | Warranties | Senheng,"Make the perfect sandwich with the Faber Sandwich Maker FSM R623, available here at Senheng today! Check out all the best kitchen appliances here with warranties and amazing deals."
Product,https://www.senheng.com.my/food-maker/faber-sandwich-maker-fsm624,Shop Faber Sandwich Maker FSM624 | Exclusive Deals | Senheng,Shop Faber Sandwich Maker FSM624 and many other kitchen appliances here with the largest online appliance store! Click to view all the best deals and shop now while stocks last!
Product,https://www.senheng.com.my/food-maker/kenwood-sandwich-maker-smp84-c0wh,Shop Kenwood Sandwich Maker SMP84.C0WH | 5% S-Coin Cashback | Senheng,Sandwich Maker is the kitchen appliance you need to make delicious sandwiches! Click here to shop the Kenwood Sandwich Maker SMP84.C0WH with S-Coin Cashback and warranties!
Product,https://www.senheng.com.my/food-maker/pensonic-750w-2-slices-bread-toaster-pt928,Shop Pensonic 750W 2 Slices Bread Toaster PT928 | 1-Year Warranty | Senheng,"Looking for a sandwich bread toaster to make your favourite sandwiches? Shop Pensonic 750W 2 Slices Bread Toaster PT928, available here with additional warranties. Click to shop!"
Product,https://www.senheng.com.my/food-maker/pensonic-batik-series-2-slice-toaster-pt-930,Shop Pensonic Batik Series 2 Slice Toaster PT-930 | 1-Year Warranty | Senheng,"Shop for a sandwich bread toaster to make your favourite sandwiches easily! Shop Pensonic Batik Series 2 Slice Toaster PT-930, available here with additional warranties. Shop now."
Product,https://www.senheng.com.my/food-maker/pensonic-classic-sandwich-maker-pst9602s,Purchase Pensonic Classic Sandwich Maker PST9602S | 1-Year Warranty | Senheng,A sandwich bread toaster that makes your sandwich extra delicious! Click here to shop Pensonic Classic Sandwich Maker PST9602S with additional warranties here with Senheng!
Product,https://www.senheng.com.my/food-maker/russell-taylors-2-slice-bread-toaster-blue-rst-rt20,Purchase Russell Taylors 2 Slice Bread Toaster | 1-Year Warranty | Senheng,Shop sandwich bread toasters to make the perfect meal! Click here to enjoy 1-year warranty as you purchase Russell Taylors 2 Slice Bread Toaster with Senheng! Shop now.
Product,https://www.senheng.com.my/food-maker/russell-taylors-waffle-maker-rst-wm25,Purchase Russell Taylors Waffle Maker RST-WM25 | 2-Year Warranty | Senheng,"Click here to buy waffle makers online at Senheng, the authorised reseller in Malaysia! Get the featured Russell Taylors Waffle Maker RST-WM25 and enjoy 2 year warranties."
Product,https://www.senheng.com.my/food-preparation/cornell-chopper-stainless-steel-cmc-e301ss,Cornell Chopper Stainless Steel CMC-E301SS | 7.5% S-Coin Cashback | Senheng,"Looking to acquire some food preperation appliances? Check out the largest appliance store in Malaysia, Senheng, and the featured Cornell Chopper Stainless Steel CMC-E301SS here!"
Product,https://www.senheng.com.my/food-preparation/kenwood-350ml-mini-chopper-ch180,Shop Kenwood 350ml Mini Chopper CH180 | 50% Cashback | Senheng,Add the Kenwood 350ml Mini Chopper CH180 to your kitchen appliance arsenal today! Buying kitchen appliances here means you enjoy the best deals and services! Shop now!
Product,https://www.senheng.com.my/food-preparation/khind-0-6l-mini-chopper-fpc900,Shop Khind 0.6L Mini Chopper FPC900 | 50% S-Coin Cashback | Senheng,A one touch operation for ease of use! Khind 0.6L Mini Chopper FPC900 is available here at Senheng with 50% S-Coin Cashback! Get yours here while stocks last now!
Product,https://www.senheng.com.my/food-preparation/khind-multi-blender-chopper-blc129,Shop Khind Multi Blender Chopper BLC129 | 50% S-Coin Cashback | Senheng,Meal preperation gets easier with the Khind Multi Blender Chopper BLC129! Grabs yours here at the authorised reseller in Malaysia and enjoy 50% S-Coin Cashback! Shop now!
Product,https://www.senheng.com.my/food-preparation/midea-1-25l-blender-350w-mid-mbl35bk,Purchase Midea 1.25L Blender 350W | 15% S-Coin Cashback | Senheng,Midea 1.25L Blender 350W MID-MBL35BK is available here at the authorised reseller in Malaysia! Click here to shop and enjoy 15% S-Coin Cashback only at Senheng. Shop now.
Product,https://www.senheng.com.my/food-preparation/panasonic-1000w-1l-super-mix-grinder-mxac400,Shop Panasonic 1000W 1L Super Mix Grinder | 1-Year Warranty | Senheng,Create amazing new cooking recipes as you add Panasonic 1000W 1L Super Mix Grinder to your kitchen appliances! Shop here and enjoy the best deals and services. Click here.
Product,https://www.senheng.com.my/food-preparation/panasonic-2-0l-glass-jug-blender,Shop Panasonic 2.0L Glass Jug Blender | 1 Year Warranty | Senheng,"Blender MX-MG53C1 provides enjoying home-made healthy meal, treats, and drinks with kids. Click here to shop Panasonic 2.0L Glass Jug Blender and enjoy additional year warranties."
Product,https://www.senheng.com.my/food-preparation/panasonic-600w-4-in-1-hand-blender-mxss40,Shop Panasonic 600W 4-in-1 Hand Blender MXSS40 | 1-Year Warranty | Senheng,Get easy solutions for your cooking with the best blender machine! Shop Panasonic 600W 4-in-1 Hand Blender MXSS40 here and enjoy additional warranty deals with Senheng.
Product,https://www.senheng.com.my/food-preparation/panasonic-800w-food-processor-mkf310wsk,Purchase Panasonic 800W Food Processor | Additional Warranty | Senheng,Add the 800W Food Processor from Panasonic to your kitchen staples today! Shop here with Senheng for the best food processor online along with additional warranty! Click here.
Product,https://www.senheng.com.my/food-preparation/pensonic-1l-jar-blender-pen-pb3303m,Shop Pensonic 1L JAR BLENDER | 50% S-Coin Cashback | Senheng,"Shop the best blender machine prices here at the authorised reseller in Malaysia today! Shop the featured Pensonic 1L JAR BLENDER and enjoy 50% S-Coin Cashback, only at Senheng."
Product,https://www.senheng.com.my/food-preparation/pensonic-blender-1-0l-with-safety-motor-pb-3203l-green,Shop Pensonic Blender 1.0L with Safety Motor | 1-Year Warranty | Senheng,Get the best blender machine prices here at the authorised reseller in Malaysia! Shop Pensonic Blender 1.0L with Safety Motor here and enjoy additional warranties to your purchase.
Product,https://www.senheng.com.my/food-preparation/pensonic-blender-jug-replacement-set-jc3203,Shop Pensonic Blender Jug Replacement Set JC3203 | 1-Year Warranty | Senheng,Shop Pensonic Blender Jug Replacement Set JC3203 here with the authorised reseller in Malaysia! The best blender machines are here with additional warranty. Shop Senheng.
Product,https://www.senheng.com.my/food-preparation/philips-3000-series-blender-hr2041-50,Purchase Philips 3000 Series Blender HR2041/50 | 2-Year Warranty | Senheng,"Click here to get the best price for your blender machine purchase, featuring Philips 3000 Series Blender! Shopping with Senheng means you enjoy the best deals with warranties."
Product,https://www.senheng.com.my/food-preparation/philips-3000-series-blender-plp-hr2041-10,Purchase Philips 3000 Series Blender PLP-HR2041/10 | 2-Year Warranty | Senheng,Get the best heavy-duty blender prices in Malaysia here with Senheng! Shop Philips 3000 Series Blender now and get limited deals with additional warranty coverages today.
Product,https://www.senheng.com.my/food-preparation/philips-5000-series-blender,Purchase Philips 5000 Series Blender | 7.5% S-Coin Cashback | Senheng,"Shop the best blender machine prices in Malaysia here at Senheng! Purchase the featured Philips 5000 Series Blender, and enjoy cooking with an additional 7.5% S-Coin Cashback!"
Product,https://www.senheng.com.my/food-preparation/philips-daily-collection-chopper-plp-hr1393,Purchase Philips Daily Collection Chopper PLP-HR1393 | 2-Year Warranty | Senheng,"It can chop anything you want to like vegetables, herbs and nuts in just seconds. Shop the best chopper blender, like Philips Daily Collection Chopper here, warranties available!"
Product,https://www.senheng.com.my/food-preparation/philips-daily-collection-promix-hand-blender-plp-hr2535-01,Purchase Philips Daily Collection Promix Hand Blender | 2-Year Warranty | Senheng,"Shop the best blender machine prices here, featuring Philips Daily Collection Promix Hand Blender. Get additional warranties with your purchase here at Senheng."
Product,https://www.senheng.com.my/food-preparation/philips-series-5000-blender-core-2l-hr2223-01,Philips Series 5000 Blender Core (2L) HR2223/01 | 7.5% S-Coin Cashback | Senheng,"Shop the best heavy duty blender Malaysia prices here at Senheng, featuring Philips Series 5000 Blender Core (2L) HR2223/01. Get yours with 7.5% S-Coin Cashback here."
Product,https://www.senheng.com.my/food-preparation/philips-series-5000-blender-core-hr2221-01,Purchase Philips Series 5000 Blender Core HR2221/01 | 2-Year Warranty | Senheng,"Add a blender machine to your kitchen staples today! Shop Philips Series 5000 Blender Core HR2221/01, available here with extra warranties. Shop now with Senheng!"
Product,https://www.senheng.com.my/food-preparation/philips-viva-collection-compact-food-processor-hr7320-11,Philips Viva Collection Compact Food Processor | 10% S-Coin Cashback | Senheng,"Buy food processors online here, featuring Philips Viva Collection Compact Food Processor HR7320/11! Enjoy up to 10% S-Coin Cashback as you shop here with Senheng."
Product,https://www.senheng.com.my/food-preparation/russell-taylors-6-speed-stand-mixer-5l-1300w-rst-s3,Purchase Russell Taylors 6-Speed Stand Mixer 5L 1300W RST-S3 | Warranty | Senheng,"Shop stand food mixers online here at the largest appliance store in Malaysia, Senheng! Get Russell Taylors 6-Speed Stand Mixer 5L 1300W RST-S3 with additional coverages now!"
Product,https://www.senheng.com.my/food-preparation/russell-taylors-600w-hand-blender-hb-6,Shop Russell Taylors 600W Hand Blender HB-6 | 2-Year Warranty | Senheng,"Get the best blender machine prices here with Senheng, the authorised reseller in Malaysia! Shop Russell Taylors 600W Hand Blender HB-6 and enjoy 2 year warranties!"
Product,https://www.senheng.com.my/food-preparation/sharp-1-25l-blender-with-sus-blade-base-em130wh,Shop Sharp 1.25L Blender with SUS Blade Base EM130WH | 1-Year Warranty | Senheng,Add a high quality blender machine to your kitchen as you shop at the authorised reseller in Malaysia! Click here to shop Sharp 1.25L Blender with SUS Blade Base EM130WH at Senheng.
Product,https://www.senheng.com.my/food-preparation/tefal-blendeo-blender-with-1-jar-grinder-tef-bl2b41-bl2b41,Tefal Blendeo Blender with 1 Jar + Grinder TEF-BL2B41 | 1-Year Warranty | Senheng,"Shop the best collection of blender machines here at the authorised reseller in Malaysia, Senheng! Click here to purchase Tefal Blendeo Blender with 1 Jar + Grinder TEF-BL2B41."
Product,https://www.senheng.com.my/food-preparation/toshiba-1-5l-jug-blender-bl60phnmy,Shop Toshiba 1.5L Jug Blender BL60PHNMY | 1-Year Warranty | Senheng,"Enjoy great blender machine prices here at the largest online appliance store, Senheng! Click now and shop Toshiba 1.5L Jug Blender BL60PHNMY with warranty coverage."
Product,https://www.senheng.com.my/food-preparation/toshiba-2l-plastic-jug-blender-with-grinder-tsb-bl70pr2nmy,Shop Toshiba 2L Plastic Jug Blender with Grinder TSB-BL70PR2NMY | Warranty | Senheng,"Click here to shop the best blender machine prices, featuring Toshiba 2L Plastic Jug Blender with Grinder TSB-BL70PR2NMY at Senheng! Shop now and enjoy warranties."
Product,https://www.senheng.com.my/gaming-consoles/msi-claw-a1m-intel-core-ultra-16gb-ram-512gb-1tb-ssd-portable-gaming-device-handheld-gaming-console,Shop MSI Claw A1M Intel® Core™ Ultra | 0% IPP | Low Instalment | Senheng,Shop MSI Claw A1M Intel® Core™ Ultra 16GB RAM 512GB / 1TB SSD Portable Gaming Device Handheld Gaming Console here with 0% IPP and additional warranty coverages! Click here to shop!
Product,https://www.senheng.com.my/gaming-consoles/sony-playstation-5-disc-version-digital-edition-slim,Shop SONY PlayStation 5 Disc Version/Digital Edition (Slim) | Warranties | Senheng,Shop SONY PlayStation 5 Disc Version/Digital Edition (Slim) here at the authorised reseller in Malaysia! Click here to shop Senheng and enjoy additional warranties and more deals.
Product,https://www.senheng.com.my/gaming-consoles/sony-playstation-5-pro,Purchase SONY PlayStation 5 Pro | 1-Year Warranty | Senheng,Shop SONY PlayStation 5 Pro and other gaming consoles here at the authorised reseller in Malaysia! Click here to shop Senheng and enjoy additional warranties and more deals.
Product,https://www.senheng.com.my/hair-dryers/jimmy-f6-nanoi-ultrasonic-hair-dryer,Shop JIMMY F6 Nanoi Ultrasonic Hair Dryer | 10% S-Coin Cashback | Senheng,"Fast hair drying gives you confidence in every style, JIMMY F6 Nanoi Ultrasonic Hair Dryer is the right one for you! Click here to shop with Senheng and enjoy S-Coin Cashback!"
Product,https://www.senheng.com.my/hair-dryers/khind-hair-dryer-1000w-hd1002,Purchase Khind Hair Dryer 1000W HD1002 | 1-Year Warranty | Senheng,"Shopping for the best hair dryer prices in Malaysia? Click here to shop the featured Khind Hair Dryer 1000W HD1002, available now with additional warranties with Senheng!"
Product,https://www.senheng.com.my/hair-dryers/khind-hair-dryer-ionizer-1800w-hd1822,Shop Khind Hair Dryer Ionizer 1800W HD1822 | 1-Year Warranty | Senheng,"Khind Hair Dryer Ionizer 1800W HD1822 is now available along with other great hair dryers here at the authorised reseller in Malaysia, Senheng! Click to shop now."
Product,https://www.senheng.com.my/hair-dryers/laifen-hair-dryer-waterproof-exclusive-storage-bag,Shop Laifen Hair Dryer Waterproof Exclusive Storage Bag | 1-Year Warranty | Senheng,"Take your laifen on the go with style, Laifen Hair Dryer Waterproof Exclusive Storage Bag is now available with the largest online appliance store, Senheng! Click to shop."
Product,https://www.senheng.com.my/hair-dryers/laifen-mini-high-speed-hair-dryer,Purchase Laifen Mini High-Speed Hair Dryer | 2-Year Warranty | Senheng,"Small, compacted, but powerful! Click here to shop Laifen Mini High-Speed Hair Dryer, available with many more hair dryers in Malaysia here with Senheng! Purchase now."
Product,https://www.senheng.com.my/hair-dryers/laifen-se-lite-high-speed-hair-dryer,Purchase Laifen SE Lite High Speed Hair Dryer | 10% S-Coin Cashback | Senheng,"Shop the best collection of hair dryers in Malaysia, featuring Laifen SE Lite High Speed Hair Dryer with 10% S-Coin Cashback! The best deals are here with Senheng."
Product,https://www.senheng.com.my/hair-dryers/laifen-swift-diffuser-nozzle,Purchase Laifen Swift Diffuser Nozzle | 1-Year Warranty | Senheng,"Laifen Swift Diffuser Nozzle allows you to achieve the curls and waves of your dreams! Click here to shop the best deals and services with Senheng, the authorised reseller!"
Product,https://www.senheng.com.my/hair-dryers/laifen-swift-high-speed-hair-dryer-with-smooth-concentrator-nozzle,Shop Laifen Swift High Speed Hair Dryer | Extra Warranties | Senheng,Enjoy the best deals with additional coverages when you shop Laifen Swift High Speed Hair Dryer with Smooth Concentrator Nozzle here with Senheng! Click to shop.
Product,https://www.senheng.com.my/hair-dryers/laifen-swift-premium-high-speed-hair-dryer,Shop Laifen Swift Premium High Speed Hair Dryer | 10% S-Coin Cashback | Senheng,"Looking for hair dryers for sale in Malaysia? Click here to shop the best collection, featuring Laifen Swift Premium High Speed Hair Dryer with S-Coin Cashback!"
Product,https://www.senheng.com.my/hair-dryers/laifen-swift-smooth-concentrator-nozzle,Purchase Laifen Swift Smooth Concentrator Nozzle | 1-Year Warranty | Senheng,"Shop the best hair dryers in Malaysia here at the authorised reseller, Senheng! Click now to shop Laifen Swift Smooth Concentrator Nozzle with additional warranties."
Product,https://www.senheng.com.my/hair-dryers/laifen-swift-special-hair-dryer-with-3-nozzles,Shop Laifen Swift Special Hair Dryer with 3 Nozzles | 10% S-Coin Cashback | Senheng,"Shopping for a new hair dryer? Senheng is now offering S-Coin Cashback to hair dryers, featuring Laifen Swift Special Hair Dryer with 3 Nozzles! Click here to shop."
Product,https://www.senheng.com.my/hair-dryers/panasonic-1200w-hair-dryer-with-quick-dry-nozzle-eh-nd21,Shop Panasonic 1200W Hair Dryer with Quick Dry Nozzle | 1-Year Warranty | Senheng,"Get great quality hair dryers, featuring Panasonic 1200W Hair Dryer with Quick Dry Nozzle here at the largest online appliance store, Senheng! Click here to shop with warranties."
Product,https://www.senheng.com.my/hair-dryers/panasonic-1800w-fast-dry-series-hair-dryer-eh-nd37,Shop Panasonic 1800W Fast Dry Series Hair Dryer EH-ND37 | Warranty | Senheng,"Shopping for hair dryers on sale in Malaysia? Click here to shop the featured Panasonic 1800W Fast Dry Series Hair Dryer EH-ND37, available with warranties now! Purchase today."
Product,https://www.senheng.com.my/hair-dryers/panasonic-2000w-hair-dryer-ehnd65k,Purchase Panasonic 2000W Hair Dryer EHND65K | 1-Year Warranty | Senheng,"Purchase the best hair dryers in Malaysia here at the authorised reseller, Senheng! Click here to shop Panasonic 2000W Hair Dryer EHND65K with additional warranty. Get it now."
Product,https://www.senheng.com.my/hair-dryers/panasonic-2000w-ionity-hair-dryer-ehne66k,Shop Panasonic 2000W Ionity Hair Dryer EHNE66K | 1-Year Warranty | Senheng,Looking for hair dryers on sale in Malaysia? Senheng is offering additional warranties on Panasonic 2000W Ionity Hair Dryer EHNE66K! Click here to shop at the largest online store.
Product,https://www.senheng.com.my/hair-dryers/panasonic-hair-dryer-psn-ehne44t,Purchase Panasonic Hair Dryer PSN-EHNE44T | 1-Year Warranty | Senheng,"Enjoy shopping the best collection of hair dryers here at the largest online store in Malaysia, Senheng! Click now to shop Panasonic Hair Dryer PSN-EHNE44T, available with warranty!"
Product,https://www.senheng.com.my/hair-dryers/panasonic-hair-styler-psn-ehka11,Purchase Panasonic Hair Styler PSN-EHKA11 | 1-Year Warranty | Senheng,Looking for the best hair dryer deals? Get the exclusively sold Panasonic Hair Styler PSN-EHKA11 here with additional warranty now with Senheng! Click here to shop while stocks last.
Product,https://www.senheng.com.my/hair-dryers/panasonic-hair-styler-with-3-attachments-eh-ka31,Shop Panasonic Hair Styler with 3 Attachments EH-KA31 | 1-Year Warranty | Senheng,Shop the best hair dryeres for sale here at the largest online appliance store in Malaysia! Shopping with Senheng means you enjoy the best deals and warranty coverage. Purchase now.
Product,https://www.senheng.com.my/hair-dryers/panasonic-hair-styler-with-7-attachments-ehka71,Shop Panasonic Hair Styler with 7 Attachments EHKA71 | 1-Year Warranty | Senheng,Shop great hair dryer deals today and get additional warranty coverages with Senheng! Shop now and enjoy the best deals and services to Panasonic Hair Styler with 7 Attachments!
Product,https://www.senheng.com.my/hair-dryers/panasonic-nanoe-care-hair-dryer-psn-ehna7mp,Shop Panasonic Nanoe Care Hair Dryer PSN-EHNA7MP | 15% S-Coin Cashback | Senheng,"Get the best hair dryers deals here at the largest online store in Malaysia, Senheng! Click here to shop Panasonic Nanoe Care Hair Dryer PSN-EHNA7MP now with 15% S-Coin Cashback."
Product,https://www.senheng.com.my/hair-dryers/panasonic-premium-hair-dryer-psn-csxu10zkh,Shop PANASONIC Premium Hair Dryer PSN-CSXU10ZKH | 15% S-Coin Cashback | Senheng,"Shopping for the best deals on hair dryers in Malaysia? Click here to get the best deals with S-Coin Cashback, featuring PANASONIC Premium Hair Dryer PSN-CSXU10ZKH with Senheng!"
Product,https://www.senheng.com.my/hair-dryers/philips-1000w-drycare-hair-dryer-hp8108,Shop Philips 1000W DryCare Hair Dryer HP8108 | 1-Year Warranty | Senheng,Enjoy the best deals packed with additional warranty coverages here at Senheng! The largest online appliance store is offering you Philips 1000W DryCare Hair Dryer HP8108 with warranty!
Product,https://www.senheng.com.my/hair-dryers/philips-1200w-essential-care-hair-dryer-bhc010-13,Purchase Philips 1200W Essential Care Hair Dryer BHC010/13 | Warranty | Senheng,"Get the best deals to Philips 1200W Essential Care Hair Dryer BHC010/13 here at the authorised reseller, Senheng! Click here to shop with additional warranties."
Product,https://www.senheng.com.my/hair-dryers/philips-1600w-3000-series-hair-dryer-bhd308-13,Shop Philips 1600W 3000 Series Hair Dryer BHD308/13 | 1-Year Warranty | Senheng,"Shop hair dryers for sale, featuring Philips 1600W 3000 Series Hair Dryer BHD308/13 here at Senheng! Click here to shop with additional warranty coverages while stocks last."
Product,https://www.senheng.com.my/hair-dryers/philips-2100w-hair-dryer-thermo-protect-navy-bb-blue-with-difusser-bhd360-23,Philips 2100W Hair Dryer Thermo Protect With Difusser | 1-Year Warranty | Senheng,"Enjoy the best deals and services when you shop at the largest online appliance store, Senheng! Click here to shop Philips 2100W Hair Dryer Thermo Protect With Difusser!"
Product,https://www.senheng.com.my/hair-dryers/philips-2300w-5000-series-hair-dryer-bhd510-03,Philips 2300W 5000 Series Hair Dryer BHD510/03 | 1-Year Warranty | Senheng,Enjoy shopping the best hair dryers for sale here with Senheng! Purchase the featured Philips 2300W 5000 Series Hair Dryer BHD510/03 with additional warranty here!
Product,https://www.senheng.com.my/hair-dryers/philips-2300w-5000-series-hair-dryer-bhd530-03,Shop Philips 2300W 5000 Series Hair Dryer BHD530/03 | 1-Year Warranty | Senheng,"Shopping hair dryers for sale? Click here to shop the featured Philips 2300W 5000 Series Hair Dryer BHD530/03, available now with additional warranties with Senheng!"
Product,https://www.senheng.com.my/hair-dryers/philips-3000-series-hair-dryer-bhd300-13,Shop Philips 3000 Series Hair Dryer BHD300/13 | 1-Year Warranty | Senheng,Blow your hair with confidence with hair dryers in Malaysia! Shop the featured Philips 3000 Series Hair Dryer BHD300/13 with additional warranties at Senheng now!
Product,https://www.senheng.com.my/hair-dryers/philips-hair-dryer-7000-series,Purchase Philips Hair Dryer 7000 Series | 15% S-Coin Cashback | Senheng,Shop the best collection of hair dryers in Malaysia here exclusively with Senheng! Enjoy the featured Philips Hair Dryer 7000 Series with 15% S-Coin Cashback now!
Product,https://www.senheng.com.my/hair-stylers/dyson-airstrait-straightener-bright-nickel-rich-copper,Purchase Dyson Airstrait™ Straightener | Extra Warranties | 0% IPP | Senheng,Shop for the Dyson Airstrait™ Straightener here with exclusive discounts and additional benefits such as warranties and low instalment! Shop here with Senheng for the best deals.
Product,https://www.senheng.com.my/hair-stylers/dyson-airstrait-straightener-ceramic-pink,Shop Dyson Airstrait™ Straightener Ceramic Pink | Warranties | Senheng,Get the best hair straightener in the market today! The Dyson Airstrait™ Straightener Ceramic Pink is here with the authorised reseller in Malaysia with amazing deals. Click here.
Product,https://www.senheng.com.my/hair-stylers/dyson-airwrap-id-multi-styler-and-dryer-straight-wavy-ceramic-patina-and-topaz,Purchase Dyson Airwrap ID Multi-Styler And Dryer | 2-Year Warranty | Senheng,"Browsing online for the best hair styling tools to achieve smooth hair? Click here to check out Dyson Airwrap ID Multi-Styler And Dryer, available at Senheng with warranties."
Product,https://www.senheng.com.my/hair-stylers/panasonic-2-way-hair-straightener-curler-psn-ehhv21k,Shop Panasonic 2-Way Hair Straightener & Curler | 1-Year Warranty | Senheng,"Looking to shop hair straighteners in Malaysia? Click here to shop Panasonic 2-Way Hair Straightener & Curler, now available with additional year warranty with Senheng!"
Product,https://www.senheng.com.my/hair-stylers/philips-stylecare-essential-heated-straightening-brush-bhh880-03,Philips StyleCare Essential Heated Straightening Brush | 1-Year Warranty | Senheng,Shop Philips StyleCare Essential Heated Straightening Brush along with many more straigthening brushes here at Senheng! Purchase from the online store and enjoy warranties.
Product,https://www.senheng.com.my/hair-stylers/philips-stylecare-multi-styler-with-15-attachments-bhh822,Philips StyleCare Multi-Styler with 15 Attachments | 1-Year Warranty | Senheng,Enjoy shopping Philips StyleCare Multi-Styler with 15 Attachments to style your hair for a ideal appearance! Click here to shop at Senheng and enjoy additional warranty.
Product,https://www.senheng.com.my/iron/panasonic-1000w-non-stick-coating-dry-iron-ni317t,Shop Panasonic 1000W Non-Stick Coating Dry Iron | Warranties | Senheng,"Dry and iron clothes for a clean appearance! We recommend Panasonic 1000W Non-Stick Coating Dry Iron, available here with additional warranty coverages. Shop here with Senheng!"
Product,https://www.senheng.com.my/iron/panasonic-1000w-non-stick-coating-dry-iron-ni415ewt,Purchase Panasonic 1000W Non-Stick Coating Dry Iron | 1-Year Warranty | Senheng,Upgrade to 1000W Non-Stick Coating Dry Iron and get your clothes looking neat today! Shopping at Senheng means you get all the best deals and services! Shop while stocks last.
Product,https://www.senheng.com.my/iron/panasonic-1000w-polished-dry-iron-ni317w,Shop Panasonic 1000W Polished Dry Iron | 1-Year Warranty | Senheng,Switch to the Panasonic 1000W Polished Dry Iron here with the authorised reseller in Malaysia today! Get all your needs with warranty coverages when you shop Senheng. Browse here.
Product,https://www.senheng.com.my/iron/panasonic-anti-calc-steam-generator-iron-psn-nigt500nsk,Shop Panasonic Anti-calc Steam Generator Iron | 15% S-Coin Cashback | Senheng,Shop garment steamers here at Senheng and enjoy the best prices to pair with your clean clothes! Shop Panasonic Anti-calc Steam Generator Iron and enjoy 15% S-Coin Cashback!
Product,https://www.senheng.com.my/iron/panasonic-garment-steamer-psn-nighf025wsk,Panasonic Garment Steamer PSN-NIGHF025WSK | 15% S-Coin Cashback | Senheng,"Shop the featured Panasonic Garment Steamer PSN-NIGHF025WSK, available with many more clothes iron here with Senheng online store! Shop now to enjoy 15% S-Coin Cashback!"
Product,https://www.senheng.com.my/iron/panasonic-m-series-light-easy-steam-iron-ni-m250tgsk,Shop Panasonic M-Series Light & Easy Steam Iron | 1-Year Warranty | Senheng,"Get your clothes ironed to perfection with Panasonic M-Series Light & Easy Steam Iron. Shopping with Senheng means you enjoy the best deals and services, shop while stocks last!"
Product,https://www.senheng.com.my/iron/panasonic-steam-generator-iron-psn-nigt150ask,Panasonic Steam Generator Iron PSN-NIGT150ASK | 15% S-Coin Cashback | Senheng,Looking to purchase clothes iron for sale with additional benefits? Senheng now offers the Panasonic Steam Generator Iron PSN-NIGT150ASK with 15% S-Coin Cashback! Shop now!
Product,https://www.senheng.com.my/iron/panasonic-steam-iron-psn-nis630vsk,Purchase Panasonic Steam Iron | 1-Year Additional Warranty | Senheng,Shop for grament steamers for sale here at the authorised reseller in Malaysia! Shopping with Senheng means you enjoy Panasonic Steam Iron with additional warranties!
Product,https://www.senheng.com.my/iron/philips-2500w-perfectcare-steam-iron-gc3920,Purchase Philips 2500W PerfectCare Steam Iron GC3920 | 1-Year Warranty | Senheng,Drip-stop system keeps your garments spotless while ironing. Shop Philips 2500W PerfectCare Steam Iron GC3920 here and enjoy additional warranty coverages with Senheng. Click here.
Product,https://www.senheng.com.my/iron/philips-300-series-stand-steamer-with-tilting-styleboard-plp-ste3170,Philips 300 Series Stand Steamer with Tilting StyleBoard | Cashback | Senheng,Shop garment steamers for sale in Malaysia at the largest online appliance store! Shop Philips 300 Series Stand Steamer with Tilting StyleBoard and enjoy 15% S-Coin cashback prizes.
Product,https://www.senheng.com.my/iron/philips-3000-series-steam-iron-dst3040,Purchase Philips 3000 Series Steam Iron DST3040 | 1-Year Warranty | Senheng,Shop Philips 3000 Series Steam Iron DST3040 here at the most complete garment steamer online store! Shopping with Senheng means you enjoy great deals with warranty coverages.
Product,https://www.senheng.com.my/iron/philips-5000-series-steam-iron-dst5040,Shop Philips 5000 Series Steam iron DST5040 | 7.5% S-Coin Cashback | Senheng,Shop Philips 5000 Series Steam iron DST5040 at Senheng! Shopping the best garment steamers for sale here means you enjoy the best deals with additional warranty coverages.
Product,https://www.senheng.com.my/iron/philips-6-0-bar-pressure-steam-generator-iron-psg2000,Philips 6.0 Bar Pressure Steam Generator Iron | 15% S-Coin Cashback | Senheng,Shop Philips 6.0 Bar Pressure Steam Generator Iron here with Senheng! Shopping for the best garment steamers here means you enjoy additional warranty coverages.
Product,https://www.senheng.com.my/iron/philips-ais6020-70-easytouch-plus-garment-steamer-3-2kg,Philips EasyTouch Plus Garment Steamer 3.2kg | 20% S-Coin Cashback | Senheng,Shopping for a garment steamer? Get the featured Philips AIS6020/70 EasyTouch Plus Garment Steamer 3.2kg here with Senheng and enjoy 20% S-Coin Cashback! Click here to shop.
Product,https://www.senheng.com.my/iron/philips-handheld-garment-steamer-3000-series-sth3010-30,Shop Philips Handheld Garment Steamer 3000 Series | 50% S-Coin Cashback | Senheng,Shop garment steamers for sale here at the largest online appliance store in Malaysia! Click here to shop Philips Handheld Garment Steamer 3000 Series with S-Coin Cashback!
Product,https://www.senheng.com.my/iron/philips-handheld-steamer-plp-sth3020-16,Shop Philips Handheld Steamer PLP-STH3020/16 | 10% S-Coin Cashback | Senheng,"Shopping for garment steamers for sale? Click here to shop Philips Handheld Steamer PLP-STH3020/16, available with 10% S-Coin Cashback only at Senheng. Shop now."
Product,https://www.senheng.com.my/iron/philips-perfectcare-7000-series-steam-generator-plp-psg7030,Philips PerfectCare 7000 Series Steam Generator | 15% S-Coin Cashback | Senheng,"Enjoy shopping garment steamers for sale, featuring Philips PerfectCare 7000 Series Steam Generator! Shopping with Senheng means you enjoy cashback, 0% IPP and more amazing deals."
Product,https://www.senheng.com.my/iron/philips-perfectcare-8000-series-steam-generator-psg8030,Philips PerfectCare 8000 Series Steam Generator | 11% S-Coin Cashback | Senheng,Get Philips PerfectCare 8000 Series Steam Generator as you shop garment steamers for sale here with Senheng! Enjoy 11% S-Coin Cashback and all the amazing deals here.
Product,https://www.senheng.com.my/iron/philips-perfectcare-9000-series-steam-generator-iron-psg9050-26,Philips PerfectCare 9000 Series Steam Generator Iron | S-Coin Cashback | Senheng,Shop with 0% IPP and 15% S-Coin Cashback when you shop at the largest online appliance store in Malaysia. Shop Philips PerfectCare 9000 Series Steam Generator Iron with Senheng.
Product,https://www.senheng.com.my/iron/tefal-1200w-easy-steam-ceramic-soleplate-iron-tef-fv1953,Shop Tefal 1200W Easy Steam Ceramic Soleplate Iron | 1-Year Warranty | Senheng,Shop Tefal 1200W Easy Steam Ceramic Soleplate Iron here at the authorised reseller in Malaysia! Click here to shop amazing deals and services with warranty coverages.
Product,https://www.senheng.com.my/iron/tefal-easy-steam-iron-tef-fv1941,Tefal Easy Steam Iron TEF-FV1941 | 1-Year Warranty | Senheng,"Shopping garment steamers for sale? Click here to shop Tefal Easy Steam Iron TEF-FV1941 with the authorised reseller in Malaysia, Senheng! Get warranties to your purchase here."
Product,https://www.senheng.com.my/iron/tefal-expert-precision-garment-steamer,Shop Tefal Expert Precision Garment Steamer | 2-Years Warranty | Senheng,"Enjoy high quality garment steamers for sale as you shop here at the largest online appliance store, Senheng! Click to shop Tefal Expert Precision Garment Steamer with warranties."
Product,https://www.senheng.com.my/iron/tefal-express-steam-steam-iron-tef-fv2887,Purchase Tefal Express Steam+ Steam Iron TEF-FV2887 | 1-Year Warranty | Senheng,Shop Tefal Express Steam+ Steam Iron TEF-FV2887 here at the largest online appliance store in Malaysia! Click here to shop all the best deals with warranty coverage. Purchase now.
Product,https://www.senheng.com.my/iron/tefal-qt1510-2980w-ixeo-all-in-one-iron-steamer-station-garment-steamer,Tefal IXEO+ All In One Iron Steamer Station Garment Steamer | Warranty | Senheng,"Shop the best collection of garment steamers, featuring Tefal QT1510 2980W IXEO+ All In One Iron Steamer Station Garment Steamer here at the authorised reseller in Malaysia! Click here."
Product,https://www.senheng.com.my/iron/tefal-travel-handheld-garment-steamer-tef-dt1034,Shop Tefal Travel Handheld Garment Steamer TEF-DT1034 | 2-Year Warranty | Senheng,"Shop the best garment steamer for sale here at the largest online appliance store, Senheng! Click now to shop Tefal Travel Handheld Garment Steamer TEF-DT1034 with warranties!"
Product,https://www.senheng.com.my/kitchenware/electrolux-coffee-maker-ele-e5cm180st,Shop Electrolux Coffee Maker ELE-E5CM180ST | 13% S-Coin Cashback | Senheng,"Make great coffee with ease at the comfort of your home, all with the featured Electrolux Coffee Maker ELE-E5CM180ST. Click now to shop with Senheng and enjoy S-Coin cashback!"
Product,https://www.senheng.com.my/kitchenware/tefal-12cm-w-cover-comfort-utility-knife,Shop Tefal 12CM W/COVER Comfort Utility Knife | 2-Year Warranty | Senheng,"Shopping for cooking utensils online? Click here to shop Tefal 12CM W/COVER Comfort Utility Knife, available with 2-years warranty with Senheng! Puchase now while stocks last."
Product,https://www.senheng.com.my/kitchenware/tefal-28cm-cookware-day-by-day-deep-frypan-g14366,Tefal 28cm Cookware Day By Day Deep Frypan G14366 | 2-Year Warranty | Senheng,"Frying pans are a must have in every kitchen! Add one to your collection, featuring Tefal 28cm Cookware Day By Day Deep Frypan G14366, available with Senheng with warranties."
Product,https://www.senheng.com.my/kitchenware/tefal-32cm-w-lid-day-by-day-wokpan-g14398,Tefal 32cm W/Lid Day By Day Wokpan G14398 | 2-Year Warranty | Senheng,Tefal 32cm W/Lid Day By Day Wokpan G14398 is a quality cooking wok that is a must have in every kitchen! Click here to shop the best deals and services with Senheng! Shop now.
Product,https://www.senheng.com.my/kitchenware/tefal-clear-cook-3pcs-set-series-b266s3,Tefal Clear Cook 3pcs Set Series B266S3 | 15% S-Coin Cashback | Senheng,High-quality frying pans are must need in every kitchen! Click here to purchase Tefal Clear Cook 3pcs Set Series B266S3 with additional warranties and cashback with Senheng!
Product,https://www.senheng.com.my/kitchenware/tefal-comfort-flexible-angle-spatula-k12903,Tefal Comfort Flexible Angle Spatula (K12903) | 2-Year Warranty | Senheng,"Shop high quality cooking utensils here at the largest online appliance store in Malaysia, Senheng! Click here to shop Tefal Comfort Flexible Angle Spatula (K12903) and get warranties."
Product,https://www.senheng.com.my/kitchenware/tefal-comfort-slotted-turner-spatula-k12920,Tefal Tefal Comfort Slotted Turner Spatula (K12920) | 2-Year Warranty | Senheng,"Enjoy high quality cooking utensils as you shop at the authorised reseller in Malaysia, Senheng! Click here to shop Tefal Comfort Slotted Turner Spatula (K12920) with warranties."
Product,https://www.senheng.com.my/kitchenware/tefal-comfort-wok-spatula-k12909,Purchase Tefal Comfort Wok Spatula (K12909) | 2-Year Warranty | Senheng,Purchase Tefal Comfort Wok Spatula (K12909) and many more cooking utensils online here at the authorised reseller in Malaysia! Click here to shop and enjoy warranties.
Product,https://www.senheng.com.my/kitchenware/tefal-cook-shine-3-piece-set-frypan-24cm-wokpan-28cm-slotted-spatula,Shop Tefal Cook & Shine 3-Piece Set | 2-Year Warranty | S-Coin Cashback | Senheng,"Frying pans are kitchen essentials, and you can find the best deals to it here at the largest online appliance store! Shop Tefal Cook & Shine 3-Piece Set with Senheng today!"
Product,https://www.senheng.com.my/kitchenware/tefal-day-by-day-4pcs-set-tef-g143s4,Shop Tefal Day By Day 4pcs Set TEF-G143S4 | 2-Year Warranty | Senheng,"Enjoy the best high quality frying pan when you shop here at the authorised reseller in Malaysia, Senheng! Click here to shop Tefal Day By Day 4pcs Set TEF-G143S4 with warranty."
Product,https://www.senheng.com.my/kitchenware/tefal-fresh-start-4pcs-set-b507s4,Purchase Tefal Fresh Start 4pcs Set B507S4 | 2-Year Warranty | Senheng,"Shop for the best cooking wok to enjoy your everyday cooking! Click here to shop Tefal Fresh Start 4pcs Set B507S4, available now with 2-year warranties with Senheng!"
Product,https://www.senheng.com.my/kitchenware/tefal-kitchen-ware-5-pcs-set-tef-kitchenware5pcs,Tefal Kitchen Ware 5 Pcs Set TEF-KITCHENWARE5PCS | 2-Year Warranty | Senheng,Shopping for cooking utensils online? Senheng is offering Tefal Kitchen Ware 5 Pcs Set TEF-KITCHENWARE5PCS with additional 2 year coverages now! Click here to shop!
Product,https://www.senheng.com.my/kitchenware/tefal-so-matcha-4pcs-set-tef-g179s4,Shop Tefal So Matcha 4pcs Set TEF-G179S4 | 2-Year Warranty | Senheng,"Shop cooking wok online here at the authorised reseller, Senheng! Click here to shop Tefal So Matcha 4pcs Set TEF-G179S4 and enjoy additional warranty coverages now!"
Product,https://www.senheng.com.my/kitchenware/tefal-so-matcha-deep-frypan-24cm-tef-g17964,Shop Tefal So Matcha Deep Frypan 24cm TEF-G17964 | 2-Year Warranty | Senheng,"High quality frying pans are an important piece to all kitchens! Get the best quality of kitchen staples, featuring Tefal So Matcha Deep Frypan 24cm TEF-G17964 here with Senheng!"
Product,https://www.senheng.com.my/kitchenware/toshiba-4-5l-digital-electric-pot-plk-45sfim,Shop Toshiba 4.5L Digital Electric Pot PLK-45SFIM | 1-Year Warranty | Senheng,Cooking pots are the perfect addition to your kitchen essentials. Click here to shop Toshiba 4.5L Digital Electric Pot PLK-45SFIM with Senheng and enjoy warranty coverages.
Product,https://www.senheng.com.my/laptops/microsoft-surface-laptop-copilot-pc-13-8-touchscreen-snapdragon-x-plus-16gb-memory-latest-model-7th-edition,Shop Microsoft Surface Laptop – Copilot+ PC | 0% IPP | 1-Year Warranty | Senheng,"Get the best latest laptop prices in Malaysia here at the authorised reseller in Malaysia, Senheng! Click here to shop Microsoft Surface Laptop – Copilot+ PC with 0% IPP."
Product,https://www.senheng.com.my/laptops/microsoft-surface-laptop-copilot-pc-snapdragon-x-elite-16gb-memory-latest-model-7th-edition,Purchase Microsoft Surface Laptop – Copilot+ PC (15 Inch) | 0% IPP | Senheng,Shopping for a microsoft surface laptop? Senheng is now offering Microsoft Surface Laptop – Copilot+ PC with attractive deals! Click here to shop with 0% IPP and warranties. Shop now.
Product,https://www.senheng.com.my/laptops/microsoft-surface-pro-copilot-pc-13-oled-touchscreen-snapdragon-x-elite-16gb-memory-device-only-latest-model-11th-edition,Microsoft Surface Pro – Copilot+ PC – 13 Inch OLED Touchscreen | 0% IPP | Senheng,"Shop microsoft laptops for sale here at the authorised reseller in Malaysia, Senheng! Click here to view and shop Microsoft Surface Pro – Copilot+ PC – 13” OLED touchscreen with 0% IPP."
Product,https://www.senheng.com.my/laptops/microsoft-surface-pro-copilot-pc-13-touchscreen-snapdragon-x-plus-16gb-memory-latest-model-11th-edition,Purchase Microsoft Surface Pro – Copilot+ PC (11th Edition) | Warranties | Senheng,"Shopping great deals to Microsoft touch screen laptop? Click here to shop Microsoft Surface Pro – Copilot+ PC (11th Edition) here with 0% IPP and extra warranties, all with Senheng."
Product,https://www.senheng.com.my/laundry/haier-10kg-6kg-washer-dryer-inverter-hwd100bp14959s8,Purchase Haier 10KG/6KG Washer Dryer Inverter | Low Instalment | Senheng,Get amazing tech to pair with your washing machine to ensure washing routine are consistent. Shop the Haier 10KG/6KG Washer Dryer Inverter here with low instalments!
Product,https://www.senheng.com.my/laundry/haier-10kg-front-load-washer-with-super-xl-drum-abt-dual-spray-hw100bp14959s6-washing-machine,Purchase Haier 10KG Front Load Washer | Extra Warranties | 0% IPP | Senheng,"A spacious and intense cleaning washing machine, that is the Haier 10KG Front Load Washer! Shop here to enjoy amazing deals with additional coverages! Click here to shop now."
Product,https://www.senheng.com.my/laundry/haier-15kg-10kg-front-load-hai-hwd150bp14986es8u1,Purchase Haier 15kg/10kg Front Load | S-Coin Cashback | 0% IPP | Senheng,The Haier 15kg/10kg Front Load is the perfect choice for deep cleans with the best technologies! Click here to shop washing machines and enjoy 0% IPP to your purchase. Click here.
Product,https://www.senheng.com.my/laundry/hisense-15kg-top-load-washer-inverter-hse-wt150f50,Shop Hisense 15kg Top Load Washer Inverter | 15% S-Coin Cashback | Senheng,"Shop the best laundry machine prices in Malaysia, available with 15% S-Coin Cashback here at Senheng online store! Click now to shop Hisense 15kg Top Load Washer Inverter."
Product,https://www.senheng.com.my/laundry/houm-super-dryer-with-dc-motor-hou-sd230dc,Shop Houm Super Dryer with DC Motor HOU-SD230DC | S-Coin Cashback | Senheng,"Designed to simulate the natural sunlight drying heat of between 37°c – 40°c. Visit Senheng to view the Houm Super Dryer with DC Motor HOU-SD230DC, available with S-Coin cashbacks!"
Product,https://www.senheng.com.my/laundry/lg-10-5kg-front-load-washing-machine-fv1450s4w-with-ai-direct-drive-steam,Shop LG 10.5kg Front Load Washing Machine | 0% IPP | S-Coin Cashback | Senheng,Intelligent Care with additional 18% fabric protection. Own LG 10.5kg Front Load Washing Machine here with 0% IPP and S-Coin Cashback deals from Senheng! Shop now.
Product,https://www.senheng.com.my/laundry/lg-10kg-dryer-dual-inverter-heat-pump-with-auto-cleaning-condenser-lg-rh10vhp2b,Shop LG 10kg Dryer Dual Inverter Heat Pump | 0% IPP | Low Instalment | Senheng,A dryer that gives maximum confidence and bacteria free clothings! The LG 10kg Dryer Dual Inverter Heat Pump is available here with 0% IPP low instalments! Shop Senheng now!
Product,https://www.senheng.com.my/laundry/lg-10kg-dual-inverter-heat-pump-dryer-rh10vhp2w-with-auto-cleaning-condenser,Shop LG 10kg Dual Inverter Heat Pump™Dryer | Low Instalment | 0% IPP | Senheng,"For consistent performance, sustainable care. The LG 10kg Dual Inverter Heat Pump™Dryer with Auto Cleaning Condenser is available here with 0% low instalment! Shop now!"
Product,https://www.senheng.com.my/laundry/lg-11-7kg-front-load-washer-dryer-with-ai-direct-drive-and-steam-lg-fv1411h3b-washing-machine,Purchase LG 11/7kg Front Load Washer Dryer | Extra Warranties | Senheng,Thoroughly gentle yet incredibly fast! LG 11/7kg Front Load Washer Dryer with AI Direct Drive™ and Steam gives you added family time! Shop here to enjoy extra warranties!
Product,https://www.senheng.com.my/laundry/lg-14kg-front-load-washing-machine-with-turbowash-lg-fv1414s3b,LG 14kg Front Load Washing Machine with TurboWash | Low Instalment | Senheng,LG 14kg Front Load Washing Machine with TurboWash allows you to place appropriate amounts of detergent for a clean washing. Shop here to enjoy great deals and warranties!
Product,https://www.senheng.com.my/laundry/lg-15kg-8kg-front-load-washer-dryer-with-ai-direct-drive-and-turbowash-technology-f2515rtgb-washing-machine,Shop LG 15kg/8kg Front Load Washer Dryer with AI Direct Drive | 0% IPP | Senheng,Steam away 99% of germs on your fabrics with LG 15kg/8kg Front Load Washer Dryer with AI Direct Drive! Shop here to enjoy S-Coin Cashbacks and 0% IPP on your purchase!
Product,https://www.senheng.com.my/laundry/lg-15kg-top-loading-washing-machine-tv2515dv3b-with-ai-direct-drive-inverter,Purchase LG 15KG Top Loading Washing Machine | 15% S-Coin Cashback | Senheng,Intelligent care of 24% more fabric protection! LG 15KG Top Loading Washing Machine with AI Direct Drive Inverter is available here with great deals and S-Coin Cashback! Shop here.
Product,https://www.senheng.com.my/laundry/lg-16-5kg-top-load-washing-with-smart-inverter-lg-t2516vsaj,Shop LG 16.5kg Top Load Washing with Smart Inverter | Low Instalment | Senheng,"A powerful yet gentle way to scrub, that is the offering of LG 16.5kg Top Load Washing with Smart Inverter! Shop here to enjoy up to 40% S-Coin Cashback and low instalments!"
Product,https://www.senheng.com.my/laundry/lg-24kg-top-load-washing-machine-with-intelligent-fabric-care-lg-tv2724sv9k,Shop LG 24kg Top Load Washing Machine | 15% S-Coin Cashback | Senheng,LG 24kg Top Load Washing Machine with Intelligent Fabric Care takes extra care of your clothes through tailored optimisation. Make a purchase and enjoy 0% IPP and S-Coin Cashback!
Product,https://www.senheng.com.my/laundry/lg-8kg-top-load-washer-t2108nt1w1-with-honeycomb-crystal-drum,Shop LG 8KG Top Load Washer T2108NT1W1 | Extra Warranties | Senheng,"Ultimate clothing protection with Honeycomb Crystal Drum, offered by  LG 8KG Top Load Washer T2108NT1W1! Shop Senheng to enjoy additional warranty coverages. Click here."
Product,https://www.senheng.com.my/laundry/lg-9kg-top-load-washing-machine-t2109vs2b-with-smart-inverter,Purchase LG 9kg Top Load Washing Machine | Extra Warranties | Senheng,"Energy saving with smart inverter control, all offered by LG 9kg Top Load Washing Machine with Smart Inverter. Shop here for the best deals, click to purchase with warranties."
Product,https://www.senheng.com.my/laundry/lg-s3mfc-styler-the-smart-wardrobe-with-refresh-sanitary-gentle-dry-essence-mirrored-finish,Purchase LG S3MFC Styler | Low Instalments | Extra Warranties | Senheng,"Check out LG S3MFC Styler, The Smart Wardrobe with Refresh, Sanitary & Gentle Dry, Essence Mirrored Finish! Click here to shop and enjoy the best deals with Senheng!"
Product,https://www.senheng.com.my/laundry/midea-10kg-heat-pump-dryer-mid-md200h100wb,MIDEA 10KG Heat Pump Dryer MID-MD200H100WB | 0% IPP | Senheng,Looking for great laundry machine price in Malaysia paired with warranties and low instalments? Senheng has you covered when you shop MIDEA 10KG Heat Pump Dryer MID-MD200H100WB.
Product,https://www.senheng.com.my/laundry/panasonic-10-6kg-front-load-washing-machine-with-dryer-na-s106fr1bm,Panasonic 10/6kg Front Load Washing Machine with Dryer | Low Instalment | Senheng,"All the best features needed packed into one washing machine! Panasonic 10/6kg Front Load Washing Machine with Dryer is your ideal choice, shop here with 0% IPP low instalment!"
Product,https://www.senheng.com.my/laundry/panasonic-10kg-care-front-load-washer-with-hygiene-dry-assist-feature-na-v10fr1bmy,Shop Panasonic 10kg Care+ Front Load Washer | Low Instalments | Senheng,Hygienic cleaning for full bacterial removal! Panasonic 10kg Care+ Front Load Washer provides the best experience of clean laundry! Shop now and purchase with low instalments.
Product,https://www.senheng.com.my/laundry/panasonic-10kg-heat-pump-dryer-psn-nheh10jd1,Panasonic 10kg Heat Pump Dryer | Extra Warranties | Low Instalment | Senheng,Dry your clothes with ease through Panasonic 10kg Heat Pump Dryer! Minimal energy needed to dry a variety of options for any fabric type. Click here to shop with low instalments!
Product,https://www.senheng.com.my/laundry/panasonic-10kg-top-load-washer-psn-naf100a9drt,Shop Panasonic 10kg Top Load Washer | 3% S-Coin Cashback | Senheng,Experience amazing laundry cleaning with the Panasonic 10kg Top Load Washer! Click here to shop with all the best deals and S-Coin Cashback! Shop now while stocks last.
Product,https://www.senheng.com.my/laundry/panasonic-11-5kg-powerful-clean-top-load-washing-machine-na-fd115x3bt,Shop Panasonic 11.5kg Powerful Clean Top Load Washing Machine | 0% IPP | Senheng,Enjoy clean clothes every day with a washer with powerful wash and fragrance-enhancing technology. Shop Panasonic 11.5kg Powerful Clean Top Load Washing Machine here with 0% IPP.
Product,https://www.senheng.com.my/laundry/panasonic-12-5kg-top-load-washing-machine-psn-nafd125v3bt,Panasonic 12.5KG Top Load Washing Machine | 0% IPP | Extra Warranties | Senheng,AI Smart Wash with AI ECONAVI intelligent sensing technology automatically optimises wash performance. Shop Panasonic 12.5KG Top Load Washing Machine with 0% IPP at Senheng.
Product,https://www.senheng.com.my/laundry/panasonic-13-5kg-washer-inverter-psn-nafd135x3bt,Purchase Panasonic 13.5KG Washer Inverter | 7.5% S-Coin Cashback | Senheng,Upgrade to the Panasonic 13.5KG Washer Inverter here with the authorised reseller in Malaysia! Get the best deals with S-Coin Cashback with Senheng. Shop while stocks last.
Product,https://www.senheng.com.my/laundry/panasonic-16-5kg-inverter-top-load-washing-machine,Panasonic 16.5kg Inverter Top Load Washing Machine | 7.5% S-Coin Cashback | Senheng,The Panasonic 16.5KG Top Load Washing Machine is a large-capacity washing machine designed for bigger households or heavy laundry needs. Click here to shop and enjoy cashback rewards!
Product,https://www.senheng.com.my/laundry/panasonic-front-load-washer-11-5kg-psn-nav115fa1,Purchase Panasonic Front Load Washer 11.5KG | 0% IPP | Low Instalment | Senheng,Get an amazing washing machine to deal with laundry! Panasonic Front Load Washer 11.5KG is available here with 0% IPP low instalment! Shop and enjoy great washing machine deals.
Product,https://www.senheng.com.my/laundry/panasonic-front-load-washing-machine-with-dryer-9kg-6kg-na-s96fc1wmy,Panasonic Front Load Washing Machine with Dryer | 0% IPP | Warranties | Senheng,Get the best washer and dryer on sale here with the authorised reseller in Malaysia! Shop the featured Panasonic Front Load Washing Machine with Dryer here with great deals!
Product,https://www.senheng.com.my/laundry/panasonic-smart-hygienic-convenient-top-load-washing-machine-18kg-na-fd180w3bt,Panasonic Smart Hygienic & Convenient Top Load Washing Machine | 0% IPP | Senheng,Get the best washing machine deals here Senheng! Shop the featured Panasonic Smart Hygienic & Convenient Top Load Washing Machine and enjoy 0% IPP purchases! Click here to shop.
Product,https://www.senheng.com.my/laundry/samsung-10-kg-bespoke-ai-laundry-dryer-heat-pump-technology,Shop SAMSUNG 10 kg Bespoke AI™ Laundry Dryer | 1-Year Warranty | Senheng,"SAMSUNG 10 kg Bespoke AI™ Laundry Dryer, the energy efficient clothes dryer you need for ease of laundry! Shop now with Senheng and enjoy warranty coverages and more deals."
Product,https://www.senheng.com.my/laundry/samsung-10kg-front-load-washer-with-ai-ecobubble-quickdrive-washer-ww10tp44dsx-washing-machine,Purchase Samsung 10kg Front Load Washer | 0% IPP | S-Coin Cashback | Senheng,Get the best washing machine deals here at the largest online appliance store in Malaysia. Shop Samsung 10kg Front Load Washer with AI EcoBubble™ & Quickdrive Washer with 0% IPP here.
Product,https://www.senheng.com.my/laundry/samsung-12-7-kg-laundry-front-load-washer-dryer-ai-ecobubble,Samsung 12+7 kg Laundry Front Load Washer+Dryer AI Ecobubble | 0% IPP | Senheng,"Want to shop the washing machine deals in Malaysia? Click here to shop Samsung 12+7 kg Laundry Front Load Washer+Dryer AI Ecobubble with 0% IPP, only at Senheng. Shop now."
Product,https://www.senheng.com.my/laundry/samsung-17kg-wash-10kg-dry-front-load-washer-dryer-with-ai-ecobubble-wd17t6300gpsp,Shop Samsung 17kg Wash & 10kg Dry Front Load Washer Dryer | 0% IPP | Senheng,Get the best washing machines for sale at the largest online appliance store! Click to shop Samsung 17kg Wash & 10kg Dry Front Load Washer Dryer with AI Ecobubble at Senheng.
Product,https://www.senheng.com.my/laundry/samsung-24kg-bespoke-ai-laundry-front-load-washer-wf24b9600kv-fq-with-ecobubble-black,Samsung 24kg Bespoke AI™ Laundry Front Load Washer | 15% S-Coin Cashback | senQ,"Buy washing machine with deals here at the largest online appliance store, Senheng! Click here to shop Samsung 24kg Bespoke AI™ Laundry Front Load Washer with cashback today!"
Product,https://www.senheng.com.my/laundry/samsung-25-15-kg-bespoke-ai-laundry-combo-washer-dryer-wd25db8995bzfq,Shop Samsung 25/15 kg Bespoke AI Laundry Combo™ Washer Dryer | 0% IPP | Senheng,Get great deals on washer-dryers in Malaysia here with Senheng! Shop Samsung 25/15 kg Bespoke AI Laundry Combo™ Washer Dryer and enjoy 0% IPP on your purchase. Click here to shop.
Product,https://www.senheng.com.my/laundry/samsung-8-5kg-6kg-dry-front-load-washer-dryer-with-ai-ecobubble-wd85t534dbe-washing-machine,Samsung 8.5kg/6kg Dry Front Load Washer Dryer with AI Ecobubble | 0% IPP | Senheng,Get great washing machine deals as you shop here at the largest online appliance store in Malaysia! Shop Samsung 8.5kg/6kg Dry Front Load Washer Dryer with AI Ecobubble with 0% IPP!
Product,https://www.senheng.com.my/laundry/samsung-8kg-laundry-dryer-with-heat-pump-technology-dv80ta220ae-fq-white,Samsung 8KG Laundry Dryer with Heat Pump Technology | S-Coin Cashback | Senheng,Samsung 8KG Laundry Dryer with Heat Pump Technology is the featured clothes dryer that is available with cashback and amazing deas with Senheng! Click here to shop now.
Product,https://www.senheng.com.my/laundry/samsung-9kg-heat-pump-dryer-with-ai-control-dv90t6240lh,Purchase Samsung 9kg Heat Pump Dryer with AI Control | S-Coin Cashback | Senheng,"Shop clothes dryer ifor sale here at the authorised reseller, Senheng! Click here purchase Samsung 9kg Heat Pump Dryer with AI Control with 3% S-Coin cashback and more."
Product,https://www.senheng.com.my/laundry/samsung-9kg-top-load-washer-with-ecobubble-and-digital-inverter-technology-wa90cg4545bd-washing-machine,Shop Samsung 9kg Top Load Washer with EcoBubble | 0% IPP | Low Instalment | Senheng,Get your laundry done with ease as you buy washing machine in Malaysia here with Senheng! Click here to shop Samsung 9kg Top Load Washer with EcoBubble with 0% IPP today!
Product,https://www.senheng.com.my/laundry/sharp-10-5kg-front-load-washing-machine-esfk1054smg,Purchase SHARP 10.5kg Front Load Washing Machine | 5% S-Coin Cashback | Senheng,"Enjoy great washing machine deals here at the largest online appliance store, Senheng! Click here to shop SHARP 10.5kg Front Load Washing Machine with 5% S-Coin cashback! Get now!"
Product,https://www.senheng.com.my/laundry/sharp-10-5kg-top-load-washer-with-fuzzy-control-soft-close-tempered-glass-esx1021-washing-machine,Sharp 10.5kg Top Load Washer with Fuzzy Control | 7.5% S-Coin Cashback | Senheng,Enjoy the best deals and services on washing machines in Malaysia when you shop Sharp 10.5kg Top Load Washer with Fuzzy Control exclusively at Senheng! Shop with S-Coin cashback!
Product,https://www.senheng.com.my/laundry/sharp-10kg-fully-auto-inverter-washing-machine-shp-esw10sm,Shop Sharp 10kg Fully Auto Inverter Washing Machine | 15% S-Coin Cashback | Senheng,Shop washing machine for sale here at the authorised reseller in Malaysia! Click here to shop Sharp 10kg Fully Auto Inverter Washing Machine with cashback prizes.
Product,https://www.senheng.com.my/laundry/sharp-15-5kg-full-auto-washer-with-soft-close-tempered-glass-lid-esx1521-washing-machine,Sharp 15.5kg Full Auto Washer with Soft Close Tempered Glass Lid | 0% IPP | Senheng,"Click to shop the best washing machine collection, available at Senheng. Check out Sharp 15.5kg Full Auto Washer with Soft Close Tempered Glass Lid here with 0% IPP."
Product,https://www.senheng.com.my/laundry/sharp-16kg-full-auto-dd-inverter-top-load-washing-machine-shp-esy1619,Shop SHARP 16kg Full Auto DD Inverter Top Load Washing Machine | 0% IPP | Senheng,Looking for washing machine for sale? SHARP 16kg Full Auto DD Inverter Top Load Washing Machine is available here with 0% IPP and warranties! Shop with Senheng for great deals.
Product,https://www.senheng.com.my/laundry/sharp-17kg-fully-auto-inverter-washing-machine-shp-esw17sm,Purchase Sharp 17kg Fully Auto Inverter Washing Machine | S-Coin Cashback | Senheng,Sharp 17kg Fully Auto Inverter Washing Machine is available for purchase here at the authorised reseller in Malaysia! Get ease of laundry today while enjoying cashback on us!
Product,https://www.senheng.com.my/laundry/sharp-20kg-top-load-washer-with-intelligent-water-fall-system-soft-close-tempered-glass-esx2021-washing-machine,Sharp 20kg Top Load Washer with Intelligent Water Fall System | 0% IPP | Senheng,Buy washing machines for sale in Malaysia here at the largest online appliance store! Click here to shop Sharp 20kg Top Load Washer with Intelligent Water Fall System with 0% IPP.
Product,https://www.senheng.com.my/laundry/sharp-7-5kg-top-load-washer-washing-machine-mesin-basuh-es721x,Purchase SHARP 7.5kg Top Load Washer ES721X | 1-Year Warranty | Senheng,Looking online on washing machine for sale? The best deals are here with Senheng! Click here to shop SHARP 7.5kg Top Load Washer ES721X with warranty! Purchase now while stocks last.
Product,https://www.senheng.com.my/laundry/sharp-8-5kg-ss-drum-top-load-washer-with-fuzzy-control-es821x,SHARP 8.5kg SS Drum Top Load Washer with Fuzzy Control | Warranties | Senheng,Click here to check out the full collection of washing machine deals in Malaysia! Shop SHARP 8.5kg SS Drum Top Load Washer with Fuzzy Control with 2-Year Warranties now with Senheng!
Product,https://www.senheng.com.my/laundry/sharp-intelligent-inverter-front-load-washing-machine-esfh10bmb,Sharp Intelligent Inverter Front Load Washing Machine | S-Coin Cashback | Senheng,Enjoy the best washing machine deals in Malaysia here with the largest online appliance store! Shop Sharp Intelligent Inverter Front Load Washing Machine with S-Coin Cashback!
Product,https://www.senheng.com.my/laundry/toshiba-10-5-7kg-washer-dryer-sensedose-matters-twd-t25bzu115mwm-mg,Toshiba 10.5/7kg Washer Dryer TWD-T25BZU115MWM | 15% S-Coin Cashback | Senheng,"Toshiba 10.5/7kg Washer Dryer is now available at the authorised reseller in Malaysia, Senheng! Click here to shop and enjoy 15% S-Coin Cashback while stocks last."
Product,https://www.senheng.com.my/laundry/toshiba-10-5kg-front-load-washer-tw-bl115a2m-ss,Shop Toshiba 10.5kg Front Load Washer TW-BL115A2M | 0% IPP | Senheng,Get the best washing machine deals when you shop here at Senheng! The largest online appliance store offers 0% IPP to your purchase of Toshiba 10.5kg Front Load Washer TW-BL115A2M!
Product,https://www.senheng.com.my/laundry/toshiba-10-5kg-front-load-washer-twt21bu115uwm-mg,Purchase Toshiba 10.5kg Front Load Washer TWT21BU115UWM | 0% IPP | Senheng,"Shopping for a high quality washing machine? Click here to shop Toshiba 10.5kg Front Load Washer TWT21BU115UWM, available with 0% IPP and more with Senheng! Shop while stocks last."
Product,https://www.senheng.com.my/laundry/toshiba-17-0-kg-top-load-greatwaves-washer-tsb-awdum1800mm-sg,Shop Toshiba 17.0 Kg Top Load Greatwaves Washer TSB-AWDUM1800MM | 0% IPP | Senheng,"Looking at washing machines for sale? Click here to shop Toshiba 17.0 Kg Top Load Greatwaves Washer TSB-AWDUM1800MM, available now with 0% IPP at Senheng! Purchase now!"
Product,https://www.senheng.com.my/laundry/toshiba-7kg-top-load-washer-tsb-awm801amww,Toshiba 7KG Top Load Washer TSB-AWM801AMWW | 2-Years Warranty | Senheng,"Get the best washing machine deals, paired with additional warranty coverages when you shop at Senheng! Click now and shop Toshiba 7KG Top Load Washer TSB-AWM801AMWW here!"
Product,https://www.senheng.com.my/laundry/toshiba-7kg-tumble-dryer-with-sensedry-technology-td-h80semsk,Shop Toshiba 7KG Tumble Dryer with SENSEDRY | 0% IPP | Senheng,"Enjoy the best clothes dryer for sale, paired with additional warranty coverages and 0% IPP when you shop at Senheng! Click to shop Toshiba 7KG Tumble Dryer with SENSEDRY here!"
Product,https://www.senheng.com.my/laundry/toshiba-8kg-condenser-dryer-with-sensedry-technology-td-k90mem-sk,Shop Toshiba 8kg Condenser Dryer with Sensedry | 0% IPP | Warranties | Senheng,"Looking for an energy efficient clothes dryer in Malaysia, well the largest online appliance store has your needs! Click to shop Toshiba 8kg Condenser Dryer with Sensedry with Senheng!"
Product,https://www.senheng.com.my/mobile-accessories/riversong-melody-t-type-c,Shop Riversong Melody T+ (Type-C) | 1-Year Warranty | Senheng,"Shop the best deals and services to Riversong Melody T+ (Type-C), available here with the largest online appliance store, Senheng! Click here to shop and enjoy warranties."
Product,https://www.senheng.com.my/mobile-accessories/riversong-nexus-p11-multifunction-type-c-docking-station,Riversong Nexus P11 Multifunction Type-C Docking Station | Warranty | Senheng,"Shop Riversong Nexus P11 Multifunction Type-C Docking Station here with the authorised reseller in Malaysia, Senheng! Click now to shop and enjoy additional year warranty!"
Product,https://www.senheng.com.my/mobile-accessories/riversong-nexus-p8-multifunction-type-c-docking-station,Riversong Nexus P8 Multifunction Type-C Docking Station | Warranty | Senheng,"Enjoy shopping Riversong Nexus P8 Multifunction Type-C Docking Station, paired with additional year warranty here at the largest online appliance store, Senheng! Click to shop."
Product,https://www.senheng.com.my/mobile-phones/google-pixel-9,Purchase Google Pixel 9 | Low Instalment | Extra Warranties | Senheng,"Experience the enhancement of all your pictures, with Google Pixel 9 and its amazing AI. Click here to shop mobile phones with low instalments and extra warranty coverages."
Product,https://www.senheng.com.my/mobile-phones/google-pixel-9-pro,Purchase Google Pixel 9 Pro | Instalment Payment | Low Instalment | Senheng,The Google Pixel 9 Pro is everything you need in a premium phone. Shop here with low instalments and enjoy its amazing features! Get your mobile phones with the best deals here.
Product,https://www.senheng.com.my/mobile-phones/google-pixel-9-pro-xl,Shop Google Pixel 9 Pro XL | 0% IPP | Extra Warranties | Senheng,"Shop the Google Pixel 9 Pro XL and test out its all new AI innovations, streamlining your tasks with ease through Gemini. Shop mobile phones here with 0% IPP and warranty benefits."
Product,https://www.senheng.com.my/mobile-phones/honor-200-smart-5g-8gb-256gb,Purchase Honor 200 Smart 5G (8GB+256GB) | 0% IPP | Warranties | Senheng,Get a mobile phone that supports 5G network. The Honor 200 Smart 5G (8GB+256GB) is available here with Senheng with additional warranties and more amazing deals! Shop now.
Product,https://www.senheng.com.my/mobile-phones/honor-400-pro,Purchase Honor 400 PRO | 0% IPP | 3-Year Warranty | Senheng,"Enjoy great deals on the latest mobile phones here at the authorised reseller, Senheng! Click now to purchase Honor 400 PRO with 0% IPP and additional 3 year warranty coverage."
Product,https://www.senheng.com.my/mobile-phones/honor-magic-v3-24gb-512gb-mossy-green-classic-black-silk-brown,Shop HONOR Magic V3 (24GB+512GB) | Extra Warranties | Low Instalment | Senheng,"Get the HONOR Magic V3 (24GB+512GB) is your favourite colours, giving you groundbreaking eye protecting technology that keeps you safe. Click here to shop with amazing deals."
Product,https://www.senheng.com.my/mobile-phones/honor-x7c-8gb-256gb,Shop HONOR X7c (8GB + 256GB) | Extra Warranties | Instalment Payment | Senheng,Get your HONOR X7c (8GB + 256GB) here with the authorised reseller in Malaysia with amazing deals and additional warranties! Shop with Senheng to get your needs.
Product,https://www.senheng.com.my/mobile-phones/honor-x9c-5g,Purchase HONOR X9c 5G | Low Instalment | Extra Warranties | Senheng,Switch your phone to the HONOR X9c 5G and enjoy all its amazing features! Click here to shop with the authorised reseller in Malaysia for the best deals. Shop while stocks last.
Product,https://www.senheng.com.my/mobile-phones/honor-x9c-smart-8gb-256gb,Purchase HONOR X9c Smart (8GB+256GB) | Extra Warranties | Instalment Payment | Senheng,Get your very own HONOR X9c Smart (8GB+256GB) here with the authorised reseller in Malaysia! Shop with the largest online appliances store for the best deals and services!
Product,https://www.senheng.com.my/mobile-phones/huawei-pura70-12gb-256gb,Purchase HUAWEI Pura70 (12GB + 256GB) | 1-Year Warranty | Senheng,"Looking for a new AI phone that has additional warranty coverages? Check out the authorised reseller, Senheng and the featured HUAWEI Pura70 (12GB + 256GB) here! Click now to shop."
Product,https://www.senheng.com.my/mobile-phones/huawei-pura70-pro-12gb-512gb,Shop HUAWEI Pura70 Pro (12GB + 512GB) | 0% IPP | Warranties | Senheng,"Shop the latest AI phones, featuring HUAWEI Pura70 Pro (12GB + 512GB) here at the authorised reseller in Malaysia, Senheng! Click now to shop online and have it picked up in store."
Product,https://www.senheng.com.my/mobile-phones/iphone-16,Purchase iPhone 16 | 0% IPP | Low Instalments | Senheng,"Get the best deals and services to your purchase of the Apple iPhone 16 here with Senheng, the authorised reseller in Malaysia! Click here to shop the best smartphones today!"
Product,https://www.senheng.com.my/mobile-phones/oppo-a3-8gb-256gb,Purchase OPPO A3 (8GB + 256GB ) | 1-Year Warranty | Senheng,"Looking for great deals to AI phones? We recommend the OPPO A3 (8GB + 256GB ), paired with additional warranty coverages with Senheng! Click now to shop while stocks last."
Product,https://www.senheng.com.my/mobile-phones/oppo-find-x8-16gb-512gb,Purchase OPPO Find X8 (16GB+512GB) | 0% IPP | 1-Year Warranty | Senheng,"Shop the best deals and services to AI phones here with the authorised reseller in Malaysia, Senheng! OPPO Find X8 (16GB+512GB) is available here with 0% IPP and warranties. Shop now."
Product,https://www.senheng.com.my/mobile-phones/oppo-find-x8-pro-16gb-512gb,Shop OPPO Find X8 Pro (16GB+512GB) | 0% IPP | 1-Year Warranty | Senheng,"Shop OPPO Find X8 Pro (16GB+512GB) and many more AI phones here with 0% IPP and extra warranties at the authorised reseller in Malaysia, Senheng! Purchase now with the best deals."
Product,https://www.senheng.com.my/mobile-phones/oppo-reno12-5g-12gb-512gb,Shop OPPO Reno12 5G (12GB + 512GB) | 0% IPP | 1-Year Warranty | Senheng,"Purchase the best smartphones with 0% IPP and low instalments here at the largest online appliance store, Senheng! Click now to shop OPPO Reno12 5G (12GB + 512GB) with deals."
Product,https://www.senheng.com.my/mobile-phones/pre-order-vivo-v50-5g-eta-23-march-2025-onwards,Purchase vivo V50 5G | 1-Year Warranty | 0% IPP | Senheng,"Get the best mobile phone online here when you shop at the authorised reseller, Senheng! Click now to shop vivo V50 5G with additional warranty coverage and 0% IPP."
Product,https://www.senheng.com.my/mobile-phones/samsung-galaxy-a06-4-128gb,Shop Samsung Galaxy A06 (4+128GB) | 2-Year Warranty | Senheng,"Looking to get a new budget smart phone? Senheng has you covered with the Samsung Galaxy A06 (4+128GB), now available with 2 year warranties and more deals! Shop now."
Product,https://www.senheng.com.my/mobile-phones/samsung-galaxy-a16-5g,Purchase Samsung Galaxy A16 5G | 1-Year Warranty | Senheng,"Shop the best deals to ai phones here with the authorised reseller in Malaysia, Senheng! Purchase the Samsung Galaxy A16 5G, and enjoy amazing deals with additional warranty coverage!"
Product,https://www.senheng.com.my/mobile-phones/samsung-galaxy-a36-5g-12-256gb,Purchase Samsung Galaxy A36 5G (12+256GB) | 0% IPP | 2-Year Warranty | Senheng,"Shop the best mobile phones here with Senheng, the authorised reseller. Click now to get the best deals and services on Samsung Galaxy A36 5G (12+256GB) today! Shop while stocks last."
Product,https://www.senheng.com.my/mobile-phones/samsung-galaxy-s24-fe,Purchase Samsung Galaxy S24 FE | 0% IPP | Warranties | Senheng,"Enjoy the best deals to budget smart phone when you shop Samsung Galaxy S24 FE here at the largest online store in Malaysia, Senheng! Click here to shop with 0% IPP and warranties."
Product,https://www.senheng.com.my/mobile-phones/vivo-v40-lite,Purchase vivo V40 Lite | 1-Year Warranty | Senheng,"Shopping for a smartphone that packs the best technology with an affordable price? Click here to shop vivo V40 Lite, now available with warranty at Senheng! Purchase now."
Product,https://www.senheng.com.my/mobile-phones/vivo-x200-5g-16gb-512gb,Purchase vivo X200 5G (16GB+512GB) | 0% IPP | Warranties | Senheng,"Shop the best budget smart phone collection, featuring vivo X200 5G (16GB+512GB) here with Senheng! All the best deals and services are here when you make a purchase! Click now."
Product,https://www.senheng.com.my/mobile-phones/vivo-x200-pro-5g-16gb-512gb,Purchase vivo X200 Pro 5G (16GB+512GB) | 0% IPP | Warranties | Senheng,"Purchase vivo X200 Pro 5G (16GB+512GB), our featured AI phone here at the authorised reseller, Senheng! Click now to make a purchase with 0% IPP and warranties."
Product,https://www.senheng.com.my/mobile-phones/xiaomi-14t-pro,Purchase Xiaomi 14T Pro | 2-Year Warranty | 0% IPP | Senheng,"Get the best AI phones available in the market today, all here with Senheng, the largest online appliance store in Malaysia. Click here to purchase Xiaomi 14T Pro with warranties."
Product,https://www.senheng.com.my/mosquito-killers/sharp-40m-air-purifier-with-mosquito-catcher-fpgm50lb,Shop SHARP 40m² Air Purifier with Mosquito Catcher | 0% IPP | Senheng,Enjoy the best deals and services when you shop SHARP 40m² Air Purifier with Mosquito Catcher here at Senheng! Click here to purchase and get 0% IPP payments while stocks last.
Product,https://www.senheng.com.my/oral-care/laifen-wave-dual-action-oscillation-vibration-electric-toothbrush,Laifen Wave Dual-Action Electric Toothbrush | S-Coin Cashback | Senheng,On the lookout for electric toothbrush? Click here to shop Laifen Wave Dual-Action Oscillation & Vibration Electric Toothbrush with Senheng and enjoy 10% S-Coin Cashback!
Product,https://www.senheng.com.my/oral-care/philips-1100-series-sonic-electric-toothbrush-hx3641-41,Shop Philips 1100 Series Sonic Electric Toothbrush | 5% S-Coin Cashback | Senheng,Shopping electric toothbrush for sale? Senheng is now offering Philips 1100 Series Sonic Electric Toothbrush HX3641/41 with 5% S-COin Cashback! Click here to shop.
Product,https://www.senheng.com.my/oral-care/philips-sonicare-3100-series-electric-toothbrush-plp-hx3671-54,Philips Sonicare 3100 Series Electric Toothbrush PLP-HX3671/54,Online shopping for the best electric toothbrush price? Click here to shop Philips Sonicare 3100 Series Electric Toothbrush with Senheng and enjoy 5% S-Coin Cashback! Purchase now!
Product,https://www.senheng.com.my/others/panansonic-wireless-lan-adaptor,Purchase Panasonic Wireless LAN Adaptor | Self-Pick Up Available | Senheng,"Shop Panasonic Wireless LAN Adaptor and many more Panasonic appliances here at the largest online appliance store in Malaysia, Senheng! Click here to shop and enjoy amazing deals."
Product,https://www.senheng.com.my/others/xgimi-halo-full-hd-smart-portable-projector-with-android-tv,Shop XGIMI Halo+ Full HD Smart Portable Projector with Android TV | 0% IPP | Senheng,"Shop XGIMI Halo+ Full HD Smart Portable Projector with Android TV, available now at Senheng online store with amazing deals and services. Click now to shop with 0% IPP."
Product,https://www.senheng.com.my/others/xgimi-mogo-2-pro-cinematic-portable-ai-projector-with-android-tv,XGIMI MoGo 2 Pro Cinematic Portable AI Projector with Android TV | 0% IPP | Senheng,"Enjoy shopping the best small portale projectors in Malaysia, all available here with Senheng! Click now to shop XGIMI MoGo 2 Pro Cinematic Portable AI Projector with Android TV."
Product,https://www.senheng.com.my/large-appliances/robam-3-core-built-in-steamer-s112,Shop ROBAM 3-core Built In Steamer S112 | 10% S-Coin Cashback | Senheng,"Purchase ROBAM 3-core Built In Steamer S112 here at the largest online appliance store in Malaysia, Senheng! Click now and enjoy 10% S-Coin Cashback to your purchase."
Product,https://www.senheng.com.my/large-appliances/tefal-express-induction-hob-tef-ih7208,Shop Tefal Express Induction Hob TEF-IH7208 | 7.5% S-Coin Cashback | Senheng,Add the Tefal Express Induction Hob TEF-IH7208 to your kitchen staples! Enjoy the best deals with 7.5% S-Coin Cashback here with Senheng! Shop the largest online store now!
Product,https://www.senheng.com.my/large-appliances/robam-6-modes-freestanding-and-built-in-dishwasher-with-3d-washing-and-drying-system-w602s,ROBAM 6-Modes Freestanding and Built-In Dishwasher | 10% S-Coin Cashback | Senheng,"Shopping for dishwashers for sale? Click here to enjoy great deals on ROBAM 6-Modes Freestanding and Built-In Dishwasher, available with 10% S-Coin Cashback at Senheng! Get it now."
Product,https://www.senheng.com.my/ovens/electrolux-52l-built-in-oven-ele-rzb2110aaxa,Purchase Electrolux 52L Built In Oven | S-Coin Cashback | 0% IPP | Senheng,Built-in ovens are a household staple for cooking delicious delicacies! Click here to shop the Electrolux 52L Built In Oven with S-Coin Cashback and 0% IPP. Shop now!
Product,https://www.senheng.com.my/ovens/midea-20l-microwave-oven-with-defrost-setting-mm720cgewh,Midea 20L Microwave Oven with Defrost Setting | Self Pick Up Available | Senheng,"Click here to browse the Midea 20L Microwave Oven with Defrost Setting, available here at the authorised reseller in Malaysia with amazing deals. Click here to shop now."
Product,https://www.senheng.com.my/ovens/panasonic-20l-solo-microwave-oven-nn-st22qbmpq-with-10-pre-programmed-auto-menus,Purchase Panasonic 20L Solo Microwave Oven | 1 Year Warranty | Senheng,"Stylish yet compact, with 5 heat levels, a defrosting function, and 10 pre-programmed auto menus to give you flexibility! Click here for Panasonic 20L Solo Microwave Oven on sale!"
Product,https://www.senheng.com.my/ovens/panasonic-20l-steam-convection-cubie-oven-nu-sc180bmpq,Shop Panasonic 20L Steam Convection Cubie Oven | 15% S-Coin Cashback | Senheng,Auto cooking menu allows you to enjoy many of your favorite dishes. Enjoy cooking your favourite dishes with Panasonic 20L Steam Convection Cubie Oven and 15% Cashback!
Product,https://www.senheng.com.my/ovens/panasonic-27l-inverter-convection-oven,Shop Panasonic 27L Inverter Convection Oven | Low Instalment | Senheng,"Panasonic 27L Inverter Convection Oven, with it's slim, fan-on-top design, Slim-Line delivers real oven results. Click to get low instalments on your purchase, only at Senheng!"
Product,https://www.senheng.com.my/ovens/pensonic-electric-oven-46l-pen-peo4611,Shop Pensonic Electric Oven 46L PEN-PEO4611 | 15% S-Coin Cashback | Senheng,"Get electric oven for baking here with the authorised reseller in Malaysia! Shop Pensonic Electric Oven 46L PEN-PEO4611 with additional 15% S-Coin Cashback, only with Senheng!"
Product,https://www.senheng.com.my/ovens/robam-combi-steam-oven-40l-rob-cq751,Shop ROBAM Combi Steam Oven 40L ROB-CQ751 | 0% IPP | Extra Warranties | Senheng,"Get a built in microwave oven to complete your kitchen! Shop the featured ROBAM Combi Steam Oven 40L ROB-CQ751, available with 0% IPP and extra warranties at Senheng!"
Product,https://www.senheng.com.my/ovens/robam-r312-professional-lcd-60l-built-in-oven,Shop ROBAM R312 Professional LCD 60L Built-In Oven | 0% IPP | Senheng,Enjoy the best deals and services to your purchase of ROBAM R312 Professional LCD 60L Built-In Oven! Shop now and enjoy 0% IPP purchases and more with Senheng. Click here.
Product,https://www.senheng.com.my/ovens/sharp-20l-mechanical-dial-flatbed-microwave-oven-r2121fgk,Shop SHARP 20L Mechanical Dial Flatbed Microwave Oven | 1-Year Warranty | Senheng,"Shop microwave ovens in Malaysia, featuring SHARP 20L Mechanical Dial Flatbed Microwave Oven exclusively at Senheng! Shopping here means you enjoy additional warranty coverages on us!"
Product,https://www.senheng.com.my/ovens/sharp-20l-microwave-oven-r2021gk,Purchase SHARP 20L Microwave Oven | 1-Year Warranty | Senheng,"Looking for cheap microwave oven for sale in Malaysia? SHARP 20L Microwave Oven is on amazing sale here with additional warranties, only at Senheng! Click now to shop and purchase."
Product,https://www.senheng.com.my/ovens/sharp-23l-microwave-oven-with-grill-shp-r639es,SHARP 23L Microwave Oven with Grill SHP-R639ES | 10% S-Coin Cashback | Senheng,"Shop the great microwave ovens for sale, featuring SHARP 23L Microwave Oven with Grill SHP-R639ES at Senheng! Shop now to enjoy 10% S-Coin Cashback and more. Get yours today!"
Product,https://www.senheng.com.my/ovens/sharp-25l-900w-microwave-with-grill-r607ek,Shop Sharp 25L 900W Microwave with Grill R607EK | 1-Year Warranty | Senheng,"The best grill microwave oven for sale is available here at the largest online appliance store, Senheng! Click here to shop Sharp 25L 900W Microwave with Grill R607EK with warranty."
Product,https://www.senheng.com.my/ovens/sharp-25l-basic-digital-control-microwave-oven-r3521gk,Shop Sharp 25L Basic Digital Control Microwave Oven R3521GK | Warranty | Senheng,"Enjoy the best microwave oven price in Malaysia here with Senheng, the authorised reseller. Shop Sharp 25L Basic Digital Control Microwave Oven R3521GK with additional warranty."
Product,https://www.senheng.com.my/ovens/toshiba-21l-microwave-oven-tsb-mw2mm21pf-bk,Toshiba 21L Microwave Oven TSB-MW2MM21PF(BK) | 20% S-Coin Cashback | Senheng,"Shop the best microwave oven for sale, featuring Toshiba 21L Microwave Oven TSB-MW2MM21PF(BK) here with the authorised reserller, Senheng! Click now to shop with 20% S-Coin cashback!"
Product,https://www.senheng.com.my/ovens/toshiba-34l-deluxe-series-grill-touch-microwave-oven-ersgs34-k-my,Shop Toshiba 34L Deluxe Series Grill Touch Microwave Oven | 1-Year Warranty | Senheng,"Shop the best microwave ovens for sale here at the authorised reseller in Malaysia, Senheng! Shop Toshiba 34L Deluxe Series Grill Touch Microwave Oven now and enjoy warranty coverage."
Product,https://www.senheng.com.my/large-appliances/robam-cq926h01-73l-combi-steam-oven,Shop ROBAM CQ926H01 73L Combi Steam Oven | 0% IPP | Low Instalment | Senheng,"Click here to shop electric oven, featuring ROBAM CQ926H01 73L Combi Steam Oven with 0% IPP and extra warranties! Shop the best deals and services with Senheng."
Product,https://www.senheng.com.my/power-supply/riversong-magspeed-10-pro-10w-wireless-charge-riv-magspeed10pro,Riversong MagSpeed 10 Pro 10W Wireless Charge | 1-Year Warranty | Senheng,Bring a fast-charging powerbank wherever you go! Click here to shop Riversong MagSpeed 10 Pro 10W Wireless Charge with additional year warranties now with Senheng!
Product,https://www.senheng.com.my/laptops/hp-victus-15-6-inch-gaming-laptop-15-fb1048ax-amd-ryzen-5-nvidia-geforce-rtx-2050-home-gb-ddr5-ram-512-gb-ssd-15-6-fhd-windows-11,Shop HP Victus 15.6 inch Gaming Laptop 15-fb1048AX | 0% IPP | Warranties | Senheng,Check out the best laptop deals in Malaysia here at Senheng's online store! Click now and get HP Victus 15.6 inch Gaming Laptop 15-fb1048AX with 0% IPP and warranties.
Product,https://www.senheng.com.my/laptops/hp-victus-gaming-15-fb1047ax-fb1048ax-gaming-laptop-amd-ryzen-5-7353hs-nvd-rtx2050,Shop HP Victus Gaming 15-fb1047AX Gaming Laptop | 2-Year Warranty | Senheng,"Enjoy the best laptop deals in Malaysia, all available now with Senheng, the authorised reseller! Click to shop HP Victus Gaming 15-fb1047AX Gaming Laptop with 2-Year Warranty!"
Product,https://www.senheng.com.my/air-quality/haier-2-0hp-non-inverter-air-conditioner-hai-hsu19lpb23,Shop Haier 2.0HP NON INVERTER Air Conditioner | 3% S-Coin Cashback | Senheng,Shop the best air quality products available in Malaysia to combat the hot temperature. Haier 2.0HP NON INVERTER Air Conditioner is available for purchase now with cashback!
Product,https://www.senheng.com.my/air-quality/jisulife-table-fan-random-colour-jsl-fa26,Shop JisuLife Table Fan (Random Colour) JSL-FA26 | Extra Warranty | Senheng,"Get air cooler products to combat the hot temperature in Malaysia, featuring JisuLife Table Fan (Random Colour) JSL-FA26! Click now to shop with Senheng and enjoy additional warranty."
Product,https://www.senheng.com.my/laundry/haier-9kg-front-load-washer-hai-hw90bp14959s6,Purchase HAIER 9kg Front Load Washer | 10% S-Coin Cashback | Senheng,"Senheng is now offering the best laundry machine prices in Malaysia! All the best deals to HAIER 9kg Front Load Washer is here, click now to purchase with 10% S-Coin Cashback!"
Product,https://www.senheng.com.my/laundry/hisense-10-5kg-front-load-washer-hse-wf105r5,Shop Hisense 10.5kg Front Load Washer HSE-WF105R5 | 5% S-Coin Cashback | Senheng,"Shop the best laundry machine for sale here at the authorised reseller in Malaysia, Senheng! Click here to shop Hisense 10.5kg Front Load Washer HSE-WF105R5 with cashback!"
Product,https://www.senheng.com.my/laundry/hisense-10kg-heat-pump-dryer-hse-dh5s1095ub,Shop Hisense 10kg Heat Pump Dryer HSE-DH5S1095UB | 10% S-Coin Cashback | Senheng,Hisense 10kg Heat Pump Dryer HSE-DH5S1095UB is now available with many more laundry machine for sale here at Senheng! Click now to shop and enjoy cashback prizes.
Product,https://www.senheng.com.my/laundry/toshiba-13kg-ufb-greatwaves-top-load-washer,Shop Toshiba 13KG UFB Greatwaves Top Load Washer | 15% S-Coin Cashback | Senheng,"Check out the best laundry machine price in Malaysia, featuring Toshiba 13KG UFB Greatwaves Top Load Washer here at Senheng's online appliance store! Shop with cashback now!"
Product,https://www.senheng.com.my/cameras/insta360-ace-pro-2-dual-battery-ita-ace-pro2-d-batt,Shop Insta360 Ace Pro 2 Dual Battery ITA-ACE.PRO2-D.BATT | 0% IPP | Senheng,Browsing for the best digital camera online store? Check out Senheng and the featured Insta360 Ace Pro 2 Dual Battery ITA-ACE.PRO2-D.BATT here with 0% IPP! Shop now while stocks last.
Product,https://www.senheng.com.my/mobile-phones/pre-order-honor-magic7-pro-5g-eta-17-jan-2025-onwards,Purchase HONOR Magic7 Pro 5G | 2% S-Coin Cashback | 2-Year Warranty | Senheng,Get your phone upgraded to the best mobile phones on the market! Shop Senheng and the featured HONOR Magic7 Pro 5G with 2% S-Coin Cashback and additional 2 year warranty.
Product,https://www.senheng.com.my/mobile-phones/pre-order-xiaomi-15-ultra-eta-8th-march-2025-onwards,Shop Xiaomi 15 Ultra | 2-Year Warranty | 0% IPP | Senheng,"Looking to shop the latest mobile phones in Malaysia? Check out Xiaomi 15 Ultra, available now with additional year warranty and 0% IPP now with Senheng! Get now."
Product,https://www.senheng.com.my/mobile-phones/vivo-y39-5g-8-256gb,Purchase vivo Y39 5G (8GB+256GB) | 1-Year Warranty | Senheng,"Switch to good affordable phones here at the authorised reseller in Malaysia, Senheng! Click now to shop vivo Y39 5G (8GB+256GB), available with additional warranties!"
Product,https://www.senheng.com.my/tv/hisense-100-4k-mini-led-tv-u7k-hse-100u7k,"Shop Hisense 100"" 4K Mini-LED TV U7K HSE-100U7K | 15% S-Coin Cashback | Senheng","Browse the best affordable smart TV in Malaysia here at the largest online appliance store, Senheng! Click now to shop Hisense 100"" 4K Mini-LED TV U7K HSE-100U7K with cashback!"
Product,https://www.senheng.com.my/wearables/huawei-watch-fit-3-fluoroelastomer-rubber,Shop HUAWEI Watch Fit 3 - Fluoroelastomer Rubber | 1-Year Warranty | Senheng,"Get a smart wearable device to track your daily health! Click now to get HUAWEI Watch Fit 3 - Fluoroelastomer Rubber, available with warranties at Senheng! Shop here!"
Product,https://www.senheng.com.my/beverage-preparation/joyoung-ceramic-vacuum-coffee-cup-490ml,Purchase Joyoung Ceramic Vacuum Coffee Cup 490ml | Limited Sale | Senheng,"Joyoung Ceramic Vacuum Coffee Cup 490ml is now available at the largest online appliance store in Malaysia, Senheng! Click now to shop the best stainless steel tumbler!"
Product,https://www.senheng.com.my/beverage-preparation/joyoung-stainless-steel-straw-tumbler-800ml,Shop Joyoung Stainless Steel Straw Tumbler 800ml | Limited Sale | Senheng,"Store your beverages in a stainless steel tumbler, featuring Joyoung Stainless Steel Straw Tumbler 800ml. Click here to shop with Senheng to enjoy the best limited deals and service."
Product,https://www.senheng.com.my/kitchenware/cento-ecocen-glasslock-food-storage-3in1-rectangular-ct-ecogs531rec-bg,Shop Cento Ecocen Glasslock Food Storage 3in1 Rectangular | Limited Sale | Senheng,Buy the best kitchenware with the best prices in Malaysia! The featured Cento Ecocen Glasslock Food Storage 3in1 Rectangular is now available with Senheng! Shop while stocks last.
Product,https://www.senheng.com.my/kitchenware/cento-ecocen-glasslock-food-storage-8in1-ct-ecogs181mix,Cento Ecocen Glasslock Food Storage 8in1 CT-ECOGS181MIX | Limited Sale | Senheng,Shopping kitchenware in Malaysia to elevate your kitchen? Click now to shop Senheng and the featured Cento Ecocen Glasslock Food Storage 8in1 CT-ECOGS181MIX with limited time deal.
Product,https://www.senheng.com.my/refrigerators/faber-190l-1-door-fridge-refrigerator-lusso191bk,Shop Faber 190L 1 Door Fridge | S-Coin Cashback | Warranties | Senheng,The Faber 190L 1 Door Fridge is now available with exclusive deals and S-Coin Cashback! Get an upgrade today and enjoy the best deals here with Senheng. Shop while stocks last.
Product,https://www.senheng.com.my/refrigerators/free-basic-installation-hisense-180l-upright-freezer-fv188n4awn,Shop Hisense 180L Upright Freezer | 0% IPP | 1-Year Warranty | Senheng,"Enjoy shopping the best single door refrigerator prices here at the largest online appliance store, Senheng! Shop Hisense 180L Upright Freezer now and enjoy 0% IPP with warranty."
Product,https://www.senheng.com.my/refrigerators/haier-206l-freezer-hai-bd248hme,Shop Haier 206L Freezer | S-Coin Cashback | Extra Warranties | Senheng,"Get a freezer to preserve your foods today! Click here to shop our featured Haier 206L Freezer HAI-BD248HME, available with cashbacks and additional coverages. Shop now."
Product,https://www.senheng.com.my/refrigerators/haier-250l-upright-freezer-hai-hur261ne,Purchase Haier 250L Upright Freezer | S-Coin Cashback | Low Instalment | Senheng,The Haier 250L Upright Freezer provides the perfect amount of storage for you to preserve your foods. Click here to view the product with amazing deals and cashback. Click here.
Product,https://www.senheng.com.my/refrigerators/haier-285l-2-door-inverter-fridge-hrfiv258h,Shop Haier 285L 2-Door Inverter Fridge | S-Coin Cashback | 0% IPP | Senheng,"Cold LED. adjustable shelves, DEO fresh. Haier 285L 2-Door Inverter Fridge is packed with amazing features that cater to different needs. Click to shop refrigerators with cashback!"
Product,https://www.senheng.com.my/refrigerators/haier-689l-side-by-side-inverter-hai-hrf689sige,Shop Haier 689L Side by Side INVERTER | Low Instalment | Warranties | Senheng,Shop the best collection of Haier refrigerators with great deals at Senheng. The featured Haier 689L Side by Side INVERTER gives you amazing technology features! Click here.
Product,https://www.senheng.com.my/refrigerators/haier-wine-coolers-hai-hws49g,Purchase Haier Wine Coolers HAI-HWS49G | 5% S-Coin Cashback | Senheng,"Looking to install a wine cooler in your designated area? Check out Haier Wine Coolers HAI-HWS49G, available with 5% S-Coin Cashback now at Senheng! Shop while stocks last."
Product,https://www.senheng.com.my/refrigerators/haier-wine-coolers-hai-hws84g,Shop Haier Wine Coolers HAI-HWS84G | 5% S-Coin Cashback | Senheng,"Shop the best wine coolers available in Malaysia, featuring Haier Wine Coolers HAI-HWS84G! Click now to shop and enjoy 5% S-Coin Cashback on your purchase. Get yours now."
Product,https://www.senheng.com.my/refrigerators/hisense-128l-mini-single-door-freezer-fc125d4bws-fridge,Shop Hisense 128L Mini Single Door Freezer | Instalment Payment | Warranties | Senheng,"A mini freezer fridge to help you keep the freshness within. Click here to shop the Hisense 128L Mini Single Door Freezer, available with all your preferred payment methods!"
Product,https://www.senheng.com.my/refrigerators/khind-197l-2-door-fridge-khn-rf205,Shop Khind 197L 2-Door Fridge KHN-RF205 | Extra Warranties | Senheng,"Quieter, Cooler, And Simply Better! The Khind 197L 2-Door Fridge KHN-RF205 is available for purchase here at Senheng. Shop now to enjoy additional warranty coverages!"
Product,https://www.senheng.com.my/refrigerators/lg-165l-net-vertical-freezer-gn-304slbt-with-smart-inverter-compressor,Shop LG 165L Net Vertical Freezer | Extra Warranties | Low Instalment | Senheng,"Smart Inverter Compressor in a trendy design freezer, LG 165L Net Vertical Freezer  with Smart Inverter Compressor fits all interior design! Shop here to enjoy extra warranties!"
Product,https://www.senheng.com.my/refrigerators/lg-171l-upright-freezer-gn-304shbt-with-smart-inverter,Shop LG 171L Upright Freezer GN-304SHBT with Smart Inverter | 0% IPP | Senheng,Smart storage for families to store needs! LG 171L Upright Freezer GN-304SHBT with Smart Inverter is available here with great deals and low instalment offerings! Shop here!
Product,https://www.senheng.com.my/refrigerators/lg-202l-top-freezer-fridge-in-dark-graphite-steel-with-smart-inverter-gn-b202sqbb-refrigerator,Shop LG 202L Top Freezer Fridge with Smart Inverter | Low Instalment | Senheng,Multi air flow in the LG 202L Top Freezer Fridge with Smart Inverter allows for fast and even cooling! Shop here with Senheng to enjoy extra warranties and S-Coin Cashback!
Product,https://www.senheng.com.my/refrigerators/lg-235l-2-door-top-freezer-refrigerator-gv-b212pqmb-with-multi-air-flow-smart-inverter,Shop LG 235L 2 Door Top Freezer Refrigerator | Low Instalment | Senheng,LG 235L 2 Door Top Freezer Refrigerator with Multi Air Flow & Smart Inverter is available at the authorised reseller in Malaysia! Shop here to enjoy low instalments and warranties!
Product,https://www.senheng.com.my/refrigerators/lg-341l-bottom-freezer-fridge-gc-b459qg9d-in-pink-beige-finish,Shop LG 341L Bottom Freezer Fridge GC-B459QG9D | Low Instalment | Senheng,Shop LG 341L Bottom Freezer Fridge GC-B459QG9D here with the authorised reseller in Malaysia! Shop Senheng for the best deals and 0% IPP with extra warranties! Click here to shop!
Product,https://www.senheng.com.my/refrigerators/lg-386l-net-single-door-refrigerator-gc-b411fgpf-with-linear-cooling,Shop LG 386L Net Single Door Refrigerator | Extra Warranties | Senheng,"Prolong your fresh foods with LG 386L Net Single Door Refrigerator packs LINEAR Cooling, now foods to stay fresh longer! Shop here to enjoy 15% S-Coin cashback! Shop Senheng."
Product,https://www.senheng.com.my/refrigerators/lg-420l-bottom-freezer-refrigerator-gc-b529nqcm-with-door-cooling,Shop LG 420L Bottom Freezer Refrigerator | 0% IPP | Low Instalment | Senheng,Upgrade your refrigerator to the LG 420L Bottom Freezer Refrigerator here with the authorised reseller in Malaysia! Shop Senheng for 0% IPP and low instalments! Click here to shop.
Product,https://www.senheng.com.my/refrigerators/lg-437l-top-freezer-fridge-gn-h432hxhc-in-black-metal-finish,Shop LG 437L Top Freezer Fridge GN-H432HXHC | Low Instalment | Senheng,"Efficient energy saving, all the best offered by LG 437L Top Freezer Fridge GN-H432HXHC. Shop here and enjoy low instalments and warranties! Shop now for the best deals."
Product,https://www.senheng.com.my/refrigerators/lg-455l-bottom-freezer-refrigerator-gc-b569nqcm-with-doorcooling,Shop LG 455L Bottom Freezer Refrigerator | 0% IPP | Low Instalment | Senheng,"24 hours of even cooling, offered by the featured LG 455L Bottom Freezer Refrigerator. Shop here and enjoy 0% IPP and low instalments! Click now to shop the best deals."
Product,https://www.senheng.com.my/refrigerators/lg-493l-2-door-top-freezer-fridge-inverter-gn-b452pbfk-in-nature-beige-finish,Shop LG 493L 2 Door Top Freezer Fridge Inverter | 15% S-Coin Cashback | Senheng,"Amazingly designed refrigerator that suits your home. LG 493L 2 Door Top Freezer Fridge Inverter is perfect, and its paired with warranties and S-Coin Cashback here! Shop now!"
Product,https://www.senheng.com.my/refrigerators/lg-508l-net-side-by-side-fridge-in-silver-finish-with-multi-air-flow-touch-led-display-gc-b507pqam-refrigerator,LG 508L Net Side by Side Fridge with Multi Air-Flow | Extra Warranties | Senheng,0 hassle on frost build ups! LG 508L Net Side by Side Fridge in Silver Finish with Multi Air-Flow & Touch LED Display eliminates worries of frost. Shop Senheng to enjoy warranties!
Product,https://www.senheng.com.my/refrigerators/lg-547l-gn-c702hlcc-top-freezer-fridge-in-platinum-silver-finish,Shop LG 547L GN-C702HLCC Top Freezer Fridge | Extra Warranties | Senheng,"Linear cooling helps food last longer, and its offered by LG 547L GN-C702HLCC Top Freezer Fridge! Purchase here to enjoy cashbacks and warranties. Click here to shop!"
Product,https://www.senheng.com.my/refrigerators/lg-602l-2-door-top-freezer-refrigerator-gr-h802hqhm-with-smart-inverter-doorcooling,Purchase LG 602L 2 Door Top Freezer Refrigerator | Low Instalment | Senheng,"Even and fast cooling with maximum efficiency, that is LG 602L 2 Door Top Freezer Refrigerator! Shop now with Senheng to enjoy additional warranty coverages and low instalments!"
Product,https://www.senheng.com.my/refrigerators/lg-617l-slim-french-door-fridge-gr-a24fqsmb-with-instaview-door-in-door-mint-beige-finish,Shop LG 617L Slim French Door Fridge | 0% IPP | Warranties | Senheng,Complete your modern kitchen design with LG 617L Slim French Door Fridge! Install the refrigerator here with Senheng and enjoy 0% IPP! Click here to shop while stocks last.
Product,https://www.senheng.com.my/refrigerators/lg-674l-side-by-side-refrigerator-gc-x257cqes-with-instaview-door-in-door-uvnano-water-dispenser,Purchase LG 674L Side-by-Side Refrigerator | Low Instalment | 0% IPP | Senheng,"Up to 19% Faster and even cooling everywhere! LG 674L Side-by-Side Refrigerator offers amazing features, paired with the great deals and warranties from Senheng! Shop now."
Product,https://www.senheng.com.my/refrigerators/lg-nett-508l-side-by-side-fridge-in-gold-finish-with-multi-air-flow-gcb507pgam-refrigerator,Shop LG Nett 508L Side by Side Fridge in Gold Finish | Low Instalments | Senheng,"Total No Frost, Multi Air Flow, many amazing features in the LG Nett 508L Side by Side Fridge in Gold Finish with Multi Air Flow. Shop the refrigerator with low instalments here!"
Product,https://www.senheng.com.my/refrigerators/midea-200l-2-door-refrigerator-with-multi-air-flow-system-frost-free-design-mdrt267mtb30-fridge,Shop Midea 200L 2 Door Refrigerator | Extra Warranties | Senheng,"A spacious and stylish refrigerator that matches kitchen design. Midea 200L 2 Door Refrigerator with Multi-Air Flow System, Frost Free Design is here with additional warranties!"
Product,https://www.senheng.com.my/refrigerators/midea-280l-2-door-fridge-with-multi-air-flow-system-temperature-control-system-mdrt345mtb30-refrigerator,Shop Midea 280L 2 Door Fridge | Extra Warranties | 0% IPP | Senheng,"Get the spacious refrigerator in Midea 280L 2 Door Fridge with Multi Air Flow System, Temperature Control System refrigerator here! Shop now and enjoy extra warranties with 0% IPP."
Product,https://www.senheng.com.my/refrigerators/midea-60l-mini-bar-refrigerator-mdrd88fgd30,Purchase Midea 60L Mini Bar Refrigerator | Extra Warranties | Senheng,Enjoy a cool beverage fitted into the Midea 60L Mini Bar Refrigerator! Click here to shop the amazing mini refrigerator with extra warranties and more amazing deals. Shop now.
Product,https://www.senheng.com.my/refrigerators/panasonic-262l-inverter-2-door-refrigerator-psn-nrtv261apsm,Panasonic 262L Inverter 2-Door Refrigerator | 0% IPP | S-Coin Cashback | Senheng,Always keep the inside of the whole refrigerator clean with Ag Clean! Experience the amazing features of Panasonic 262L Inverter 2-Door Refrigerator with 0% IPP here at Senheng!
Product,https://www.senheng.com.my/refrigerators/panasonic-325l-inverter-2-door-refrigerator-psn-nrtv341bpsm,Shop Panasonic 325L Inverter 2-Door Refrigerator | 7.5% S-Coin Cashback | Senheng,Uncover the best deals on 2 door refrigerators for sale! Shop Panasonic 325L Inverter 2-Door Refrigerator here and earn 7.5% S-Coin Cashback! Click here to shop Senheng.
Product,https://www.senheng.com.my/refrigerators/panasonic-395l-inverter-energy-saving-2-door-top-freezer-refrigerator-with-blue-ag-hygienic-storage-nr-tl381bpkm,Panasonic 395L Inverter 2 Door Top Freezer Refrigerator | 0% IPP | Senheng,"The Extra Cool Zone is ideal for cooling drinks or food quickly. Enjoy amazing deals to the Panasonic 395L Inverter 2 Door Top Freezer Refrigerator, available here with 0% IPP."
Product,https://www.senheng.com.my/refrigerators/panasonic-422l-2-door-bottom-freezer-fridge-refrigerator-white-glass-door-nr-bx421wgwm,Shop Panasonic 422L 2-Door Bottom Freezer Fridge | 15% S-Coin Cashback | Senheng,The prime freezing 2-door refrigerator is Panasonic 422L 2-Door Bottom Freezer Fridge! Enjoy bacteria-free foods with the model as you purchase with cashback prizes! Purchase now!
Product,https://www.senheng.com.my/refrigerators/panasonic-465l-inverter-2-door-bottom-freezer-refrigerator-with-black-glass-door-nrbx471wgkm,Panasonic 465L Inverter 2-Door Bottom Freezer Refrigerator | 0% IPP | Senheng,Save energy intelligently with Panasonic 465L Inverter 2-Door Bottom Freezer Refrigerator! Click to shop with 0% IPP on your purchase! All the best door refrigerators for sale here!
Product,https://www.senheng.com.my/refrigerators/panasonic-495l-multi-door-refrigerator-prime-edition-nr-cw530xmmm-fridge,Shop Panasonic 495L Multi-door Refrigerator | 15% S-Coin Cashback | Senheng,Plan ahead and store ingredients in Prime Fresh to enjoy hassle-free and healthy eating on busy days. Click here at shop Panasonic 495L Multi-door Refrigerator with cashback!
Product,https://www.senheng.com.my/refrigerators/panasonic-500l-prime-edition-premium-2-door-fridge-with-econavi-inverter-nr-bw530xmmm-refrigerator,Panasonic 500L Prime+ Edition Premium 2 Door Fridge | S-Coin Cashback | Senheng,"Nanoe™ X has proven results to inhibit 99.99%* bacteria, deodorise and neutralise pesticides. Shop Panasonic 500L Prime+ Edition Premium 2 Door refrigerator, available with cashback!"
Product,https://www.senheng.com.my/refrigerators/panasonic-583l-premium-4-door-fridge-with-prime-fresh-nr-yw590ymmm-refrigerator,Shop Panasonic 583L Premium 4-door Fridge | 15% S-Coin Cashback | Senheng,Enjoy fresh foods like never before with Panasonic 583L Premium 4-door Fridge! Click here to shop Senheng and enjoy 15% S-Coin Cashback with amazing deals. Shop now.
Product,https://www.senheng.com.my/refrigerators/panasonic-610l-inverter-2-door-top-freezer-refrigerator-nr-tz601bpkm-with-intelligent-econavi-inverter-system-fridge,Panasonic 610L Inverter 2 Door Top Freezer Refrigerator | Warranties | Senheng,Panasonic 610L Inverter 2 Door Top Freezer Refrigerator is available here as one of our featured best 2 door refrigerator in Malaysia! Click here to shop with extra warranties.
Product,https://www.senheng.com.my/refrigerators/panasonic-621l-premium-dark-mirror-4-door-prime-edition-refrigerator-nr-xy680ymmm,Panasonic 621L Premium 4-door PRIME+ Edition Refrigerator | 0% IPP | Senheng,"Upgrade to Panasonic 621L Premium Dark Mirror 4-door PRIME+ Edition Refrigerator, available at the authorised reseller in Malaysia! Shop now and enjoy 0% IPP on your purchases."
Product,https://www.senheng.com.my/refrigerators/pensonic-299l-chest-freezer-pen-pfz303,Purchase Pensonic 299L Chest Freezer | 1-Year Warranty | Senheng,Shop Pensonic 299L Chest Freezer here with the authorised reseller in Malaysia and enjoy additional year warranty! Shopping with Senheng means you enjoy the best deals. Click here.
Product,https://www.senheng.com.my/refrigerators/pensonic-45l-mini-bar-with-freezer-compartment-pen-pmf661,Pensonic 45L Mini Bar with Freezer Compartment | 10% S-Coin Cashback | Senheng,"Shop the best mini bar fridge for sale here, featuring Pensonic 45L Mini Bar with Freezer Compartment! Shop with Senheng and enjoy 10% S-Coin Cashback. Click to shop."
Product,https://www.senheng.com.my/refrigerators/pensonic-500l-chest-freezer-pfz502,Shop Pensonic 500L Chest Freezer PFZ502 | 0% IPP | 1-Year Warranty | Senheng,"Click here to shop the best collection of freezers, featuring Pensonic 500L Chest Freezer PFZ502! Shop now and get 0% IPP with warranties to your purchase! Get yours at Senheng."
Product,https://www.senheng.com.my/refrigerators/pre-order-594l-refrigerator-sbs-family-hub-black,Samsung 594L Refrigerator SBS -Family Hub Black | 15% S-Coin Cashback | Senheng,Looking to upgrade your refrigerator to something that allows you to store more while saving energy? Check out the Samsung 594L Refrigerator SBS -Family Hub Black with Senheng!
Product,https://www.senheng.com.my/refrigerators/samsung-360l-top-mount-fridge-refrigerator-with-optimal-fresh-spacemax-rt35cg5442b1me-fridge,Samsung 360L Top Mount Fridge Refrigerator with Optimal Fresh+ | 0% IPP | Senheng,Shop the best 2 door fridge for sale in Malaysia here Senheng! Enjoy Samsung 360L Top Mount Fridge Refrigerator with Optimal Fresh+ here with 0% IPP and more! Click here.
Product,https://www.senheng.com.my/refrigerators/samsung-404l-bespoke-top-mount-freezer-refrigerator-with-optimal-fresh-rt38cb66448ame-fridge,Samsung 404L Bespoke Top Mount Freezer Refrigerator | 10% S-Coin Cashback | Senheng,"Shop 2 door refrigerators for sale, featuring Samsung 404L Bespoke Top Mount Freezer Refrigerator with Optimal Fresh+ here at Senheng! Shop here to enjoy S-Coin Cashback!"
Product,https://www.senheng.com.my/refrigerators/samsung-511l-french-door-fridge-with-twin-cooling-plus-gentle-black-matt-rf48a4000b4,Shop Samsung 511L French Door Fridge with Twin Cooling Plus | 0% IPP | Senheng,Shop 2 door refrigerators here at the authorised reseller in Malaysia! Get the featured Samsung 511L French Door Fridge with Twin Cooling Plus here with 0% IPP. Shop now.
Product,https://www.senheng.com.my/refrigerators/samsung-530l-refrigerator-tmf-smartthings-ai-energy-black,Samsung 530L Refrigerator TMF -SmartThings AI | 15% S-Coin Cashback | Senheng,"Get the best single door refrigerator prices here at the largest online appliance store, Senheng! Click here to shop Samsung 530L Refrigerator TMF -SmartThings AI with cashback!"
Product,https://www.senheng.com.my/refrigerators/sharp-220l-chest-freezer-with-dual-switch-setting-shp-sjc228,Shop SHARP 220L Chest Freezer with Dual Switch Setting | 1-Year Warranty | Senheng,"Shop one door freezers for sale, featuring SHARP 220L Chest Freezer with Dual Switch Setting SHP-SJC228 with Senheng! Click here to shop and enjoy additional warranty coverages!"
Product,https://www.senheng.com.my/refrigerators/sharp-280l-folio-2-door-fridger-inverter-with-j-tech-inverter-technology-sj2822mds-2023-refrigerator,Shop Sharp 280L Folio 2 Door Fridger Inverter | 0% IPP | Extra Warranty | Senheng,"Shopping 2 door refrigerator for sale in Malaysia? Click here to shop the Sharp 280L Folio 2 Door Fridger Inverter with J-Tech Inverter Technology, available with 0% IPP!"
Product,https://www.senheng.com.my/refrigerators/sharp-410l-2-door-fridge-with-j-tech-inverter-technology-sj4122mds-refrigerator,Shop Sharp 410L 2 Door Fridge with J-Tech Inverter Technology | 0% IPP | Senheng,"Enjoy great 2 door refrigerator for sale here, including the featured Sharp 410L 2 Door Fridge with J-Tech Inverter Technology, all at Senheng! Shop now and enjoy 0% IPP today!"
Product,https://www.senheng.com.my/refrigerators/sharp-480l-side-by-side-inverter-refrigerator-sjf489gk,Shop Sharp 480L Multi Door Inverter Refrigerator | 15% S-Coin Cashback | Senheng,"Shop multi door refrigerators in Malaysia here at the authorised reseller, Senheng! Click here to shop Sharp 480L Multi Door Inverter Refrigerator with 15% S-Coin Cashback and more!"
Product,https://www.senheng.com.my/refrigerators/sharp-720l-pelican-2-door-inverter-fridge-with-plasmacluster-ion-technology,Sharp 720L Pelican 2 Door Inverter Fridge | 15% S-Coin Cashback | Senheng,"Install a 2 door refrigerator in Malaysia as you shop here at the authorised reseller, Senheng! Click here to shop Sharp 720L Pelican 2 Door Inverter Fridge with 15% S-Coin Cashback!"
Product,https://www.senheng.com.my/refrigerators/sharp-750l-avance-4-doors-refrigerator-with-plasmacluster-ion-technology-sjf921vmss,Shop SHARP 750L Avance 4 Doors Refrigerator | 5% S-Coin Cashback | Senheng,"Shop 4 door refrigerators in Malaysia here at the authorised reseller, Senheng. Click here to shop SHARP 750L Avance 4 Doors Refrigerator with S-Coin Cashback now! Purchase now."
Product,https://www.senheng.com.my/refrigerators/sharp-750l-multi-door-fridge-inverter-shp-sjf921vgw,Shop SHARP 750L Multi Door Fridge Inverter | 15% S-Coin Cashback | Senheng,"Buy refrigerators in Malaysia with great deals, all available at Senheng online store! Click here to shop SHARP 750L Multi Door Fridge Inverter with 15% S-Coin Cashback while stocks last."
Product,https://www.senheng.com.my/refrigerators/sharp-750l-multidoor-avance-fridge-with-j-tech-inverter-technology-shp-sjf922vgm-refrigerator,Purchase Sharp 750L Multidoor Avance Fridge | 7.5% S-Coin Cashback | Senheng,"Looking for multi door fridge in Malaysia? Click here to shop the featured Sharp 750L Multidoor Avance Fridge, available here with Senheng! Get now with S-Coin Cashback!"
Product,https://www.senheng.com.my/refrigerators/toshiba-230l-inverter-2-door-refrigerator-with-purebio-technologu-multi-air-flow-grrt234wepmy-52-fridge,Shop Toshiba 230L Inverter 2 Door Refrigerator | 0% IPP | Warranties | Senheng,"Shop the 2 door refrigerator in Malaysia, featuring Toshiba 21L Microwave Oven TSB-MW2MM21PF(BK) here with the authorised reserller, Senheng! Click now to shop with 0% IPP!"
Product,https://www.senheng.com.my/refrigerators/toshiba-280l-2-door-inverter-fridge-with-multi-air-flow-system-grrt303wepmy-52,Shop Toshiba 280L 2 Door Inverter Fridge | 0% IPP | Warranties | Senheng,"Shop 2 door refrigerators for sale here at the authorised reseller, Senheng! Click now to shop Toshiba 280L 2 Door Inverter Fridge with additional warranty coverages and 0% IPP!"
Product,https://www.senheng.com.my/refrigerators/toshiba-320l-2-door-fridge-inverter-tsb-grrt329wepmy-52,Toshiba 320L 2 Door Fridge Inverter TSB-GRRT329WEPMY(52) | 0% IPP | Senheng,"Check out the best energy saving refrigerator for sale, all here with Senheng! Click now to shop Toshiba 320L 2 Door Fridge Inverter TSB-GRRT329WEPMY(52) with 0% IPP."
Product,https://www.senheng.com.my/refrigerators/toshiba-490l-2-doors-fridge-with-airfall-cooling-grrt559wepmy-37-refrigerator,Shop Toshiba 490L 2-Doors Fridge with Airfall Cooling | 1-Year Warranty | Senheng,"Shop 2 door refrigerators for sale here at the authorised reseller, Senheng! Click now to shop Toshiba 490L 2-Doors Fridge with Airfall Cooling, available with 0% IPP and warranties."
Product,https://www.senheng.com.my/refrigerators/toshiba-530l-2-door-inverter-refrigerator-black-glass-tsb-grrt624wepgy-22,Shop Toshiba 530L 2-Door Inverter Refrigerator | 15% S-Coin Cashback | Senheng,"The best 2 door refrigerators for sale are here at the largest online appliance store in Malaysia, Senheng! Click to shop Toshiba 530L 2-Door Inverter Refrigerator and get cashbacks!"
Product,https://www.senheng.com.my/refrigerators/toshiba-623l-iot-side-by-side-fridge-inverter-tsb-grrs780wipgy-22,Shop TOSHIBA 623L IOT Side-By-Side Fridge Inverter | 0% IPP | Warranties | Senheng,"Shop amazing refrigerators in Malaysia here at the largest online appliance store, Senheng! Click now to shop TOSHIBA 623L IOT SIDE-BY-SIDE FRIDGE INVERTER with 0% IPP and warranties."
Product,https://www.senheng.com.my/refrigerators/tuscani-wine-cooler-bellona-111-bottles-tsc-bellona110,Shop Tuscani Wine Cooler Bellona (111 bottles) | 1-Year Warranty | Senheng,"High end wine coolers are perfect for elevating any home design, Shop the featured Tuscani Wine Cooler Bellona (111 bottles) here with additional warranty! Shop Senheng."
Product,https://www.senheng.com.my/refrigerators/tuscani-wine-cooler-bellona-151-bottles-tsc-bellona166,Shop Tuscani Wine Cooler Bellona (151 bottles) | 1-Year Warranty | Senheng,"Shopping wine coolers for sale? Click here to shop Tuscani Wine Cooler Bellona (151 bottles), available now with additional warranty coverages at Senheng! Purchase now."
Product,https://www.senheng.com.my/refrigerators/tuscani-wine-cooler-tus-bellona38,Shop Tuscani Wine Cooler TUS-BELLONA38 | 0% IPP | 1-Year Warranty | Senheng,"Shop the best collection of wine coolers here at the largest online appliance store in Malaysia, Senheng! Click now to shop Tuscani Wine Cooler TUS-BELLONA38 with 0% IPP."
Product,https://www.senheng.com.my/water-system/viomi-ai-water-purifier-premium-nano-0-1,Purchase Viomi AI Water Purifier Premium Nano+0.1 | Warranties | Senheng,"A 7 layer deep filtration, Viomi AI Water Purifier Premium Nano+0.1 is the best choice for you! Click now to shop with warranties at Senheng! Get while stocks last."
Product,https://www.senheng.com.my/printers/hp-deskjet-ink-advantage-ultra-4928-all-in-one-printer,HP DeskJet Ink Advantage Ultra 4928 All-in-One Printer | 3-Year Warranty | Senheng,"Shopping for a wirless home printer that fits your needs? Check out the featured HP DeskJet Ink Advantage Ultra 4928 All-in-One Printer here, available with warranties at Senheng!"
Product,https://www.senheng.com.my/audio/lg-300w-2-1ch-soundbar-with-dolby-digital-and-dts-digital-surround-s40t,Purchase LG 300W 2.1ch soundbar with Dolby Digital | Warranty | Senheng,"Purchase the best home audio system in Malaysia, featuring LG 300W 2.1ch soundbar with Dolby Digital here with Senheng online store. Click now to shop and enjoy warranties."
Product,https://www.senheng.com.my/hair-dryers/laifen-se-2-hair-dryer,Shop Laifen SE 2 High-Speed Hair Dryer | 2-Years Warranty | Senheng,"Confident hair comes from a professional hair dryer. Click now to shop Laifen SE 2 High-Speed Hair Dryer, available with Senheng at great deals and additional warranty."
Product,https://www.senheng.com.my/shaving-solutions/panasonic-1-blade-wet-dry-travel-shaver-psn-es3831,Shop Panasonic 1-Blade Wet & Dry Travel Shaver | 1-Year Warranty | Senheng,"Shopping for electric shavers? Click here to shop Panasonic 1-Blade Wet & Dry Travel Shaver , now available with additional warranty coverages with Senheng. Purchase now."
Product,https://www.senheng.com.my/shaving-solutions/panasonic-battery-operated-shaver-psn-es6850,Shop Panasonic Battery Operated Shaver PSN-ES6850 | Warranty | Senheng,"Click here to shop the best shavers in Malaysia with deals on at the largest online appliance store, Senheng! Click here to shop Panasonic Battery Operated Shaver PSN-ES6850 now."
Product,https://www.senheng.com.my/shaving-solutions/panasonic-beard-trimmer-psn-er2403,Purchase Panasonic Beard Trimmer PSN-ER2403 | 1-Year Warranty | Senheng,"Doing some hair trimmer for sale shopping? Look at the largest online store in Malaysia, Senheng, and get the best deals for your needs! Click here to shop Panasonic Beard Trimmer!"
Product,https://www.senheng.com.my/shaving-solutions/panasonic-rechargeable-beard-hair-trimmer-psn-ergb60,Panasonic Rechargeable Beard & Hair Trimmer PSN-ERGB60 | 1-Year Warranty | Senheng,"Shop the best collection of trimmers here at the largest online appliance store, Senheng! Click now and shop Panasonic Rechargeable Beard & Hair Trimmer PSN-ERGB60 with warranties."
Product,https://www.senheng.com.my/shaving-solutions/panasonic-shaver-psn-essa40,Purchase Panasonic Shaver PSN-ESSA40 | 1-Year Warranty | Senheng,Enjoy additional warranties to your electric shaver for sensitive skin when you shop here at Senheng's online store! Get all the best deals and services when you make a purchase!
Product,https://www.senheng.com.my/shaving-solutions/panasonic-wet-dry-nose-ear-hair-trimmer-with-vortex-cleaning-system-ergn30-psn-ergn30,Shop Panasonic Wet/Dry Nose & Ear Hair Trimmer | 1-Year Warranty | Senheng,Shop the best collection of hair trimmers for sale when you shop at Senheng's online store! Click now to shop Panasonic Wet/Dry Nose & Ear Hair Trimmer with 1-year warranty!
Product,https://www.senheng.com.my/shaving-solutions/philips-battery-operated-electric-shaver-pq206,Purchase Philips Battery Operated Electric Shaver PQ206 | 1-Year Warranty | Senheng,"Enjoy shopping head shaver for men here at the largest online appliance store, Senheng! Shop Philips Battery Operated Electric Shaver PQ206 here with warranties!"
Product,https://www.senheng.com.my/shaving-solutions/philips-hairclipper-series-5000-washable-hair-clipper-plp-hc5630-15,Philips Hairclipper Series 5000 Washable Hair Clipper | 2-Year Warranty | Senheng,Shop the best hair trimmer for sale now at Senheng's online store! Click here to shop Philips Hairclipper Series 5000 Washable Hair Clipper PLP-HC5630/15 with 2-year warranty now!
Product,https://www.senheng.com.my/shaving-solutions/philips-hc3505-15-series-3000-hair-clipper,Shop Philips HC3505/15 Series 3000 Hair Clipper | 2-Year Warranty | Senheng,"All the best deals to shavers that fit your needs are here with Senheng! Click here to shop the best online store, featuring Philips HC3505/15 Series 3000 Hair Clipper with warranty!"
Product,https://www.senheng.com.my/shaving-solutions/philips-multigroom-series-1000-ultra-precise-beard-styler-mg1100,Philips Multigroom Series 1000 Ultra Precise Beard Styler | Warranty | Senheng,"Get great deals on epilator for sensitive skin, all at the largest online store Senheng! Click to shop Philips Multigroom Series 1000 Ultra Precise Beard Styler with warranty!"
Product,https://www.senheng.com.my/shaving-solutions/philips-multigroom-series-3000-8-in-1-trimmer-plp-mg3730,Philips Multigroom Series 3000 8-in-1 Trimmer | 7.5% S-Coin Cashback | Senheng,Looking to shop the best suited trimmer for you? Senheng is offering Philips Multigroom Series 3000 8-in-1 Trimmer with warranties and additional 7.5% S-Coin Cashback! Shop now.
Product,https://www.senheng.com.my/shaving-solutions/philips-multigroomer-plp-mg7940-15,Shop Philips Multigroomer PLP-MG7940/15 | 2-Year Warranty | Senheng,"Enjoy the best clippers for sale here at the largest online appliance store, Senheng! Click here to shop Philips Multigroomer PLP-MG7940/15, available with warranties while stocks last."
Product,https://www.senheng.com.my/shaving-solutions/philips-series-1000-electric-shaver-with-powercut-blades-s1301-02,Philips Series 1000 Electric Shaver with PowerCut Blades | 1-Year Warranty | Senheng,"Shop the best deals on shavers here at the largest online appliance store, Senheng! The Philips Series 1000 Electric Shaver with PowerCut Blades is available with warranties here."
Product,https://www.senheng.com.my/shaving-solutions/philips-series-3000-beard-trimmer-bt3206-14,Shop Philips Series 3000 Beard Trimmer BT3206/14 | 2-Year Warranty | Senheng,Purchase the best hair trimmers for sale here with Senheng! Enjoy all the best deals to Philips Series 3000 Beard Trimmer BT3206/14 paired with additional warranty coverages.
Product,https://www.senheng.com.my/shaving-solutions/philips-series-3000-nose-ear-eyebrow-trimmer-nt3650-16,"Shop Philips Series 3000 Nose, Ear & Eyebrow Trimmer | 1-Year Warranty | Senheng","Enjoy shopping the best trimmers with additional warranty coverages here at Senheng! Click now to shop Philips Series 3000 Nose, Ear & Eyebrow Trimmer while stocks last."
Product,https://www.senheng.com.my/shaving-solutions/philips-series-5000-beard-trimmer-bt5502-15,Shop Philips Series 5000 Beard Trimmer BT5502/15 | 1-Year Warranty | Senheng,Looking to shop for a suitable trimmer? Senheng offers Philips Series 5000 Beard Trimmer BT5502/15 now with additional year warranty and more amazing deals. Shop while stocks last.
Product,https://www.senheng.com.my/shaving-solutions/philips-shaver-series-3000-5-directional-flex-heads-shaver-s3608-10,Philips Shaver Series 3000 5 Directional Flex Heads Shaver | Warranty | Senheng,"Shop the best deals and services on electirc shaver for sensitive skin, all here with Senheng! Click here to purchase Philips Shaver Series 3000 5 Directional Flex Heads Shaver."
Product,https://www.senheng.com.my/shaving-solutions/philips-shaver-series-5000,Purchase Philips Shaver Series 5000 | 15% S-Coin Cashback | Senheng,"Looking to shop great deals on shavers? Senheng is offering Philips Shaver Series 5000, now available with 15% S-Coin Cashback and additional warranty. Click to shop."
Product,https://www.senheng.com.my/shaving-solutions/philips-wet-and-dry-electric-shaver-series-7000-plp-s7886-50,Philips Wet And Dry Electric Shaver Series 7000 | 15% S-Coin Cashback | Senheng,Shop Philips Wet And Dry Electric Shaver Series 7000 and other amazing shavers here at Senheng! Click here to shop the largest online appliance store now and enjoy cashback!
Product,https://www.senheng.com.my/smart-home-appliances/deka-60-3-blades-ceiling-fan-dr9-black-dka-dfdr9blk,"Deka 60"" 3 Blades Ceiling Fan DR9 Black DKA-DFDR9BLK | S-Coin Cashback | Senheng","Enjoy shopping the best collection of smart home appliances, featuring Deka 60"" 3 Blades Ceiling Fan DR9 Black DKA-DFDR9BLK. Click now to shop with 5% S-Coin cashback!"
Product,https://www.senheng.com.my/smart-home-appliances/starlink-high-performance-kit-slk-f-h-perform-kit,Shop Starlink Flat High Performance Kit | 0% IPP | Warranties | Senheng,"The best deals to smart home appliances are here at the authorised reseller in Malaysia, Senheng! Click here to shop the featured Starlink Flat High Performance Kit with 0% IPP."
Product,https://www.senheng.com.my/tv/toshiba-55-inch-4k-uhd-qled-2024-smart-tv-thb-55m450np,Shop Toshiba 55 Inch 4K UHD QLED 2024 Smart TV | 7.5% S-Coin Cashback | Senheng,"Purchase an affordable smart TV in Malaysia that suits you, all available here at Senheng online store. Click now to purchase Toshiba 55 Inch 4K UHD QLED 2024 Smart TV with cashback!"
Product,https://www.senheng.com.my/tv/toshiba-65-inch-smart-qled-tv-thb-65m450np,Shop Toshiba 65 Inch Smart QLED TV THB-65M450NP | 2-Year Warranty | Senheng,"Get the best smart TV for sale to enjoy all your favourite entertainment! Senheng recommends the Toshiba 65 Inch Smart QLED TV THB-65M450NP, available with warranties now."
Product,https://www.senheng.com.my/air-quality/daikin-1-0hp-2-5hp-air-conditioner-inverter-ftkf-series-r32,Shop Daikin 1.0HP - 2.5HP Air-Conditioner Inverter | 6% S-Coin Cashback | Senheng,"Browse the best deals on air quality products , featuring Daikin 1.0HP - 2.5HP Air-Conditioner Inverter here at the largest online appliance store, Senheng! Click to shop now."
Product,https://www.senheng.com.my/laundry/sharp-12kg-fully-auto-inverter-washing-machine-esw12sm,Sharp 12kg Fully Auto Inverter Washing Machine | 15% S-Coin Cashback | Senheng,"Purchase the best collection of laundry machine for sale, packed with S-Coin cashback and warranties only at Senheng! Click now to shop Sharp 12kg Fully Auto Inverter Washing Machine."
Product,https://www.senheng.com.my/vacuum-cleaners/jimmy-bx6-anti-mite-vacuum-cleaner-jmy-bx6-dust-mite-killer,Purchase JIMMY BX6 Anti-mite Vacuum Cleaner | 10% S-Coin Cashback | Senheng,Purchase JIMMY BX6 Anti-mite Vacuum Cleaner | 10% S-Coin Cashback | Senheng
Product,https://www.senheng.com.my/beverage-preparation/joyoung-minimalist-stainless-steel-vacuum-bottle-450ml,Joyoung Minimalist Stainless Steel Vacuum Bottle 450ml | Limited Sale | Senheng,"Get a stainless steel bottle to keep your beverages at its best condition. We recommend Joyoung Minimalist Stainless Steel Vacuum Bottle 450ml, available with Senheng at limited deals."
Product,https://www.senheng.com.my/cookers/toshiba-1-8l-ih-low-sugar-rice-cooker-tsb-rc18ix1tmy-n,Purchase Toshiba 1.8L IH Low Sugar Rice Cooker | 50% S-Coin Cashback | Senheng,"Buy cookers online today with 50% S-Coin Cashback, available now at the largest online appliance store in Malaysia. Toshiba 1.8L IH Low Sugar Rice Cooker is now available to purchase."
Product,https://www.senheng.com.my/cooking/electrolux-90cm-ultimatetaste-700-chimney-extractor-hood-ele-ect9744h,Electrolux 90cm UltimateTaste 700 Chimney Extractor Hood | S-Coin Cashback | Senheng,"Purchase and install cooking appliances online here at the largest online appliance store in Malaysia, Senheng! Get the Electrolux 90cm UltimateTaste 700 chimney extractor hood here."
Product,https://www.senheng.com.my/cooking/robam-t-shaped-range-hood-cooker-hood-a851,ROBAM T-Shaped Range Hood Cooker Hood A851 | 10% S-Coin Cashback | Senheng,"Browse the best cooking appliances online, featuring ROBAM T-Shaped Range Hood Cooker Hood A851 here with 10% S-Coin cashback! Click here to shop with Senheng while stocks last."
Product,https://www.senheng.com.my/food-preparation/panasonic-0-4l-tumbler-blender-psn-mxxp103wsk,Panasonic 0.4L Tumbler Blender PSN-MXXP103WSK | 1-Year Warranty | Senheng,"Get food preperation appliances, featuring Panasonic 0.4L Tumbler Blender PSN-MXXP103WSK here at the authorised reseller Snehng! Click now to shop with warranties."
Product,https://www.senheng.com.my/kitchenware/cento-ecocen-glasslock-food-storage-3in1-round-ct-ecogs631rd-bg,Shop Cento Ecocen Glasslock Food Storage 3in1 Round | Limited Sale | Senheng,"Shop the best kitchenware price here at the largest online appliance store in Malaysia, Senheng! Click here to shop Cento Ecocen Glasslock Food Storage 3in1 Round at great deals."
Product,https://www.senheng.com.my/kitchenware/delighto-macaron-series-die-cast-aluminium-30cm-grill-pan-dlt-1013,Delighto Macaron series Die Cast Aluminium 30cm Grill Pan | Warranty | Senheng,"Get the best deals to Delighto Macaron series Die Cast Aluminium 30cm Grill Pan, available here with warranties and S-Coin Cashback with Senheng! Shop kitchenware while stocks last."
Product,https://www.senheng.com.my/refrigerators/haier-540l-2-door-fridge-inverter,Shop Haier 540L 2 Door Fridge Inverter HAI-HRFIT540MM | 2-Year Warranty | Senheng,"Shop and install the best refrigerator for your home, featuring Haier 540L 2 Door Fridge Inverter HAI-HRFIT540MM here at Senheng! Click now to shop with warranties."
Product,https://www.senheng.com.my/refrigerators/hisense-720l-multi-door-fridge-rq768n4awku,Purchase Hisense 720L Multi Door Fridge | 5% S-Coin Cashback | Senheng,"Get the best refrigerator for sale with S-Coin Cashback here at the authorised reseller in Malaysia, Senheng! All the best deals to Hisense 720L Multi Door Fridge are here."
Product,https://www.senheng.com.my/laptops/13-inch-macbook-air-with-m2-chip,Shop Apple 13-inch MacBook Air with M2 Chip | 0% IPP | Senheng,Apple 13-inch MacBook Air with M2 Chip is now available along with the best laptop deals in Malaysia here at Senheng! Click now to purchase and enjoy 0% IPP low instalments.
Product,https://www.senheng.com.my/laundry/hisense-top-load-washer-13-0kg-wtja1313ub,Purchase Hisense Top Load Washer 13.0KG WTJA1313UB | 2-Year Warranty | Senheng,Looking to switch to a new washing machine? Hisense Top Load Washer 13.0KG WTJA1313UB is available here with additional warranty coverage. Get now while stocks last.
Product,https://www.senheng.com.my/water-heaters/panasonic-v-series-water-heater-psn-dh3vs1mw,Shop Panasonic V Series Water Heater | 1-Year Warranty | Senheng,"Looking to shop and install instant water heater in Malaysia, the featured Panasonic V Series Water Heater is your best choice. Shop now to get additional warranty to your purchase."
Product,https://www.senheng.com.my/mobile-phones/samsung-galaxy-a26-5g-8-256gb,Shop Samsung Galaxy A26 5G (8+256GB) | 0% IPP | Warranties | Senheng,Get good affordable phones in Malaysia to ease your daily tasks. Check out the best deals to Samsung Galaxy A26 5G (8+256GB) here with Senheng while stocks last.
Product,https://www.senheng.com.my/mobile-phones/samsung-galaxy-a56-5g-12-256gb,Shop Samsung Galaxy A56 5G (12+256GB) | 2-Year Warranty | Senheng,"Get the best deals on good affordable phones here at the authorised reseller in Malaysia, Senheng. Samsung Galaxy A56 5G (12+256GB) is available now with warranties, get here."
Product,https://www.senheng.com.my/smart-home-accessories/viomi-smart-door-lock-guard-2-pro,Purchase Viomi Smart Door Lock Guard 2 Pro | 2-Year Warranty | Senheng,"Viomi Smart Door Lock Guard 2 Pro is now available here at the largest online appliance store, Senheng! Click here to shop all the best deals with additional warranty coverage."
Product,https://www.senheng.com.my/smart-home-accessories/viomi-smart-door-lock-guard-2a,Purchase Viomi Smart Door Lock Guard 2A | 2-Year Warranty | Senheng,"Get the best door locks for sale in Malaysia, featuring Viomi Smart Door Lock Guard 2A here at the authorised reseller, Senheng! Click now to shop with additional warranty."
Product,https://www.senheng.com.my/smart-home-accessories/viomi-smart-door-lock-guard-3a-pro,Purchase Viomi Smart Door Lock Guard 3A Pro | 0% IPP | 2-Year Warranty | Senheng,"Enjoy maximum protection for your loved ones when you shop Viomi Smart Door Lock Guard 3A Pro, here at the largest online appliance store, Senheng! Shop now with 0% IPP and warranty."
Product,https://www.senheng.com.my/laptops/asus-vivobook-s-16-oled-s5606m-amx178wsm,Purchase ASUS Vivobook S 16 OLED | 5% S-Coin Cashback | Senheng,"Shop great laptop deals in Malaysia here with Senheng, the authorised reseller! Click now to shop ASUS Vivobook S 16 OLED, available with 5% S-Coin Cashback now!"
Product,https://www.senheng.com.my/cookers/tefal-1-5l-rice-cooker-tef-rk8131,Purchase Tefal 1.5L Rice Cooker TEF-RK8131 | 15% S-Coin Cashback | Senheng,Buy cookers online and have it delivered to complete your kitchen. Tefal 1.5L Rice Cooker TEF-RK8131 is available here with 15% S-Coin Cashback at Senheng. Shop now.
Product,https://www.senheng.com.my/smart-home-appliances/khind-zenair-56-ceiling-fan-flat-white-khn-cf56dc2r-fw,Khind ZenAir 56-Inch Ceiling Fan Flat White | 20% S-Coin Cashback | Senheng,"Shop and install a smart ceiling fan, all with the authorised reseller, Senheng! Click now to shop Khind ZenAir 56 Inch Ceiling Fan Flat White here and enjoy cashback!"
Product,https://www.senheng.com.my/smart-home-appliances/tp-link-tc40-outdoor-pan-tilt-security-wifi-camera,TP-Link TC40 Outdoor Pan/Tilt Security WiFi Camera | 2-Years Warranty | Senheng,Shop TP-Link TC40 Outdoor Pan/Tilt Security WiFi Camera and provide your home with much needed protection! Enjoy purchasing with additional warranties here with Senheng!
Product,https://www.senheng.com.my/smart-home-appliances/tp-link-tc70-pan-tilt-home-security-wi-fi-camera,Shop TP-Link TC70 Pan/Tilt Home Security Wi-Fi Camera | 2-Year Warranty | Senheng,"Looking for a security camera to protect you and your loved ones? Click here to shop TP-Link TC70 Pan/Tilt Home Security Wi-Fi Camera, available with 2-year warranty with Senheng!"
Product,https://www.senheng.com.my/smart-home-appliances/tp-link-tc72-pan-tilt-ai-home-security-wi-fi-camera,TP-Link TC72 Pan/Tilt AI Home Security Wi-Fi Camera | 2-Year Warranty | Senheng,Protect you and your loved ones with a home security camera like TP-Link TC72 Pan/Tilt AI Home Security Wi-Fi Camera! Click here to shop and enjoy additional warranty coverage.
Product,https://www.senheng.com.my/tv/hisense-100-4k-qled-tv-hse-100q7n,"Purchase Hisense 100"" 4K QLED TV HSE-100Q7N | 40% S-Coin Cashback | Senheng","Get great smart TV for sale here at the largest online appliance store in Malaysia, Senheng! Click now to shop Hisense 100"" 4K QLED TV HSE-100Q7N, available with cashback now!"
Product,https://www.senheng.com.my/tv/hisense-4k-mini-led-tv-hse-85u7n,Shop Hisense 85-inch 4K Mini-LED TV HSE-85U7N | 3-Year Warranty | Senheng,"Hisense 85-inch 4K Mini-LED TV HSE-85U7N is our recommended TV for you to check out here at Senheng! Get all the best deals and services, including 3-year warranties when you shop!"
Product,https://www.senheng.com.my/tv/hisense-4k-qled-tv-hse-75q6n,Shop Hisense 75-inch 4K QLED TV HSE-75Q6N | 15% S-Coin Cashback | Senheng,Trying to purchase the best smart TV for sale? Get great deals to featured products like Hisense 75-inch 4K QLED TV HSE-75Q6N here with Senheng! Click to shop and enjoy 15% Cashback!
Product,https://www.senheng.com.my/tv/hisense-85-inch-qled-google-tv-hse-85q6n,Shop Hisense 85 Inch QLED Google TV HSE-85Q6N | 3-Year Warranty | Senheng,"Get affordable smart TV in Malaysia here at the largest online appliance store, Senheng! Click now to shop Hisense 85 Inch QLED Google TV HSE-85Q6N with additional warranty coverage."
Product,https://www.senheng.com.my/tv/skyworth-4k-google-tv-sky-75sue7800,SKYWORTH 75-inch 4K Google TV SKY-75SUE7800 | 0% IPP | Senheng,"SKYWORTH 75-inch 4K Google TV SKY-75SUE7800, along with many more smart TV for sale are here at the largest online appliance store in Malaysia, Senheng! Click now to shop with 0% IPP."
Product,https://www.senheng.com.my/tv/toshiba-100-inch-vidaa-tv-thb-100z670np,Purchase Toshiba 100 Inch VIDAA TV THB-100Z670NP | 0% IPP | Senheng,"Toshiba 100 Inch VIDAA TV THB-100Z670NP is the featured smart TV for sale here at the largest online appliance store in Malaysia, Senheng! Click now to shop with 0% IPP."
Product,https://www.senheng.com.my/tv/toshiba-75-inch-vidaa-tv-thb-75z670mp,Shop Toshiba 75 Inch VIDAA TV THB-75Z670MP | 15% S-Coin Cashback | Senheng,"Shop affordable smart TV in Malaysia, all here at the largest online appliance store, Senheng! Click here to shop Toshiba 75 Inch VIDAA TV THB-75Z670MP with 15% S-Coin Cashback."
Product,https://www.senheng.com.my/tv/toshiba-75-inch-vidaa-tv-thb-75z870np,Toshiba 75 Inch VIDAA TV THB-75Z870NP | 21.5% S-Coin Cashback | Senheng,"Shop the best smart TV for sale here at the authorised reseller in Malaysia, Senheng! Click now to purchase Toshiba 75 Inch VIDAA TV THB-75Z870NP with 21.5% S-Coin Cashback! Get now."
Product,https://www.senheng.com.my/tv/toshiba-85-inch-smart-qled-tv-thb-85m450np,Purchase Toshiba 85 Inch Smart QLED TV THB-85M450NP | 7.5% S-Coin Cashback | Senheng,Get great deals on Toshiba 85 Inch Smart QLED TV THB-85M450NP and more affordable smart TV in Malaysia here at  Senheng! Purchase now and enjoy 7.5% S-Coin Cashback!
Product,https://www.senheng.com.my/tv/toshiba-85-inch-smart-qled-tv-thb-85z670mp,Shop Toshiba 85 Inch Smart QLED TV THB-85Z670MP | 15% S-Coin Cashback | Senheng,Shop for addorable smart TV in Malaysia here with Senheng online store! Uncover the best deals to the featured Toshiba 85 Inch Smart QLED TV THB-85Z670MP now with cashback!
Product,https://www.senheng.com.my/vacuum-cleaners/samsung-400w-bespoke-ai-jet-ultra-ai-cleaning-satin-greige,Shop Samsung 400W Bespoke AI Jet AI Cleaning Satin Greige | 0% IPP | Senheng,"Shop the best vacuum cleaner for home use here at Senheng, the largest online appliance store in Malaysia! Click now to shop Samsung 400W Bespoke AI Jet AI Cleaning Satin Greige."
Product,https://www.senheng.com.my/tablet-accessories/honor-magicpad-2-wifi-12gb-256gb,Shop HONOR MagicPad 2 WiFi (12GB+256GB) | Low Instalment | 0% IPP | Senheng,The HONOR MagicPad 2 WiFi (12GB+256GB) is a premium tablet from HONOR designed for multitasking. Click here to shop with amazing deals only at Senheng! Get it while stocks last.
Product,https://www.senheng.com.my/tv/skyworth-85-inch-4k-qled-google-tv-sky-100sue8600,Purchase SKYWORTH 85 Inch 4K QLED Google TV | 20% S-Coin Cashback | Senheng,SKYWORTH 85 Inch 4K QLED Google TV is now available with many more amazing smart TV for sale here at Senheng online store! Click now to shop the best deals with S-Coin Cashback!
Product,https://www.senheng.com.my/tv/toshiba-google-uhd-tv-thb-75m550np,Toshiba 75-inch Google UHD TV THB-75M550NP | 15% S-Coin Cashback | Senheng,"Looking to shop affordable smart TV in Malaysia? Get the best deals at the largest online store, Senheng , featuring Toshiba 75-inch Google UHD TV THB-75M550NP with cashback!"
Product,https://www.senheng.com.my/air-quality/hisense-r32-inverter-air-conditioner-cbgs,Purchase Hisense R32 Inverter Air Conditioner | 2-Year Warranty | Senheng,"Shop air coolers in Malaysia to combat the hot temperature with ease. Click here to purchase Hisense R32 Inverter Air Conditioner, available with 2-Year warranties with Senheng!"
Product,https://www.senheng.com.my/iron/hamilton-beach-14800b-i-steam-iron,Purchase Hamilton Beach 14800B-I Steam Iron | 2-Year Warranty | Senheng,Be confident with a nicely ironed outfit! Hamilton Beach 14800B-I Steam Iron is among the featured clothes iron for sale here at Senheng online store! Click now to shop!
Product,https://www.senheng.com.my/iron/philips-1000-series-garment-steamer-ste1030-20,Philips 1000 Series Garment Steamer STE1030/20 | 5% S-Coin Cashback | Senheng,"Shop for clothes iron for sale, packed with warranty coverages and more here with Senheng! Click now to purchase Philips 1000 Series Garment steamer STE1030/20 with S-Coin Cashback."
Product,https://www.senheng.com.my/laundry/electrolux-8kg-ultimatecare-500-heat-pump-dryer-ele-edh803j5wc,Shop Electrolux 8KG UltimateCare 500 Heat Pump Dryer | 15% S-Coin Cashback | Senheng,"Shop the best deals on laundry machine for sale, featuring Electrolux 8KG UltimateCare 500 Heat Pump Dryer here with Senheng. Get warranties and cashback to your purchase now."
Product,https://www.senheng.com.my/laundry/midea-10-5kg-7kg-washer-dryer-inverter-mid-mf310d105wb,Shop MIDEA 10.5KG/7KG Washer Dryer Inverter | 15% S-Coin Cashback | Senheng,"Get the best laundry machines for sale here at the largest online appliance store in Malaysia, Senheng! Click to purchase MIDEA 10.5KG/7KG Washer Dryer Inverter with cashback."
Product,https://www.senheng.com.my/laundry/midea-10kg-8kg-washer-dryer-inverter-mid-ml19-w-ml19-d,Purchase MIDEA 10KG/8KG Washer Dryer Inverter | 15% S-Coin Cashback | Senheng,Enjoy shopping the best laundry machine in Malaysia here with Senheng online store. Get the best deals and cashback when you shop MIDEA 10KG/8KG Washer Dryer Inverter here.
Product,https://www.senheng.com.my/vacuum-cleaners/joyoung-4x-power-cleaning-jy-fw7-floor-washer,Joyoung 4x Power Cleaning JY-FW7 Floor Washer | 0% IPP | Senheng,"get a vacuum cleaner for home use easily when you shop here at Senheng online store! Check out the best deals on Joyoung 4x Power Cleaning JY-FW7 Floor Washer, available with 0% IPP!"
Product,https://www.senheng.com.my/cookers/elba-3-5l-slow-cooker-esc-k3568cp,Shop ELBA 3.5L Slow Cooker ESC-K3568CP | 5% S-Coin Cashback | Senheng,Get slow cookers online here with an additional 5% S-Coin Cashback exclusively at Senheng online store. Shop the featured ELBA 3.5L Slow Cooker ESC-K3568CP now while stocks last.
Product,https://www.senheng.com.my/cookers/elba-4-5-slow-cooker-elb-esck4568-cp,Purchase ELBA 4.5 Slow Cooker ELB-ESCK4568(CP) | 5% S-Coin Cashback | Senheng,"Get the best deals on cookers online, featuring ELBA 4.5 Slow Cooker ELB-ESCK4568(CP) here with the largest online appliance store, Senheng! Click now to purchase with cashback!"
Product,https://www.senheng.com.my/cooking/bundle-set-elba-designer-hood-2-burners-glass-stove,[Bundle Set] ELBA Designer Hood + 2 Burners Glass Stove | 0% IPP | Senheng,Shop the best deals on cooking appliances here at Senheng online store. Click here to check out [Bundle Set] ELBA Designer Hood + 2 Burners Glass Stove with warranties.
Product,https://www.senheng.com.my/cooking/elba-20l-steamer-elb-efsm2028-wh,Purchase ELBA 20L Steamer ELB-EFSM2028(WH) | 5% S-Coin Cashback | Senheng,Looking to add kitchen appliances? Check out Senheng and the featured ELBA 20L Steamer ELB-EFSM2028(WH) here with 5% S-Coin Cashback and more. Click to purchase.
Product,https://www.senheng.com.my/cooking/elba-built-in-combi-induction-ceramic-hob-dual-cooking-zones,ELBA Built-in Combi Induction Ceramic Hob Dual Cooking Zones | 0% IPP | Senheng,Enjoy shopping the best cooking appliances online here with Senheng! Purchasing ELBA Built-in Combi Induction Ceramic Hob Dual Cooking Zones here means you enjoy 0% IPP! Shop now.
Product,https://www.senheng.com.my/cooking/elba-designer-hood-ehr9033-bk,Purchase ELBA Designer Hood EHR9033(BK) | 1-Year Warranty | Senheng,"Shop cooking appliances online here at the largest online appliance store in Malaysia, Senheng! Click to purchase ELBA Designer Hood EHR9033(BK) with additional warranties."
Product,https://www.senheng.com.my/cooking/elba-designer-hood-monza-ehq9327st-bk,Shop ELBA Designer Hood MONZA EHQ9327ST(BK) | 1-Year Warranty | Senheng,"Shop cooking appliances online with ease here at the authorised reseller in Malaysia, Senheng! Click now to shop ELBA Designer Hood MONZA EHQ9327ST(BK) with warranty coverage."
Product,https://www.senheng.com.my/food-preparation/joyoung-patented-oblique-cutting-1-8l-chopper-jc-18c30,Shop Joyoung Patented Oblique Cutting 1.8L Chopper | 5% S-Coin Cashback | Senheng,"Get food preperation appliances to upgrade your kitchen, featuring Joyoung Patented Oblique Cutting 1.8L Chopper here with Senheng. Shop now and enjoy 5% S-Coin Cashback."
Product,https://www.senheng.com.my/ovens/elba-built-in-microwave-oven-emoq2881bibk,Purchase ELBA Built-in Microwave Oven EMOQ2881BIBK | 0% IPP | Senheng,"Purchase a good oven for baking here at Senheng, the authorised reseller in Malaysia. Browse and purchase ELBA Built-in Microwave Oven EMOQ2881BIBK here with 0% IPP."
Product,https://www.senheng.com.my/ovens/elba-built-in-oven-divo-ebon6770bk,Shop ELBA Built-in Oven DIVO EBON6770BK | 1-Year Warranty | Senheng,"Get the best prices for ovens here at Senheng online store! Shop the best deals and services at the largest online appliance store, featuring ELBA Built-in Oven DIVO EBON6770BK."
Product,https://www.senheng.com.my/refrigerators/midea-507l-4-door-refrigerator-inverter-compressor-mid-mdrf550fgf28,Purchase Midea 507L 4-Door Refrigerator | 2-Year Warranty | Senheng,"Get a spacious and functional refrigerator to store all your needs. Click here to shop Midea 507L 4-Door Refrigerator with additional warranty and 0% IPP, exclusively at Senheng."
Product,https://www.senheng.com.my/mobile-phones/vivo-v50-lite-5g-12gb-512gb,Purchase vivo V50 Lite 5G | 2% S-Coin Cashback | Senheng,"Enjoy sjopping good affordable phones here at the authorised reseller in Malaysia, Senheng! vivo V50 Lite 5G is available with 2% S-Coin cashback and warranties. Purchase now."
Product,https://www.senheng.com.my/tablets/honor-pad-v9,Purchase HONOR Pad V9 | 1-Year Warranty | 0% IPP | Senheng,"Shop the best tablets for sale here with the authorised reseller, Senheng! Click now to check out and purchase HONOR Pad V9 with additional warranty coverage and 0% IPP. Get now."
Product,https://www.senheng.com.my/tablets/honor-pad-x9a,Purcahse HONOR Pad X9a | 0% IPP | 1-Year Warranty | Senheng,"Take advantage of the best tablets on sale in Malaysia here at the authorised reseller, Snehemg! Click now to shop HONOR Pad X9a and enjoy 0% IPP with warranties.Purchase now."
Product,https://www.senheng.com.my/tablets/samsung-galaxy-tab-a9-4gb-64gb-wifi,Samsung Galaxy Tab A9+ (4GB+64GB) Wifi | 1-Year Warranty | Senheng,"Looking for a new galaxy tab to ease your daily tasks? Click here to view and purchase Samsung Galaxy Tab A9+ (4GB+64GB) Wifi, available with warranties at Senheng! Shop now."
Product,https://www.senheng.com.my/tablets/samsung-galaxy-tab-s10-ultra-with-book-cover-keyboard-wi-fi-12gb-256gb,Samsung Galaxy Tab S10 Ultra with Book Cover Keyboard | 1-Year Warranty | Senheng,"Looking to shop affordable Samsung tablets? Click here to shop the best deals on Samsung Galaxy Tab S10 Ultra with Book Cover Keyboard, available now with warranties at Senheng!"
Product,https://www.senheng.com.my/tablets/samsung-galaxy-tab-s10-wifi-12-256gb,"Samsung Galaxy Tab S10+ WiFi (12+256GB) | 4% S-Coin Cashback | Senheng 
","Shop the best affordable Samsung tablets here with Senheng, the largest online appliance store in Malaysia! Click now to shop Samsung Galaxy Tab S10+ WiFi (12+256GB) with cashback!"
Product,https://www.senheng.com.my/tablets/samsung-galaxy-tab-s6-lite-2024-wifi-4gb-128gb-with-s-pen,Shop Samsung Galaxy Tab S6 Lite (2024) WiFi | 2% S-Coin Cashback | Senheng,"Purchase affordable Samsung tablets here at the authorised reseller in Malaysia, Senheng! Click now to shop Samsung Galaxy Tab S6 Lite (2024) WiFi with S-Coin Cashback!"
Product,https://www.senheng.com.my/tv/hisense-75-inch-vidaa-mini-led-tv-hse-75u6q,Purchase Hisense 75-inch VIDAA Mini-LED TV | 15% S-Coin Cashback | Senheng,"Looking to purchase smart TV for sale? Hisense 75-inch VIDAA Mini-LED TV is available here at Senheng with 15% S-Coin Cashback and more, get one here while stocks last."
Product,https://www.senheng.com.my/tv/pre-order-samsung-neo-qled-qn990f-8k-samsung-vision-ai-smart-tv-2025,Samsung Neo QLED QN990F 8K Samsung Vision AI Smart TV (2025) | 0% IPP | Senheng,Looking to get an AI TV that enhances your favourite entertainments to new heights? Click here to shop Samsung Neo QLED QN990F 8K Samsung Vision AI Smart TV (2025) with Senheng!
Product,https://www.senheng.com.my/tv/pre-order-samsung-oled-s95f-4k-samsung-vision-ai-smart-tv-2025-eta-2nd-june-2025,Shop Samsung OLED S95F 4K Samsung Vision AI Smart TV (2025) | 0% IPP | Senheng,Looking to shop for an affordable smart TV in Malaysia that elevates your entertainment joy? Click here to shop Samsung OLED S95F 4K Samsung Vision AI Smart TV (2025) with 0% IPP!
Product,https://www.senheng.com.my/tv/pre-order-samsung-qled-q7f-4k-samsung-vision-ai-smart-tv-2025,Shop Samsung QLED Q7F 4K Samsung Vision AI Smart TV (2025) | Warranties | Senheng,"Get great deals on smart TV for sale here at the largest online appliance store in Malaysia, Senheng! Purchase the featured Samsung QLED Q7F 4K Samsung Vision AI Smart TV (2025) here."
Product,https://www.senheng.com.my/tv/sharp-aquos-qled-4k-google-tv,Purchase SHARP AQUOS QLED 4K Google TV | 0% IPP | Warranties | Senheng,"On the look out for affordable smart TV for sale? Check out the SHARP AQUOS QLED 4K Google TV, available here with 0% IPP and warranties with Senheng. Purchase now."
Product,https://www.senheng.com.my/refrigerators/sharp-480l-avance-refrigerator-shp-sjf489gw,Shop Sharp 480L Avance Refrigerator SHP-SJF489GW | 15% S-Coin Cashback | Senheng,Shop the best deals on refrigerators here in Senheng online store! The featured Sharp 480L Avance Refrigerator SHP-SJF489GW is now available with 15% S-Coin Cashback! Get here!
Product,https://www.senheng.com.my/laptops/asus-tuf-gaming-a15-r7-7435hs-8gb-ram-512gb-ssd-15-6-inch-rtx2050-144hz,Shop ASUS TUF Gaming A15 | 5% S-Coin Cashback | 1-Year Warranty | Senheng,"Looking to switch your laptop? Click here to shop ASUS TUF Gaming A15 with additional 5% S-Coin Casback and warranty coverage, all here with Senheng online store. Shop now."
Product,https://www.senheng.com.my/laptops/hp-victus-r5-8645hs-16gb-ram-512gb-ssd-rtx4050-15-6-144hz,Purchase HP Victus Laptop | 5% S-Coin Cashback | 0% IPP | Senheng,"Looking to shop the best laptop deals in Malaysia? Check out the featured HP Victus Laptop, available here at the largest online appliance store Senheng! Click to shop with 0% IPP."
Product,https://www.senheng.com.my/accessories/cento-50-80-inch-tv-bracket-wall-mount-plasma-lcd-fixed-ct-wb50,"Shop CENTO 50""-80"" inch TV Bracket Wall Mount | 1-Year Warranty | Senheng","Shop the most complete collection of home appliance for sale, all available here at Senheng online store! Click now to shop CENTO 50""-80"" inch TV Bracket Wall Mount with warranty."
Product,https://www.senheng.com.my/air-quality/hisense-r32-portable-air-conditioner-ap09kvg-kvg,Shop Hisense R32 Portable Air Conditioner AP09KVG | 2-Year Warranty | Senheng,"Get the best deals and services to your purchase of air coolers, available here with Senheng! Shop the featured Hisense R32 Portable Air Conditioner AP09KVG and enjoy warranties."
Product,https://www.senheng.com.my/air-quality/kdk-16-inch-3-speed-wall-fan-ku408,Shop KDK 16-inch 3-Speed Wall Fan KU408 | 5% S-Coin Cashback | Senheng,"Looking to shop air quality products to combat the hot temperature of Malaysia? Click here to check out KDK 16-inch 3-Speed Wall Fan KU408, availabe with 5% S-Coin Cashback!"
Product,https://www.senheng.com.my/air-quality/lg-1-5hp-stylish-artcool-air-conditioner-with-dual-inverter-lg-s3q12jarpa,LG 1.5HP Stylish ARTCOOL™ Air Conditioner with DUAL Inverter | 0% IPP | Senheng,"Shop the best air quality products, available with 0% IPP and warranty coverage here at Senheng online store! Click to shop LG 1.5HP Stylish ARTCOOL™ Air Conditioner with DUAL Inverter."
Product,https://www.senheng.com.my/air-quality/midea-glory-4-star-inverter-air-conditioner,Shop Midea Glory 4 Star Inverter Air Conditioner | 7.5% S-Coin Cashback | Senheng,"Get a high-quality air conditioner to combat the hot weather in Malaysia here with Senheng! Click now to shop Midea Glory 4 Star Inverter Air Conditioner, available with 7.5% Cashback!"
Product,https://www.senheng.com.my/air-quality/panasonic-1-0hp-r32-inverter-air-conditioner-csyu9akh-1,Shop Panasonic 1.0HP R32 Inverter Air Conditioner | 7.5% S-Coin Cashback | Senheng,Looking to install air quality products to combat the hot weather in Malaysia? Click here to view Panasonic 1.0HP R32 Inverter Air Conditioner and enjoy 7.5% S-Coin Cashback here.
Product,https://www.senheng.com.my/iron/panasonic-steam-iron-psn-niwl35pnsk,Shop Panasonic Steam Iron PSN-NIWL35PNSK | 7.5% S-Coin Cashback | Senheng,"Get the best deals on clothes iron here at the largest online appliance store in Malaysia, Senheng! Click now to shop Panasonic Steam Iron PSN-NIWL35PNSK with 7.5% S-Coin cashback!"
Product,https://www.senheng.com.my/laundry/electrolux-8kg-ultimatecare-300-front-load-washing-machine-ewf8024d3wc,Electrolux 8kg UltimateCare 300 Front Load Washing Machine | 0% IPP | Senheng,"Shop quality laundry machine for sale here at the largest online appliance store in Malaysia, Senheng! Click to shop Electrolux 8kg UltimateCare 300 Front Load Washing Machine."
Product,https://www.senheng.com.my/laundry/haier-12kg-heat-pump-dryer-hai-hd120ar959s,Shop Haier 12kg Heat Pump Dryer | 15% S-Coin Cashback | Senheng,"Get great deals on laundry machine in Malaysia here at the largest online appliance store, Senheng! Click now to shop Haier 12kg Heat Pump Dryer with 15% S-Coin cashback!"
Product,https://www.senheng.com.my/laundry/hisense-10-5kg-front-load-washer-and-dryer-hse-wd105r5,Shop Hisense 10.5KG/7KG Front Load Washer Dryer | 5% S-Coin Cashback | Senheng,"Enjoy shopping laundry machine in Malaysia here at the largest online appliance store,Senheng! Click here to shop Hisense 10.5KG/7KG Front Load Washer Dryer with S-Coin Cashback."
Product,https://www.senheng.com.my/laundry/midea-8-5kg-top-load-fully-auto-washing-machine-ma102w85,Midea 8.5kg Top Load Fully Auto Washing Machine | 1-Year Warranty | Senheng,Purchase laundry machines for sale and enjoy additional warranty coverages with Senheng! Shop the featured Midea 8.5kg Top Load Fully Auto Washing Machine here while stocks last.
Product,https://www.senheng.com.my/laundry/samsung-15kg-bespoke-ai-laundry-top-load-washer-ai-wash-sam-wa80f15s5bfq,Samsung 15kg Bespoke AI™ Laundry Top-load Washer | 15% S-Coin Cashback | Senheng,"Get great deals on laundry machine in Malaysia here at the largest online appliance store, Senheng! Click now to shop Samsung 15kg Bespoke AI™ Laundry Top-load Washer with cashback!"
Product,https://www.senheng.com.my/laundry/toshiba-10-5kg-top-load-washer-aw-dm1150pm-sg,Shop Toshiba 10.5kg Top Load Washer AW-DM1150PM | 0% IPP | Senheng,"Senheng now offers you the best laundry machine prices in Malaysia, paired with 0% IPP and more warranty coverages! Click to shop Toshiba 10.5kg Top Load Washer AW-DM1150PM."
Product,https://www.senheng.com.my/laundry/toshiba-10kg-front-load-washer-tsb-twt37bzp115mwm-wt,Purchase Toshiba 10KG Front Load Washer | 15% S-Coin Cashback | Senheng,Looking to find a laundry machine for sale in Malaysia with great deals and service? Click here to shop Toshiba 10KG Front Load Washer at senQ and enjoy 15% S-Coin Cashback.
Product,https://www.senheng.com.my/laundry/toshiba-13kg-front-load-washer-inverter-tsb-twt21bu140uwm-mg,Shop Toshiba 13KG Front Load Washer Inverter | 15% S-Coin Cashback | Senheng,"Shop for the best laundry machine prices in Malaysia here at the authorised reseller, Senheng! Check out the Toshiba 13KG Front Load Washer Inverter now and enjoy 15% S-Coin Cashback!"
Product,https://www.senheng.com.my/laundry/toshiba-17kg-washer-with-heater-tsb-awt08duh1800mm-mg,Purchase TOSHIBA 17KG Washer With Heater | 15% S-Coin Cashback | Senheng,"The best collection of laundry machine for sale is now available here at Senheng, the largest online appliance store in Malaysia. Click to shop TOSHIBA 17KG Washer with Heater."
Product,https://www.senheng.com.my/vacuum-cleaners/samsung-280w-bespoke-ai-jet-lite-ai-cleaning-pebble-gray,Purchase Samsung 280W Bespoke AI Jet | 0% IPP | Additional Warranties | Senheng,"Purchase the best affordable vacuum cleaners in Malaysia here at the largest online appliance store, Senheng! Click now to shop Samsung 280W Bespoke AI Jet with 0% IPP. Get now."
Product,https://www.senheng.com.my/mobile-accessories/belkin-hybrid-ac-power-bank-5k-pd-25w-w-uk-plug-bkn-bpz003mybk,Belkin Hybrid AC Power Bank 5K PD 25W W/UK Plug | 2-Year Warranty | Senheng,"Get all the best mobile accessories with additional warranty coverages, available here with Senheng online store! Click here to shop Belkin Hybrid AC Power Bank 5K PD 25W W/UK Plug."
Product,https://www.senheng.com.my/mobile-phones/honor-400,Purchase Honor 400 | 2% S-Coin Cashback | 3-Year Warranty | Senheng,"Shop good affordable phones in Malaysia here at the authorised reseller, Senheng! Click now to purchase Honor 400 with 0% IPP and additional 3 year warranty coverage. Get now."
Product,https://www.senheng.com.my/tv/haier-android-4k-hdr-tv-55-hai-h55k800ug,Purchase Haier Android 4K HDR TV | Instalment Payment | Warranties | Senheng,"Awesome visions with HDR, the Haier Android 4K HDR TV elevates your entertainment like no other! Click here to shop exclusive deals and get additional coverages with Senheng."
Product,https://www.senheng.com.my/tv/haier-qled-4k-tv-85-hai-h85s800ux,Purchase Haier QLED 4K TV | S-Coin Cashback | Warranties | Senheng,"Enjoy your entertainments that mimics a movie theater! The Haier QLED 4K TV is available here, and you can earn additional warranty coverages with cashback prizes! Click here."
Product,https://www.senheng.com.my/tv/hisense-4k-uhd-tv-e6k,Purchase Hisense 4K UHD TV E6K | Extra Warranties | Instalment Payment | Senheng,A UHD TV that takes pixel levels to a new tier! The Hisense 4K UHD TV E6K is available here with extra warranties and low instalments. Click here to shop the best deals.
Product,https://www.senheng.com.my/tv/hisense-55-inch-qled-tv-q6n-hse-55q6n,Shop Hisense 55-inch 4K QLED TV HSE-55Q6N | 15% S-Coin Cashback | Senheng,"Purchase an affordable smart TV in Malaysia to elevate entertainment experience, all here with Senheng! Click here to purchase Hisense 55-inch 4K QLED TV HSE-55Q6N with cashback."
Product,https://www.senheng.com.my/tv/hisense-55-inch-vidaa-mini-led-tv-hse-55u6q,Hisense 55-inch VIDAA Mini-LED TV HSE-55U6Q | 3-Year Warranty | Senheng,"Looking to shop for affordable smart TV in Malaysia? Click here to shop Hisense 55-inch VIDAA Mini-LED TV HSE-55U6Q, available at Senheng with additional warranty coverage!"
Product,https://www.senheng.com.my/tv/hisense-65-inch-4k-mini-led-uled-tv-hse-65u7n,Shop Hisense 65-inch 4K Mini-LED ULED TV HSE-65U7N | 0% IPP | Senheng,"Shop affordable smart TV in Malaysia, all here at the largest online appliance store, Senheng! Click to purchase Hisense 65-inch 4K Mini-LED ULED TV HSE-65U7N with 0% IPP!"
Product,https://www.senheng.com.my/tv/hisense-65-inch-vidaa-mini-led-tv-hse-65u6q,Hisense 65-inch VIDAA Mini-LED TV HSE-65U6Q | 15% S-Coin Cashback | Senheng,Enjoy all new entertainment experience when you get the best LED-TV with deals here at Senheng! Click here to shop Hisense 65-inch VIDAA Mini-LED TV HSE-65U6Q with cashback!
Product,https://www.senheng.com.my/tv/hisense-85-inch-vidaa-tv-hse-85a6100n,Shop Hisense 85 Inch VIDAA TV HSE-85A6100N | 15% S-Coin Cashback | Senheng,Enjoy shopping the best smart TV for sale in Malaysia here at Senheng online store. Click here to view the Hisense 85 Inch VIDAA TV HSE-85A6100N with 15% S-Coin Cashback!
Product,https://www.senheng.com.my/tv/hisense-smart-tv-4k-uhd-a6500n-series,Shop Hisense Smart TV 4K UHD A6500N Series | S-Coin Cashback | Senheng,"Looking to switch up your TV? Click here to view the Hisense Smart TV 4K UHD A6500N Series, packed with entertainments you love and amazing deals! Shop here and get cashback!"
Product,https://www.senheng.com.my/tv/hisense-vidaa-qled-tv-hse-100q6q,Shop Hisense VIDAA QLED TV HSE-100Q6Q | 15% S-Coin Cashback | Senheng,"Get the best affordable smart TV in Malaysia here with Senheng, the largest online appliances store! Click now to shop Hisense VIDAA QLED TV HSE-100Q6Q with 15% S-Coin Cashback."
Product,https://www.senheng.com.my/tv/lg-55-65-75-qned80-4k-smart-ai-qned-tv-qned80tsa-2024,Purchase LG QNED80 4K Smart AI QNED TV | 15% S-Coin Cashback | Senheng,"An elevated enjoyment on all your entertainments! Enjoy at the comfort of your homes with LG 75"" QNED80 4K Smart AI QNED TV, available here with 15% S-Coin Cashback! Shop now."
Product,https://www.senheng.com.my/tv/lg-75-inch-uhd-ut80-4k-smart-tv,Purchase LG 75-inch UHD UT80 4K Smart TV | 15% S-Coin Cashback | Senheng,Immerse yourself in a quality picture with the α5 AI Processor 4K Gen7. LG 75-inch UHD UT80 4K Smart TV is your best pick for an upgrade in entertainment! Shop Senheng now!
Product,https://www.senheng.com.my/tv/panasonic-4k-hdr-smart-tv-led-43-inch-th-43mx650k,Shop Panasonic 4K HDR Smart TV LED 43 inch | Extra Warranties | Senheng,"Shop Panasonic 4K HDR Smart TV LED 43"" inch, a Google TV with amazing features for entertainment elevation! Click here to shop the google tv online with additional warranties!"
Product,https://www.senheng.com.my/tv/panasonic-55-inch-led-4k-hdr-smart-tv-mk800k-series-psn-th55mx800k,Shop Panasonic 55-inch LED 4K HDR Smart TV | 0% IPP | Low Instalment | Senheng,"Enjoy entertainment, better, with Panasonic 55-inch LED 4K HDR Smart TV! Click here shop the top led tv deals offered by Senheng! Get yours with 0% IPP low instalments!"
Product,https://www.senheng.com.my/tv/panasonic-65-inch-led-4k-hdr-smart-tv-th-65mx800k,Purchase Panasonic 65 inch LED 4K HDR Smart TV | 2 Years Warranty | Senheng,Shop for the top led TV deals here! Get the best price for Panasonic 65 inch LED 4K HDR Smart TV here with Senheng and enjoy additional warranties! Shop now while stocks last.
Product,https://www.senheng.com.my/tv/panasonic-l400-32-led-hd-tv-psn-th32l400k,Shop Panasonic L400 32 Inch LED HD TV | Additional Warranties | Senheng,"Get yourself and LED TV to elevate entertainment experiences! Shop Panasonic L400 32"" LED HD TV, available here with 2 years warranty, only at Senheng! Shop while stocks last."
Product,https://www.senheng.com.my/tv/panasonic-mini-led-4k-hdr-smart-tv-65-inch-th-65mx950k,Shop Panasonic Mini LED 4K HDR Smart TV 65 Inch | 0% IPP | Senheng,Looking to the top led TV deals in Malaysia? Get the Panasonic Mini LED 4K HDR Smart TV 65 inch here with Senheng and enjoy 0% IPP purchases! Shop now while stocks last.
Product,https://www.senheng.com.my/tv/pre-order-98-neo-qled-qn90f-4k-vision-ai-smart-tv-2025-eta-2nd-june-2025,"Samsung 98"" Neo QLED QN90F 4K Vision AI Smart TV (2025) | 0% IPP | Senheng","Dive into the a new realm of quality entertainment, available with the Samsung 98"" Neo QLED QN90F 4K Vision AI Smart TV (2025)! Click now to shop with 0% IPP at Senheng!"
Product,https://www.senheng.com.my/tv/pre-order-samsung-neo-qled-qn70f-4k-samsung-vision-ai-smart-tv-2025,Samsung Neo QLED QN70F 4K Samsung Vision AI Smart TV  | 2-Year Warranty | Senheng,Get great smart TV for sale deals when you shop at Senheng online store today! Click now to get Samsung Neo QLED QN70F 4K Samsung Vision AI Smart TV  with additional warranties.
Product,https://www.senheng.com.my/tv/pre-order-samsung-neo-qled-qn85f-4k-samsung-vision-ai-smart-tv-2025-eta-2nd-of-june-2025,Samsung Neo QLED QN85F 4K Samsung Vision AI Smart TV | 0% IPP | Senheng,"Shop the latest collection of smart TVs for sale here with Senheng online store, featuring the 2025 Samsung Neo QLED QN85F 4K Samsung Vision AI Smart TV! Get it with 0% IPP today!"
Product,https://www.senheng.com.my/tv/pre-order-samsung-neo-qled-qn90f-4k-vision-ai-smart-tv-2025-eta-2nd-june-2025,Samsung Neo QLED QN90F 4K Vision AI Smart TV (2025) | Warranties | Senheng,Looking to install an affordable smart TV in Malaysia to improve your entertainment experience? Check out Samsung Neo QLED QN90F 4K Vision AI Smart TV (2025) here with 0% IPP at Senheng.
Product,https://www.senheng.com.my/tv/pre-order-samsung-oled-s85f-4k-samsung-vision-ai-smart-tv-2025-eta-2nd-june-2025,Samsung OLED S85F 4K Samsung Vision AI Smart TV (2025) | 0% IPP | Senheng,"Enjoy the best affordable smart TV in Malaysia here with Senheng, the aurhorised reseller. Clcik here to shop Samsung OLED S85F 4K Samsung Vision AI Smart TV (2025) with 0% IPP."
Product,https://www.senheng.com.my/tv/pre-order-samsung-the-frame-pro-4k-samsung-vision-ai-smart-tv-2025-eta-2nd-june-2025,Samsung The Frame Pro 4K Samsung Vision AI Smart TV | 15% S-Coin Cashback | Senheng,"Get 15% S-Coin Cashback to your purchase of Samsung The Frame Pro 4K Samsung Vision AI Smart TV, and enjoy the best visual qualities for maximum entertainment! Shop Senheng."
Product,https://www.senheng.com.my/tv/samsung-65-inch-4k-oled-tv-sam-qa65s85fa,Samsung 65-inch 4K OLED AI TV SAM-QA65S85FA | 15% S-Coin Cashback | Senheng,"Looking to shop for the best affordable smart TV in Malaysia? Check out the authorised reseller online store, Senheng, and the featured Samsung 65-inch 4K OLED AI TV SAM-QA65S85FA!"
Product,https://www.senheng.com.my/tv/samsung-65-inch-qled-q70d-4k-tizen-os-smart-tv-2024,Purchase Samsung 65-Inch QLED Q70D 4K Tizen OS Smart TV | 2-Year Warranty | Senheng,Switch up your home TV with the greatest affordable smart TV in Malaysia at Senheng. Click now to shop Samsung 65-Inch QLED Q70D 4K Tizen OS Smart TV with warranty.
Product,https://www.senheng.com.my/tv/samsung-65-qled-q7f5-4k-samsung-vision-ai-smart-tv,"Samsung 65"" QLED Q7F5 4K Samsung Vision AI Smart TV | 0% IPP | Senheng","Upgrade your entertainment experience with an affordable smart TV in Malaysia. Shopping with Senheng allows you to enjoy Samsung 65"" QLED Q7F5 4K Samsung Vision AI Smart TV with 0% IPP."
Product,https://www.senheng.com.my/tv/samsung-75-inch-q65da-qled-4k-tv-2024,Shop Samsung 75-inch Q65DA QLED 4K TV (2024) | 15% S-Coin Cashback | Senheng,Get the best QLED TV deals when you shop here at Senheng! Click here to view and purchase Samsung 75-inch Q65DA QLED 4K TV (2024) with 15% S-Coin cashback and more. Get it today!
Product,https://www.senheng.com.my/tv/samsung-75-neo-qled-qn85f-4k-vision-ai-smart-tv,"Samsung 75"" Neo QLED QN85F 4K Vision AI Smart TV | 15% S-Coin Cashback | Senheng","Get the best smart TV for sale in Malaysia, featuring Samsung 75"" Neo QLED QN85F 4K Vision AI Smart TV here with Senheng online! Shop now with 0% IPP and enjoy cashback!"
Product,https://www.senheng.com.my/tv/samsung-75-neo-qled-qn990f-8k-vision-ai-smart-tv,"Samsung 75"" Neo QLED QN990F 8K Vision AI Smart TV | 15% S-Coin Cashback | Senheng","Enjoy the best smart TV for sale, featuring the Samsung 75"" Neo QLED QN990F 8K Vision AI Smart TV here with Senheng, the authorised reseller online store! Click now to shop."
Product,https://www.senheng.com.my/tv/sharp-4k-uhd-tv-4tcfj1x-50-55-65-75,Purchase SHARP 4K UHD TV 4TCFJ1X | 7.5% S-Coin Cashback | Senheng,"Elevate your entertainment experience today! Shop the best collection of uhd tv for sale in Malaysia, featuring SHARP 4K UHD TV 4TCFJ1X here with Senheng! Click here to purchase."
Product,https://www.senheng.com.my/tv/skyworth-4k-qled-google-tv-sky-55sue8100,SKYWORTH 4K QLED Google TV SKY-55SUE8100 | 7.5% S-Coin Cashback | Senheng,"Get QLED TVs for sale in Malaysia here at the largest online appliance store! Shop SKYWORTH 4K QLED Google TV SKY-55SUE8100, available here with 7.5% S-Coin Cashback today!"
Product,https://www.senheng.com.my/tv/skyworth-50-inch-4k-hdr-uhd-smart-tv-sue4000,Purchase Skyworth 50-inch 4K HDR UHD Smart TV SUE4000 | 0% IPP | Senheng,Shop UHD TVs for sale here at the authorised reseller in Malaysia! Click here to shop the Skyworth 50-inch 4K HDR UHD Smart TV SUE4000 with 0% IPP. Purchase while stocks last.
Product,https://www.senheng.com.my/tv/sony-32-inch-bravia-w830k-smart-android-led-tv-kd32w830k-2022,Shop Sony 32-Inch Bravia W830K Smart Android LED TV | 0% IPP | Senheng,Give your entertainment a needed elevation through high definition LED TVs! Click here to view and shop Sony 32-Inch Bravia W830K Smart Android LED TV with 0% IPP.
Product,https://www.senheng.com.my/tv/sony-55-inch-bravia-xr-x90l-full-array-led-4k-hdr-google-tv-55-sny-xr55x90l,Sony 55 Inch BRAVIA XR X90L Full Array LED 4K HDR Google TV | 0% IPP | Senheng,"Looking for top quality Google TV for sale? Click here to check out Sony 55 Inch BRAVIA XR X90L Full Array LED 4K HDR Google TV, available with 0% IPP and cashback with Senheng!"
Product,https://www.senheng.com.my/tv/sony-65-inch-bravia-a95l-4k-hdr-oled-google-tv-xr65a95l,Sony 65-inch BRAVIA A95L 4K HDR OLED Google TV | 7.5% S-Coin Cashback | Senheng,"Purchase the best OLED TV with deals here at the largest online appliance store, Senheng! Shop Sony 65-inch BRAVIA A95L 4K HDR OLED Google TV here with 7.5% S-Coin Cashback!"
Product,https://www.senheng.com.my/tv/sony-75-inch-bravia-xr-x90l-full-array-led-4k-hdr-google-tv-xr75x90l,Sony 75-inch BRAVIA XR X90L Full Array LED 4K HDR Google TV | 0% IPP | Senheng,Get great deals on UHD TV for sale here at the authorised reseller in Malaysia! Click here to shop Sony 75-inch BRAVIA XR X90L Full Array LED 4K HDR Google TV with 0% IPP.
Product,https://www.senheng.com.my/tv/sony-85-inch-x90l-bravia-xr-full-array-led-4k-high-dynamic-range-google-tv,Sony 85-inch X90L Full Array LED 4K High Dynamic Range (Google TV) | 0% IPP | Senheng,"Shop Google TV for sale here at the largest online appliance store, Senheng! Click here to shop Sony 85-inch X90L BRAVIA XR Full Array LED 4K High Dynamic Range (Google TV) with 0% IPP!"
Product,https://www.senheng.com.my/tv/sony-bravia-3-75-inch-tv-4k-hdr-processor-x1-google-tv-2024-k75s30,Sony Bravia 3 75 inch TV 4K HDR Processor X1™ (Google TV) | 0% IPP | Senheng,"Purchase a UHD TV to elevate your entertainment, all available with Senheng! Click here to purchase Sony Bravia 3 75 inch TV 4K HDR Processor X1™ (Google TV) with 0% IPP."
Product,https://www.senheng.com.my/tv/sony-bravia-3-85-inch-4k-hdr-processor-x1-4k-ultra-hd-smart-tv-google-tv-2024-model-k85s30,Sony BRAVIA 3 85 inch 4K HDR Processor X1 4K Ultra HD Smart TV | 0% IPP | Senheng,"Get the best deals on UHD TVs here at the authorised reseller, Senheng! Shop Sony BRAVIA 3 85 inch 4K HDR Processor X1 4K Ultra HD Smart TV here with 0% IPP and warranties."
Product,https://www.senheng.com.my/tv/sony-bravia-3-class-led-4k-hdr-google-tv-2024,Sony BRAVIA 3 Class LED 4K HDR Google TV (2024) | 15% S-Coin Cashback | Senheng,"Buy Google TV online here at the authorised reseller in Malaysia, Senheng! Shop Sony BRAVIA 3 Class LED 4K HDR Google TV (2024) and enjoy 15% S-Coin Cashback now!"
Product,https://www.senheng.com.my/tv/sony-bravia-7-k75xr70-75-inch-mini-led-qled-4k-hdr-google-tv,Sony Bravia 7 K75XR70 75-inch Mini LED QLED 4K HDR Google TV | Warranties | Senheng,"Enjoy shopping the best collection of QLED TV, featuring Sony Bravia 7 K75XR70 75-inch Mini LED QLED 4K HDR Google TV here with warranties at Senheng! Click here to view and shop!"
Product,https://www.senheng.com.my/tv/sony-bravia-8-55-inch-tv-oled-xr-processor-4k-ultra-hd-120hz-smart-tv-google-tv-2024-model-k55xr80,Sony Bravia 8 55 inch TV OLED XR Processor 4K Ultra HD Smart TV | 0% IPP | Senheng,"Searching for OLED TVs for sale? Click here to shop Sony Bravia 8 55 inch TV OLED XR Processor 4K Ultra HD 120Hz Smart TV, available at Senheng with 0% IPP and more deals."
Product,https://www.senheng.com.my/tv/sony-bravia-8-65-inch-class-oled-4k-hdr-google-tv-sny-k65xr80,Sony BRAVIA 8 65-inch class OLED 4K HDR Google TV | S-Coin Cashback | Senheng,"Get the best OLED TV for sale, all here at Senheng, the authorised reseller in Malaysia! Click to shop Sony BRAVIA 8 65-inch class OLED 4K HDR Google TV SNY-K65XR80 with cashback."
Product,https://www.senheng.com.my/tv/sony-bravia-9-85-inch-mini-led-qled-4k-ultra-hd-120hz-smart-tv-google-tv-2024-k85xr90,Sony BRAVIA 9 85 inch Mini LED QLED 4K Ultra HD 120Hz Smart TV | 0% IPP | Senheng,"Shop the best QLED TV for sale here, featuring Sony BRAVIA 9 85 inch Mini LED QLED 4K Ultra HD 120Hz Smart TV, only at Senheng! Shop now and enjoy 0% IPP with more deals."
Product,https://www.senheng.com.my/tv/sony-bravia7-65-inch-tv-mini-led-qled-smart-tv-google-tv-2024-model-k65xr70,Shop Sony Bravia7 65 inch TV Mini LED QLED Smart TV | 2-Year Warranty | Senheng,"Shopping UHD TV for sale? Sony Bravia7 65 inch TV Mini LED QLED Smart TV is available with amazing deals and 2 year warranties, only at Senheng! Click here to shop."
Product,https://www.senheng.com.my/tv/sony-bravia9-75-inch-mini-led-qled-xr-processor-4k-ultra-hd-120hz-smart-tv-google-tv-2024-model-k75xr90,Sony Bravia9 75 inch Mini LED QLED 4K Ultra HD Smart TV | 0% IPP | Senheng,"Shop the best Google TV for sale, featuring Sony Bravia9 75 inch Mini LED QLED XR Processor 4K Ultra HD 120Hz Smart TV! Shop here  to enjoy 0% IPP and additional warranties!"
Product,https://www.senheng.com.my/tv/toshiba-65-inch-4k-qled-smart-tv-thb-65z670mp,Shop Toshiba 65-inch 4K QLED Smart TV | 7.5% S-Coin Cashback | Senheng,"Enjoy the best entertainment experience through a QLED TV! Click here to shop Toshiba 65-inch 4K QLED Smart TV, available now with 7.5% S-Coin cashback at Senheng!"
Product,https://www.senheng.com.my/tv/toshiba-65-inch-4k-uhd-google-tv-2024,Shop Toshiba 65 Inch 4K UHD Google TV THB-65C350NP | 0% IPP | Senheng,Get an affordable smart TV in Malaysia to elevate your entertainment experience. Click to purchase Toshiba 65 Inch 4K UHD Google TV THB-65C350NP here with 0% IPP.
Product,https://www.senheng.com.my/tv/toshiba-75-inch-google-uhd-tv-thb-75c350np,TOSHIBA 75 Inch Google UHD TV THB-75C350NP | 7.5% S-Coin Cashback | Senheng,Looking to shop smart TV for sale to enjoy your entertainments? Click here to shop the featured TOSHIBA 75 Inch Google UHD TV THB-75C350NP with cashback at Senheng.
Product,https://www.senheng.com.my/tv/toshiba-85-inch-vidaa-tv-thb-85z870np,Toshiba 85 Inch VIDAA TV THB-85Z870NP | 2-Year Warranty | Senheng,"Shop the best smart TV for sale, featuring Toshiba 85 Inch VIDAA TV THB-85Z870NP here with Senheng! Enjoy additional warranty coverages and 0% IPP while stocks last. Purchase now."
Product,https://www.senheng.com.my/tv/xiaomi-43-inch-a-43-pro-google-tv,Shop Xiaomi 43-Inch A 43 Pro Google TV | 1-Year Warranty | Senheng,"Looking to elevate your entertainment experience? Click here to shop Google TVs for sale, featuring Xiaomi 43-Inch A 43 Pro Google TV with additional warranty! Purchase now."
Product,https://www.senheng.com.my/tv/xiaomi-55-inch-a-55-google-tv,Shop Xiaomi 55-Inch A 55 Google TV | 1-Year Warranty | Senheng,Switch to a Google TV today and enjoy all your favourite entertainment with ease! Click now to shop Xiaomi 55-Inch A 55 Google TV with additional warranty coverage.
Product,https://www.senheng.com.my/tv/xiaomi-55-inch-a-55-pro-google-tv,Shop Xiaomi 55-Inch A 55 Pro Google TV | 0% IPP | 1-Year Warranty | Senheng,Shopping Google TVs for sale? Get the best deals to Xiaomi 55-Inch A 55 Pro Google TV here at the authorised reseller in Malaysia! Shop Senheng and enjoy 0% IPP.
Product,https://www.senheng.com.my/wearables/huawei-watch-fit-4,Purchase HUAWEI Watch Fit 4 | 1-Year Warranty | Senheng,Get all the best smart wearable devices with great deals here! HUAWEI Watch Fit 4 is available here with additional warranty and more! Get yours here as you shop at Senheng now!
Product,https://www.senheng.com.my/cooking/elba-2-burners-glass-stove-eghm8442g-bk,ELBA 2 Burners Glass Stove EGHM8442G(BK) | 1-Year Warranty | Senheng,"Looking to get great deals on cooking appliances online? Senheng now offers ELBA 2 Burners Glass Stove EGHM8442G(BK) and more with additional warranty and great deals, shop now!"
Product,https://www.senheng.com.my/cooking/elba-slim-hood-eshm9098bk,Purchase ELBA Slim Hood ESHM9098BK | 1-Year Warranty | Senheng,"Shop the best deals for cooking appliances online, all available here with Senheng! Click here to shop ELBA Slim Hood ESHM9098BK with the best deals and additional warranty coverage."
Product,https://www.senheng.com.my/cooking/electrolux-90cm-ultimatetaste-300-built-in-gas-hob-with-3-cooking-zones-ehg9331bc,Electrolux 90cm UltimateTaste 300 Built-in Gas Hob | 15% S-Coin Cashback | Senheng,"Get incredible deals on cooking appliances, available here with the largest online store in Malaysia, Senheng! Shop the featured Electrolux 90cm UltimateTaste 300 Built-in Gas Hob here."
Product,https://www.senheng.com.my/cooking/robam-ultra-slim-hood-76h1s-black,Shop ROBAM Ultra Slim Hood 76H1S Black | 15% S-Coin Cashback | Senheng,"Purchase the best cooking appliances online here at the largest online appliance store in Malaysia, Senheng! Click here to browse ROBAM Ultra Slim Hood 76H1S Black with 15% cashback!"
Product,https://www.senheng.com.my/cooking/robam-ultra-slim-hood-76h1s-white,Purchase ROBAM Ultra Slim Hood 76H1S White | 15% S-Coin Cashback | Senheng,"Shop cooking appliances online, and get 15% S-Coin Cashback when you shop the featured ROBAM Ultra Slim Hood 76H1S White here at Senheng online store! Click now to shop."
Product,https://www.senheng.com.my/ovens/robam-56l-built-in-oven-r306,Purchase Robam 56L Built-in Oven R306 | 10% S-Coin Cashback | Senheng,"Purchase a good oven for baking here at Senheng, the authorised reseller in Malaysia. Browse and purchaseRobam 56L Built-in Oven R306 here with 10% S-Coin Cashback! Get now."
Product,https://www.senheng.com.my/ovens/robam-65l-double-cavity-built-in-electric-oven-rq335,Robam 65L Double Cavity Built-in Electric Oven RQ335 | 0% IPP | Senheng,Enjoy 0% IPP and additional warranties when you purchase good ovens for baking here with Senheng online store. Shop the featured Robam 65L Double Cavity Built-in Electric Oven RQ335 here.
Product,https://www.senheng.com.my/refrigerators/hisense-620l-side-by-side-fridge-inverter-hse-rs688n4awpu,Shop Hisense 620L Side-By-Side Fridge Inverter | 15% S-Coin Cashback | Senheng,Shop the best refrigerators for sale paired with 15% S-Coin Cashback when you shop here at Senheng online store! Click here to shop Hisense 620L Side-By-Side Fridge Inverter.
Product,https://www.senheng.com.my/refrigerators/lg-side-by-side-fridge-694l-b257jqyl,LG 694L Side-by-Side Fridge LG-GCB257KQJW | 0% IPP | Senheng,Enjoy shopping the best deals on refrigerators in Malaysia here at Senheng online store! Get details on the featured LG 694L Side-by-Side Fridge LG-GCB257KQJW and shop with 0% IPP!
Product,https://www.senheng.com.my/refrigerators/sharp-461l-2-door-refrigerator-shp-sj5022mds,Shop Sharp 461L 2 Door Refrigerator SHP-SJ5022MDS | 15% S-Coin Cashback | Senheng,"Buy refrigerators in Malaysia with the best deals and additional 15% S-Coin Cashback, all available here with Senheng! Click now to shop Sharp 461L 2 Door Refrigerator SHP-SJ5022MDS!"
Product,https://www.senheng.com.my/refrigerators/toshiba-620l-side-by-side-tsb-grrs696wipmy-06,Toshiba 620L Side-by-Side TSB-GRRS696WIPMY | 15% S-Coin Cashback | Senheng,"Looking to purchase good refrigerators for sale? Click here to shop the featured Toshiba 620L Side-by-Side TSB-GRRS696WIPMY, available with 15% S-Coin Cashback with Senheng!"
Product,https://www.senheng.com.my/vacuum-cleaners/jimmy-h9-pro-cordless-vacuum-cleaner,Shop JIMMY H9 Pro Cordless Vacuum Cleaner | S-Coin Cashback | Senheng,"Introducing JIMMY's most powerful vacuum cleaner, JIMMY H9 Pro Cordless Vacuum Cleaner. Click here to view its amazing features and shop with the best deals offered by Senheng."
Product,https://www.senheng.com.my/vacuum-cleaners/joyoung-180-degree-flat-jy-fw8-floor-washer,Shop Joyoung 180 Degree Flat JY-FW8 Floor Washer | 7.5% S-Coin Cashback | Senheng,Get Joyoung 180 Degree Flat JY-FW8 Floor Washer and many more affordable vacuum cleaners here with Senheng to ease your daily cleanings! Click now to purchase with S-Coin cashback!
Product,https://www.senheng.com.my/vacuum-cleaners/khind-stick-vacuum-cleaner-vc68p,Shop Khind Stick Vacuum Cleaner VC68P | Extra Warranties | Senheng,Remove dust in your housing with the Khind Stick Vacuum Cleaner VC68P! Cleaning now becomes easy when you purchase the vacuum cleaner with Senheng! Shop and enjoy extra warranties!
Product,https://www.senheng.com.my/vacuum-cleaners/lg-cordzero-a9komp-a9k-max-vacuum-cleaner-with-smart-inverter-motor,Shop LG CordZero™ A9Komp A9K-MAX Vacuum Cleaner | Extra Warranties | Senheng,Powerful sunction for a deeper clean! Shop LG CordZero™ A9Komp A9K-MAX Vacuum Cleaner with Smart Inverter Motor here for ease of cleaning. Click here to shop with extra warranties.
Product,https://www.senheng.com.my/vacuum-cleaners/lg-cordzero-a9komp-a9t-core-vacuum-cleaner-with-all-in-one-tower,Shop LG CordZero™ A9Komp A9T-Core Vacuum Cleaner | 10% S-Coin Cashback | Senheng,"Beautiful on the outside, powerful on the inside! LG CordZero™ A9Komp A9T-Core Vacuum Cleaner has all the features needed for a deep cleaning. Click here to shop with casback!"
Product,https://www.senheng.com.my/vacuum-cleaners/lg-cordzero-a9komp-a9t-max-vacuum-cleaner-with-all-in-one-tower,Purchase LG CordZero™ A9Komp A9T-Max Vacuum Cleaner | 0% IPP | Senheng,"Empty the bin with less hassle and scattered dust, offered by LG CordZero™ A9Komp A9T-Max Vacuum Cleaner! Shop Senheng to enjoy 0% IPP on your purchase with warranties."
Product,https://www.senheng.com.my/vacuum-cleaners/lg-cordzero-a9n-a9n-lite-vacuum-cleaner-with-smart-inverter-motor,Shop LG CordZero™ A9N A9N-LITE Vacuum Cleaner | Low Instalment | Senheng,Enjoy complete cleaning with LG CordZero™ A9N A9N-LITE Vacuum Cleaner! Shop now with Senheng to enjoy amazing deals and additional warranty coverages. Click here.
Product,https://www.senheng.com.my/vacuum-cleaners/panasonic-1400w-cocolo-compact-powerful-bagless-vacuum-cleaner-mc-cl305,Panasonic Cocolo Compact & Powerful Bagless Vacuum Cleaner | Warranty | Senheng,Cleaning becomes easy with the Panasonic 1400W Cocolo Compact & Powerful Bagless Vacuum Cleaner. Click to shop Senheng and enjoy additional warranty coverages with your purchase.
Product,https://www.senheng.com.my/vacuum-cleaners/panasonic-1400w-ultra-lightweight-bagless-canister-vacuum-mccl240,Panasonic Ultra-Lightweight Bagless Canister Vacuum | 1-Year Warranty | Senheng,Shop and enjoy the Panasonic Ultra-Lightweight Bagless Canister Vacuum with additional warranty coverages here at the authorised reseller in Malaysia! Click here to shop Senheng.
Product,https://www.senheng.com.my/vacuum-cleaners/panasonic-1600w-cyclone-bagless-canister-vacuum-cleaner-mc-cl601av47,Panasonic Cyclone Bagless Canister Vacuum Cleaner | 7.5% S-Coin Cashback | Senheng,Panasonic 1600W Cyclone Bagless Canister Vacuum Cleaner captures invisible dust particles to ensure only clean air in the exhaust. Click here to shop the model with cashback prizes!
Product,https://www.senheng.com.my/vacuum-cleaners/panasonic-1800w-cyclone-bagless-canister-vacuum-cleaner-mc-cl603gv47,Panasonic Cyclone Bagless Canister Vacuum Cleaner | 7.5% S-Coin Cashback | Senheng,Enjoy ease of cleaning with Panasonic 1800W Cyclone Bagless Canister Vacuum Cleaner! Shop with Senheng to enjoy all the best deals with S-Coin Cashback! Click here.
Product,https://www.senheng.com.my/vacuum-cleaners/panasonic-premium-vacuum-cleaner-mc-cl605kv47,Purchase Panasonic Premium Vacuum Cleaner | 7.5% S-Coin Cashback | Senheng,"Shopping for eco friendly vacuum cleaners? Browse Panasonic Premium Vacuum Cleaner, available here with amazing deals and 7.5% S-Coin Cashback! Shop great deals with Senheng."
Product,https://www.senheng.com.my/vacuum-cleaners/panasonic-vacuum-bag,Purchase Panasonic Vacuum Bag | 1-Year Warranty | Senheng,Shop Panasonic Vacuum Bag here at the authorised reseller in Malaysia! Shopping with Senheng means you enjoy the best deals with warranty coverages on us! Click here to shop.
Product,https://www.senheng.com.my/vacuum-cleaners/philips-powerpro-compact-bagless-vacuum-cleaner-with-powercyclone-5-fc9350,Philips PowerPro Compact Bagless Vacuum Cleaner | 15% S-Coin Cashback | Senheng,"Shopping for great bagless vacuum cleaner prices? Click here to shop Philips PowerPro Compact Bagless Vacuum Cleaner, available with 15%S-Coin Cashback at Senheng!"
Product,https://www.senheng.com.my/vacuum-cleaners/samsung-150w-jet-65-pet-digital-inverter-motor-teal-silver-pet-tool-vacuum-cleaner-vs15a60agr5-me,Samsung 65 Pet Digital Inverter Motor Pet Tool Vacuum Cleaner | 0% IPP | Senheng,"Shop handheld vacuum in Malaysia, featuring Samsung 150W Jet™ 65 Pet Digital Inverter Motor (Teal Silver) Pet Tool, vacuum cleaner at Senheng! Click now to shop with 0% IPP."
Product,https://www.senheng.com.my/vacuum-cleaners/samsung-200w-jet-75e-multi-digital-inverter-motor-teal-violet,Samsung 200W Jet™ 75E Multi Digital Inverter Motor | 1-Year Warranty | Senheng,Get your vacuum cleaner here with Senheng and enjoy amazing coverages on us! Shop Samsung 200W Jet™ 75E Multi Digital Inverter Motor and enjoy ease of house chores!
Product,https://www.senheng.com.my/vacuum-cleaners/samsung-370w-canister-bagless-with-anti-tangle-turbine-vacuum-cleaner-vc18m31a0hp,Samsung 370W Canister Bagless Anti-Tangle Turbine Vacuum Cleaner | Warranty | Senheng,Shop great bagless vacuum cleaner price here at the authorised reseller in Malaysia! Shop Samsung 370W Canister Bagless with Anti-Tangle Turbine Vacuum Cleaner and enjoy warranties.
Product,https://www.senheng.com.my/vacuum-cleaners/samsung-bespoke-jet-bot-combo-steam-all-in-one-clean-station-steam-with-steam-sanitization,Shop Samsung Bespoke Jet Bot Combo™ Steam | 1-Year Warranty | 0% IPP | Senheng,"Looking for robot vacuum on sale in Malaysia? Click here to shop Samsung Bespoke Jet Bot Combo™ Steam, available at Senheng with additional warranties! Shop now while stocks last."
Product,https://www.senheng.com.my/vacuum-cleaners/sharp-1600w-bagless-vacuum-cleaner-ecns16r,Shop Sharp 1600W Bagless Vacuum Cleaner ECNS16R  | Warranty | Senheng,Shop for eco-friendly vacuum cleaners here at the largest online appliance store in Malaysia! Senheng offers Sharp 1600W Bagless Vacuum Cleaner ECNS16R with warranty! Click here.
Product,https://www.senheng.com.my/vacuum-cleaners/sharp-2200w-bagless-vacuum-cleaner-ecc2219n,Shop Sharp 2200W Bagless Vacuum Cleaner ECC2219N | 1-Year Warranty | Senheng,"Shop great bagless vacuum cleaner prices here at the authorised reseller in Malaysia, Senheng! Shop Sharp 2200W Bagless Vacuum Cleaner ECC2219N and get additional warranties."
Product,https://www.senheng.com.my/vacuum-cleaners/tesvor-a1-robot-vacuum-cleaner,Shop Tesvor A1 Robot Vacuum Cleaner | 1-Year Warranty | Senheng,"Enjoy ease of cleaning as you shop robot vacuums for sale here at the authorised reseller, Senheng! Click now to shop Tesvor A1 Robot Vacuum Cleaner with warranties."
Product,https://www.senheng.com.my/vacuum-cleaners/tesvor-m1-pro-robot-vacuum-cleaner,Purchase Tesvor M1 Pro Robot Vacuum Cleaner | 0% IPP | Senheng,"Shop the best deals to robot vacuums here at the largest online appliance store in Malaysia, Senheng! Click here to purchase Tesvor M1 Pro Robot Vacuum Cleaner with 0% IPP."
Product,https://www.senheng.com.my/vacuum-cleaners/tesvor-s6-turbo-robot-vacuum-cleaner,Purchase Tesvor S6 Turbo Robot Vacuum Cleaner | 1-Year Warranty | Senheng,Shop robot vacuum cleaners with the best deals and coverages here at Senheng! The largest online appliance store is offering Tesvor S6 Turbo Robot Vacuum Cleaner now! Click to shop.
Product,https://www.senheng.com.my/vacuum-cleaners/tesvor-x500-pro-robot-vacuum-cleaner-tes-x500pro,Shop Tesvor X500 Pro Robot Vacuum Cleaner TES-X500PRO | 0% IPP | Senheng,"Get great deals to robot vacuum for sale here at Senheng, the largest online appliance store in Malaysia! Shop Tesvor X500 Pro Robot Vacuum Cleaner TES-X500PRO with 0% IPP."
Product,https://www.senheng.com.my/vacuum-cleaners/xiaomi-robot-vacuum-with-4000pa-powerful-suction-fan-blower-intelligent-path-planning-e10-eu-vacuum-cleaner,Shop Xiaomi Robot Vacuum with 4000Pa | 1-Year Warranty | Senheng,"Shopping robot vacuum for sale? Shop Senheng now, featuring Xiaomi Robot Vacuum with 4000Pa, and enjoy additional warranty coverages with us! Click here to shop!"
Product,https://www.senheng.com.my/vacuum-cleaners/xiaomi-robot-vacuum-x20,Purchase Xiaomi Robot Vacuum X20 | 0% IPP | Warranty | Senheng,"Enjoy shopping for the best collection of robot vacuum here at the authorised reseller in Malaysia, Senheng! Click here to purchase Xiaomi Robot Vacuum X20 with 0% IPP."
Product,https://www.senheng.com.my/vacuum-cleaners/xiaomi-w10-ultra-wet-dry-vacuum-white-xmi-wetdry-vcm-w10ul,Shop Xiaomi W10 Ultra Wet Dry Vacuum | 0% IPP | 1-Year Warranty | Senheng,"Shop the best handheld vacuum cleaner price here at the largest online appliance store, Senheng! Click now to shop Xiaomi W10 Ultra Wet Dry Vacuum with warranties."
Product,https://www.senheng.com.my/water-heaters/haier-instant-water-heater-hai-ei42efp3b-my,Shop Haier Instant Water Heater HAI-EI42EFP3B | Extra Warranties | Senheng,Shower with full enjoyment with the Haier Instant Water Heater HAI-EI42EFP3B. Click here to shop with exclusive deals and extra warranties only at Senheng. Browse here.
Product,https://www.senheng.com.my/water-heaters/haier-water-heater-hai-ei39hp1m-w,Purchase Haier Water Heater HAI-EI39HP1M | Warranties | Senheng,Enjoy a nice shower with the Haier Water Heater HAI-EI39HP1M. Click here to shop water heaters and many more appliances with warranties coverages. Shop while deals last.
Product,https://www.senheng.com.my/water-heaters/panasonic-home-shower-jet-pump-dh-3ndp1msr,Purchase Panasonic Home Shower (Jet Pump) | 15% S-Coin Cashback | Senheng,"Enjoy a nice shower with quality water heater with pump! Shop the featured Panasonic Home Shower (Jet Pump), available here with 15% S-Coin Cashback at Senheng."
Product,https://www.senheng.com.my/water-heaters/panasonic-home-shower-jet-pump-water-heater-dh3np2msr,Shop Panasonic Home Shower (Jet Pump) Water Heater | 1 Year Warranty | Senheng,"Get great water heater pump in Malaysia with Senheng! Enjoy the additional warranties to your purchases, such as Panasonic Home Shower (Jet Pump) Water Heater! Click to shop."
Product,https://www.senheng.com.my/water-heaters/panasonic-jet-pump-water-heater-m-series-home-shower-dh-3mp2,Shop Panasonic Jet Pump Water Heater M Series Home Shower | Warranty | Senheng,"Shop for the best water heater pump in Malaysia at Senheng! Shop the featured Panasonic Jet Pump Water Heater M Series Home Shower, available with additional warranty."
Product,https://www.senheng.com.my/water-heaters/panasonic-non-jet-pump-u-series-water-heater-dh3us1ms,Shop Panasonic Non Jet Pump U Series Water Heater | 1-Year Warranty | Senheng,Get Panasonic Non Jet Pump U Series Water Heater and enjoy relaxation from amazing showers instantly! Shop Senheng and enjoy warranties to you purchases today! Click here to shop.
Product,https://www.senheng.com.my/water-heaters/panasonic-non-jet-pump-water-heater-m-series-home-shower-dh-3ms1,Panasonic Non-Jet Pump Water Heater M Series Home Shower | Warranty | Senheng,Looking to install a water heater with amazing deals and coverages? Click here to view Panasonic Non-Jet Pump Water Heater M Series Home Shower! Shop Senheng and enjoy warranties.
Product,https://www.senheng.com.my/water-heaters/panasonic-u-series-jet-pump-water-heater-dh-3up1mw,Shop Panasonic U Series Jet Pump Water Heater | 15% S-Coin Cashback | Senheng,Get a new water heater pump in Malaysia with S-Coin Cashback and many more amazing deals here with Senheng! Shop Panasonic U Series Jet Pump Water Heater as you click here!
Product,https://www.senheng.com.my/water-heaters/panasonic-v-series-jet-pump-water-heater-dh-3vp1mw,Purchase Panasonic V Series Jet Pump Water Heater | 1-Year Warranty | Senheng,Panasonic V Series Jet Pump Water Heater protects against fire & electrical hazards with 9 safety features! Get the water heater with pump here and enjoy additional warranty!
Product,https://www.senheng.com.my/water-heaters/rheem-rh188-electric-instant-water-heater-rhm-rh188-non-pump,Shop Rheem RH188 Electric Instant Water Heater | 10% S-Coin Cashback | Senheng,Get a water heater for a better enjoyment of showers! Rheem RH188 Electric Instant Water Heater is available here with 10% S-Coin Cashback! Shop now with Senheng.
Product,https://www.senheng.com.my/water-heaters/rheem-rh688epi-electric-instant-water-heater-with-dc-pump-rhm-rh688epi,Rheem RH688EPI Electric Instant Water Heater with DC Pump | Warranty | Senheng,Install a water heater with pump here at the largest online appliance store in Malaysia! Shop Rheem RH688EPI Electric Instant Water Heater with DC Pump and enjoy warranties!
Product,https://www.senheng.com.my/water-heaters/rubine-cetus-rwh-ce521d,Purchase Rubine Cetus RWH-CE521D | 7.5% S-Coin Cashback | Senheng,"Shop and install water heater with rain shower here at the largest online appliance store in Malaysia! Shop Rubine Cetus RWH-CE521D, available with 7.5% S-Coin Cashback now!"
Product,https://www.senheng.com.my/water-heaters/rubine-water-heater-non-pump-rub-rwhc500nmasb,Shop Rubine Water Heater Non-Pump RUB-RWHC500NMASB | 5% S-Coin Cashback | Senheng,Shop Rubine Water Heater Non-Pump RUB-RWHC500NMASB here at the authorised reseller in Malaysia and enjoy 5% S-Coin Cashback! Shop Senheng to enjoy the best deals and services.
Product,https://www.senheng.com.my/water-heaters/toshiba-dc-pump-water-heater-dsk38s3mw,Purchase Toshiba DC Pump Water Heater DSK38S3MW | 1-Year Warranty | Senheng,"Get a high-quality water heater with pump to enjoy your showers! Click here to shop Toshiba DC Pump Water Heater DSK38S3MW, available with warranties at Senheng."
Product,https://www.senheng.com.my/water-heaters/toshiba-instant-electric-water-heater-non-pump-dsk38s5mw,Toshiba Instant Electric Water Heater (Non-Pump) | 1-Year Warranty | Senheng,"Enjoy the best deals and services when you shop at the largest online appliance store, Senheng! Click now and shop Toshiba Instant Electric Water Heater (Non-Pump) with Senheng!"
Product,https://www.senheng.com.my/water-heaters/toshiba-instant-electric-water-heater-with-pump-rain-shower-dsk38es3mbrs,Toshiba Instant Electric Water Heater with Pump + Rain Showers | Warranties | Senheng,"Click here to shop exclusive water heater pump in Malaysia, available at Senheng! Shop Toshiba Instant Electric Water Heater with Pump and get additional warranty coverages."
Product,https://www.senheng.com.my/water-system/lg-puricare-slim-stand-water-purifier-ws410gn-with-tankless-cold-water-big-hot-water-capacity-white-2-year-regular-visit,Shop LG PuriCare Slim Stand Water Purifier | Low Instalment | 0% IPP | Senheng,"LG PuriCare™ Slim Stand Water Purifier offers drinking water by using direct filtration! Without the limitations of water tanks, enjoy clean water paired with amazing deals here!"
Product,https://www.senheng.com.my/water-system/lg-puricare-tankless-water-purifier-wd518an-with-4-stage-filtration-hot-cold-ambient-water,Shop LG Puricare Tankless Water Purifier | Low Instalment | Senheng,Hygiene built in for maximum convenience! LG Puricare Tankless Water Purifier allows you to enjoy clean water every day! Click here to shop Senheng and enjoy low instalments!
Product,https://www.senheng.com.my/water-system/lg-puricare-tankless-water-purifier-with-4-stage-filtration-hot-cold-ambient-silver,LG PuriCare Tankless Water Purifier with 4-Stage Filtration | 0% IPP | Senheng,Shop for LG PuriCare™ Tankless Water Purifier with 4-Stage Filtration here with the authorised reseller in Malaysia! Click here to enjoy additional warranties with your purchase!
Product,https://www.senheng.com.my/water-system/midea-portable-faucet-water-purifier-mc122,Purchase Midea Portable Faucet Water Purifier | Self-Collect Available | Senheng,"Shop and pick up the Midea Portable Faucet Water Purifier here at the authorised reseller in Malaysia. Shop now, and enjoy all the best deals and services with Senheng. Browse now."
Product,https://www.senheng.com.my/water-system/panasonic-counter-top-water-purifier-white-gray,Purchase Panasonic Counter Top Water Purifier | Extra Warranties | Senheng,"Searching for a water purifier? Click here to shop Panasonic Counter Top Water Purifier, available with additional warranty coverages only at Senheng! Shop now while stocks last!"
Product,https://www.senheng.com.my/water-system/panasonic-on-tap-water-purifier-tkcj300,Shop Panasonic On Tap Water Purifier | 1-Year Warranty | Senheng,Get a trusted water purifier to install in your designated area today! Shop the Panasonic On Tap Water Purifier here with Senheng and get 1 year warranty on us! Click here.
Product,https://www.senheng.com.my/water-system/panasonic-on-tap-water-purifier-tkcj600,Purchase Panasonic On Tap Water Purifier TKCJ600 | 1-Year Warranty | Senheng,"Finding a water purifier online shop? Check out the largest online appliance store in Malaysia, offering you the Panasonic On Tap Water Purifier TKCJ600 with warranties!"
Product,https://www.senheng.com.my/water-system/panasonic-replacement-filter-cartridge-p5jrc,Purchase Panasonic Replacement Filter Cartridge | Limited Sale | Senheng,Purchase the limited time water filter cartridge price in Malaysia here at the authorised reseller! Get the best deals for Panasonic Replacement Filter Cartridge with Senheng!
Product,https://www.senheng.com.my/water-system/panasonic-ultra-filtration-alkaline-ionizer-water-purifier-tk-as700,Panasonic Ultra Filtration Alkaline Ionizer Water Purifier | 0% IPP | Senheng,Safe with stable pH! Panasonic Ultra Filtration Alkaline Ionizer Water Purifier is the perfect choice for you. Get yours today with 0% IPP as you shop with Senheng!
Product,https://www.senheng.com.my/water-system/panasonic-water-filter-catridge-psn-tkas65c1,Shop Panasonic Water Filter Catridge | 1-Year Warranty | Senheng,Get the Panasonic Water Filter Catridge here at the largest online appliance store in Malaysia! Get your water filter replacement here with additional warranty at Senheng!
Product,https://www.senheng.com.my/water-system/panasonic-water-purifier-cartridge-for-tkas40-psn-tk7505c1zex,Panasonic Water Purifier Cartridge for TKAS40 | Additional Warranty | Senheng,Shop Panasonic Water Purifier Cartridge for TKAS40 here at the authorised reseller in Malaysia! Get the best water purifier deals here and enjoy additional warranties!
Product,https://www.senheng.com.my/wearables/google-pixel-buds-pro-2,Purchase Google Pixel Buds Pro 2 | Extra Warranties | Low Instalment | Senheng,Looking to purchase a new pair of earphones? Check out Google Pixel Buds Pro 2 here with amazing deals and warranty available. Try out the model when you shop here with Senheng.
Product,https://www.senheng.com.my/wearables/google-pixel-watch-3,Shop Google Pixel Watch 3 | 1-To-1 Replacement | Low Instalment | Senheng,The Google Pixel Watch 3 stands out as one of the best smart watches with its large and actua display. Try the amazing watch as you shop amazing deals with warranty coverages here.
Product,https://www.senheng.com.my/wearables/huawei-watch-gt-5,Purchase HUAWEI Watch GT 5 | 1-Year Warranty | 0% IPP | Senheng,"Add a smart band to your watch collection today, as you shop HUAWEI Watch GT 5 here at the authorised reseller in Malaysia! Click now to shop with amazing deals and warranty."
Product,https://www.senheng.com.my/wearables/huawei-watch-gt5-pro-46mm,Purchase HUAWEI Watch GT5 Pro 46mm | 1-Year Warranty | Senheng,"HUAWEI Watch GT5 Pro 46mm is now available for purchase here at the authorised reseller in Malaysia, Senheng! Click here to view its amazing features and get warranty coverage."
Product,https://www.senheng.com.my/wearables/riversong-motive-2c-smart-sports-watch,Shop Riversong Motive 2C Smart Sports Watch | 1-Year Warranty | Senheng,"Looking to shop smart watches? Click here to shop Riversong Motive 2C Smart Sports Watch, available now with the largest online appliance store, Senheng! Shop now with warranty."
Product,https://www.senheng.com.my/wearables/samsung-galaxy-watch6-classic-43mm-47mm,Samsung Galaxy Watch6 Classic (43mm/47mm) | 1-Year Warranty | Senheng,"Enjoy shopping the best deals on Galaxy smart watches, featuring Samsung Galaxy Watch6 Classic (43mm/47mm) here with Senheng! Click now to shop with warranties."
Product,https://www.senheng.com.my/air-quality/jisulife-fa53-pro-handheld-fan-mixed-color,Purchase JISULIFE FA53 Pro Handheld Fan | 1-Year Warranty | Senheng,JISULIFE FA53 Pro Handheld Fan is the featured air coolers we recommend you to get this summer! Check out the product here at Senheng and buy with additional warranty coverage!
Product,https://www.senheng.com.my/food-preparation/panasonic-all-in-one-cooking-blender-psn-mxhg6401ksk,Shop Panasonic All In One Cooking Blender | 15% S-Coin Cashback | Senheng,"Get all your needed food preperation appliances at the largest online appliance store in Malaysia, Senheng! Click now to shop Panasonic All In One Cooking Blender with cashback!"
Product,https://www.senheng.com.my/laptops/asus-vivobook-16-a1605v,Purchase ASUS Vivobook 16 | 5% S-Coin Cashback | 2-Year Warranty | Senheng,"Shop the best laptop deals in Malaysia here at Senheng online store today! Click here to check out the featured ASUS Vivobook 16, available now with 5% S-Coin Cashback and warranty."
Product,https://www.senheng.com.my/laundry/electrolux-8kg-front-load-washer-inverter-ele-ewf8024d3wc,Shop Electrolux 8KG Front Load Washer Inverter | 15% S-Coin Cashback | Senheng,"Buy laundry machines from your favourite brands, paired with S-Coin cashback and additional warranty coverage at Senheng online store. Shop Electrolux 8KG Front Load Washer Inverter."
Product,https://www.senheng.com.my/laundry/samsung-19kg-bespoke-ai-laundry-top-load-washer-ai-wash-sam-wa80f19b9bfq,Samsung 19kg Bespoke AI™ Laundry Top-load Washer-AI Wash | 0% IPP | Senheng,Shop the best deals on laundry machines here with additional warranties and 0% IPP purchasing benefits! Get the Samsung 19kg Bespoke AI™ Laundry Top-load Washer-AI Wash with Senheng.
Product,https://www.senheng.com.my/mosquito-killers/cento-mosquito-killer-ct-820ae,Purchase Cento Mosquito Killer CT-820AE | 5% S-Coin Cashback | Senheng,"Looking to purchase a mosquito killer? Enjoy great deals on the featured Cento Mosquito Killer CT-820AE, now available with 5% S-Coin cashback at Senheng! Shop now."
Product,https://www.senheng.com.my/air-quality/alpha-motto-desk-fan-dt360-g2,Purchase Alpha Motto Desk Fan DT360 G2 | 5% S-Coin Cashback | Senheng,"Shop the best air cooler products to combat the hot weather, right here at the largest online appliance store Senheng! Shop Alpha Motto Desk Fan DT360 G2 here with 5% S-Coin Cashback!"
Product,https://www.senheng.com.my/air-quality/alpha-prima-motor-ceiling-fan-alp-prima-b,Shop Alpha PRIMA Motor Ceiling Fan ALP-PRIMA.B | 5% S-Coin Cashback | Senheng,"The best smart home appliances are all here at the largest online appliance store in Malaysia, Senheng! Click here to shop Alpha PRIMA Motor Ceiling Fan ALP-PRIMA.B with cashback!"
Product,https://www.senheng.com.my/air-quality/haier-2-0hp-inverter-air-conditioner-hai-hs19vsc03-s,Haier 2.0HP Inverter Air Conditioner HAI-HS19VSC03 | 15% S-Coin Cashback | Senheng,Shopping for a new air conditioner to elevate cool breeze in your area? The featured Haier 2.0HP Inverter Air Conditioner HAI-HS19VSC03 is now available with 15% cashback at Senheng!
Product,https://www.senheng.com.my/air-quality/midea-1-0hp-air-conditioner-msai10crfn8,Purchase Midea 1.0HP Air Conditioner MSAI10CRFN8 | 7.5% S-Coin Cashback | Senheng,"Looking to install a new air conditioner that offers better qualities? Click here to check out the Midea 1.0HP Air Conditioner MSAI10CRFN8, available here with 7.5% S-Coin Cashback!"
Product,https://www.senheng.com.my/air-quality/panasonic-10-wall-mount-ventilation-fan-fv-25aum7,"Purchase Panasonic 10"" WALL MOUNT VENTILATION FAN | 1-Year Warranty | Senheng","Get the Panasonic 10"" WALL MOUNT VENTILATION FAN and all your needs here at the largest online appliance store in Malaysia, Senheng! Shop air quality products now and enjoy warranty."
Product,https://www.senheng.com.my/air-quality/panasonic-ceiling-fan-56-psn-fm14cfvbhh,Purchase Panasonic Ceiling Fan 56” | 1-Year Warranty | Senheng,"Shop and install fans with ease here at the largest online appliance store in Malaysia, Senheng! Shop the Panasonic Ceiling Fan 56” here and enjoy additional warranty coverages."
Product,https://www.senheng.com.my/air-quality/panasonic-wall-fan-16-blade-psn-fmu44r,"Purchase Panasonic Wall Fan 16"" Blade | 1-Year Warranty | Senheng","Shop the best air coolers to install in your home, all here with the largest online appliance store, Senheng! Click now to shop the Panasonic Wall Fan 16"" Blade with warranties."
Product,https://www.senheng.com.my/air-quality/philips,Philips Table Fan 3000 Series PLP-CX3050/10 | 5% S-Coin Cashback | Senheng,"Shop table fans to keep you cool anytime! Shop the featured Philips Table Fan 3000 Series PLP-CX3050/10, available now with 5% S-Coin Cashback only at Senheng online store!"
Product,https://www.senheng.com.my/laundry/haier-24kg-16kg-washer-dryer-hai-hwd240bd12lgnu1,Shop Haier 24KG/16KG Washer Dryer | 15% S-Coin Cashback | 0% IPP | Senheng,Finding a trusted laundry machine store to purchase the right appliances for you? Click here to shop Haier 24KG/16KG Washer Dryer at Senheng and enjoy 15% S-Coin Cashback.
Product,https://www.senheng.com.my/laundry/haier-7kg-top-load-washer-hai-hwm701269s5,Shop Haier 7KG Top Load Washer | 3% S-Coin Cashback | Senheng,"Shop the fullest collection of laundry machine for sale, all here at the authorised reseller Senheng! Purchase the featured Haier 7KG TOP LOAD WASHER now and enjoy cashback!"
Product,https://www.senheng.com.my/laundry/lg-9kg-front-load-washing-machine-lg-fb1209s6m,Shop LG 9KG Front Load Washing Machine | 2-Year Warranty | Senheng,"Looking to get the best laundry machine prices in Malaysia online? Check out the featured LG 9KG Front Load Washing Machine here at Senheng online store, available with warranties now!"
Product,https://www.senheng.com.my/laundry/midea-10-5kg-top-load-washer-mid-ma102w105,Purchase MIDEA 10.5KG Top Load Washer | 2-Year Warranty | Senheng,"Looking to purchase laundry machines for sale from your trusted brands? Check out the MIDEA 10.5KG Top Load Washer, available at Senheng online store with warranties."
Product,https://www.senheng.com.my/laundry/panasonic-10-5-kg-3-inverter-heat-pump-tumble-dryer-psn-nhxv21x1a,Shop Panasonic 10.5 kg 3 Inverter Heat Pump Tumble Dryer | 0% IPP | Senheng,Shoping for the best laundry machines prices in Malaysia? Click here to check out and get the featured Panasonic 10.5 kg 3 Inverter Heat Pump Tumble Dryer with Senheng! Shop now.
Product,https://www.senheng.com.my/laundry/panasonic-13kg-front-load-washing-machine-purified-water-hygiene-care-psn-na26cvx1a,Purchase Panasonic 13kg Front Load Washing Machine | 0% IPP | Senheng,"Buy laundry machines for sale with 0% IPP and additional warranty coverage, exclusively here at Senheng online store. Shop the Panasonic 13kg Front Load Washing Machine here!"
Product,https://www.senheng.com.my/laundry/panasonic-8-kg-hygiene-care-front-load-washing-machine-na-16jf1wmy,Shop Panasonic 8 kg Hygiene Care Front Load Washing Machine | 0% IPP | Senheng,"Shopping for a new laundry machine? Click here to shop the featured Panasonic 8 kg Hygiene Care Front Load Washing Machine, available now with 0% IPP at Senheng online store!"
Product,https://www.senheng.com.my/laundry/samsung-10kg-bespoke-ai-laundry-front-load-dryer-heat-pump-technology,Samsung 10kg Bespoke AI Laundry Front Load Dryer | 1-Year Warranty | Senheng,"Samsung 10kg Bespoke AI Laundry Front Load Dryer, a featured laundry machine for sale in Malaysia here at the largest online appliance store Senheng! Click now to shop with 0% IPP."
Product,https://www.senheng.com.my/laundry/toshiba-13kg-8kg-washer-dryer-inverter-tsb-twdt21bu140uwm-mg,Purchase Toshiba 13KG/8KG Washer Dryer Inverter | 15% S-Coin Cashback | Senheng,"Switch to the latest laundry machines available in Malaysia, right here with Senheng online store! Click here to shop Toshiba 13KG/8KG Washer Dryer Inverter with 15% S-Coin Cashback!"
Product,https://www.senheng.com.my/laundry/toshiba-7kg-front-load-washer-tsb-twt21bu80uwm-mg,Shop Toshiba 7KG Front Load Washer | 2-Year Warranty | Senheng,"Shop the best laundry machine prices in Malaysia, available with warranty coverages here at Senheng online store! Click now to shop Toshiba 7KG Front Load Washer."
Product,https://www.senheng.com.my/laundry/toshiba-8-0kg-heat-pump-tumbler-dryer-tsb-tdt37bs90hwm-wt,Purchase Toshiba 8.0kg Heat Pump Tumbler Dryer | 15% S-Coin Cashback | Senheng,Shop the best collection of laundry machines for sale here at Senheng online store today! Click here to browse the featured Toshiba 8.0kg Heat Pump Tumbler Dryer with cashback!
Product,https://www.senheng.com.my/vacuum-cleaners/midea-floor-washer-mid-mvcgx5pro,Shop Midea Floor Washer MID-MVCGX5PRO | 7.5% S-Coin Cashback | Senheng,"Get the most affordable vacuum cleaner price in Malaysia, featuring the Midea Floor Washer MID-MVCGX5PRO here with Senheng online store! Shop now and enjoy 7.5% S-Coin cashback!"
Product,https://www.senheng.com.my/vacuum-cleaners/philips-1200w-series-1000-bagless-vacuum-cleaner-plp-xb1042,Philips 1200W Series 1000 Bagless Vacuum Cleaner | 50% S-Coin Cashback | Senheng,"Shopping for affordable vacuum cleaners in Malaysia? Click here to shop the Philips 1200W Series 1000 Bagless Vacuum Cleaner, available now with cashback at Senheng online store!"
Product,https://www.senheng.com.my/vacuum-cleaners/samsung-vacuum-cleaner-380w-canister-bagless,Shop Samsung Vacuum Cleaner 380W Canister Bagless | 2-Year Warranty | Senheng,Get affordable vacuum cleaners for home use right here at Senheng online store! Shop the featured Samsung Vacuum Cleaner 380W Canister Bagless now and enjoy additional warranties.
Product,https://www.senheng.com.my/water-heaters/panasonic-water-heater-home-shower-psn-dh3ud1mz,Purchase Panasonic Water Heater Home Shower | 1-Year Warranty | Senheng,"Enjoy everyday showers with the best instant water heaters in Malaysia, right here at Senheng online store. Click to shop Panasonic Water Heater Home Shower with additional warranties."
Product,https://www.senheng.com.my/audio/samsung-3-1-2ch-dolby-atmos-soundbar-with-subwoofer-sam-hwq600f,Samsung 3.1.2CH Dolby Atmos Soundbar with Subwoofer | 7.5% S-Coin Cashback | Senheng,"Elevate your entertainment expeirence with the best home audio system, available here with Senheng! Click to shop Samsung 3.1.2CH Dolby Atmos Soundbar with Subwoofer with cashback."
Product,https://www.senheng.com.my/audio/samsung-9-1-4ch-q-series-soundbar-subwoofer-rear-speaker-sam-hwq930f,Samsung 9.1.4ch Q-series Soundbar Subwoofer & Rear Speaker | 0% IPP | Senheng,"Enjoy your entertainment by purchasing amazing home audio systems at Senheng online store. Click here to shop Samsung 9.1.4ch Q-series Soundbar, Subwoofer & Rear Speaker."
Product,https://www.senheng.com.my/mobile-accessories/google-pixel-9-9-pro-9-pro-xl-cases,Purchase Google Pixel P9 / P9 Pro Case | Low Instalments | Senheng,"Get the most reliable mobile accessories that fit your needs, all here at the largest online appliance store Senheng! Shop the Google Pixel P9 / P9 Pro Case with low instalments."
Product,https://www.senheng.com.my/mobile-accessories/google-pixel-9-pro-xl-case,Purchase Google Pixel 9 Pro XL Case | Low Instalments | Senheng,"Get great deals from a reliable mobile accessories shop, featuring Google Pixel 9 Pro XL Case with Senheng! Check out the authorised online store to get the best deals and service."
Product,https://www.senheng.com.my/mobile-phones/google-pixel-9a,Purchase Google Pixel 9a | 3% S-Coin Cashback | 2-Year Warranty | Senheng,"Meet the built in AI assistant, Gemini! Click here to check out and purchase Google Pixel 9a, available now with many more good affordable phoens at Senheng! Get the model now!"
Product,https://www.senheng.com.my/mobile-phones/iqoo-neo10-16-512gb-gold,Purchase iQOO Neo 10 (16+512GB) Gold | 2-Years Warranty | Senheng,"Get the best deals on mobile phones here at the authorised reseller in Malaysia, Senheng! iQOO Neo 10 (16+512GB) Gold is now available with warranty coverages, get yours here."
Product,https://www.senheng.com.my/mobile-phones/oppo-reno10-pro-5g-12gb-256gb,Purchase OPPO Reno10 Pro+ 5G (12GB + 256GB) | 1-Year Warranty | Senheng,"Looking to purchase good affordable phones online from a trusted reseller? Senheng now offers OPPO Reno10 Pro+ 5G (12GB + 256GB), available with warranty coverages now!"
Product,https://www.senheng.com.my/mobile-phones/samsung-galaxy-s24-5g-ai-smartphone,Shop Samsung Galaxy S24 5G AI Smartphone | 1-Year Warranty | Senheng,"Looking to purchase good affordable phones online from a trusted reseller? Senheng now offers Samsung Galaxy S24 5G AI Smartphone, available with warranty coverages now!"
Product,https://www.senheng.com.my/smart-home-appliances/deka-dx56-mb-ceiling-fan-56,Purchase DEKA DX56 MB Ceiling Fan | 1-Year Warranty | Senheng,"Get the best smart home appliances from famous brands here at the largest online appliance store, Senheng! Click now to purchase DEKA DX56 MB Ceiling Fan now with warranty!"
Product,https://www.senheng.com.my/tablets/honor-pad-10,Purchase Honor Pad 10 (16GB + 256GB) | 0% IPP | 1-Year Warranty | Senheng,"Get the latest and greatest tablet in Malaysia here at the aurthorised reseller, Senheng! Click here to view and purchase Honor Pad 10 (16GB + 256GB) with 0% IPP and warranties."
Product,https://www.senheng.com.my/tv/hisense-50-4k-qled-tv-q6n,"Purchase Hisense 50"" 4K QLED TV Q6N | 3-Year Warranty | Senheng","Get the best smart TV for sale in Malaysia, featuring the Hisense 50"" 4K QLED TV Q6N here at Senheng online store! Click here to get the best deals, including 3 year warranty coverage!"
Product,https://www.senheng.com.my/tv/lg-65-inch-4k-uhd-ai-tv-ua84-hdr10,Shop LG 65 Inch 4K UHD AI TV UA84 HDR10 | 15% S-Coin Cashback | Senheng,Browsing online for the best affordable smart TVs in Malaysia? Senheng gives you the best deals and cashback on LG 65 Inch 4K UHD AI TV UA84 HDR10! Click here to shop!
Product,https://www.senheng.com.my/tv/lg-oled-ai-tv-b4-65-inch-120hz-dolby-vision-hdr10-4k-uhd-2024,LG OLED AI TV B4 65 inch 120Hz Dolby Vision & HDR10 4K UHD | 0% IPP | Senheng,View the collection of affordable smart TV in Malaysia here at Senheng online store! Click here to shop LG OLED AI TV B4 65 inch 120Hz Dolby Vision & HDR10 4K UHD!
Product,https://www.senheng.com.my/tv/samsung-43-crystal-uhd-4k-smart-tv-2024-sam-ua43du7000,"Purchase Samsung 43"" Crystal UHD 4K Smart TV (2024) | 2-Year Warranty | Senheng","Click here to view the featured Samsung 43"" Crystal UHD 4K Smart TV (2024), and purchase with warranty coverages at Senheng online store! Shop now and enjoy better entertainment."
Product,https://www.senheng.com.my/tv/samsung-55-inch-qled-4k-tv-sam-qa55q65da,Shop SAMSUNG 55 Inch QLED 4K TV SAM-QA55Q65DA | 1-Year Warranty | Senheng,"Looking to switch up to a better QLED TV? Click here to shop SAMSUNG 55 Inch QLED 4K TV SAM-QA55Q65DA, featured at Senheng online store with additional warranty coverage!"
Product,https://www.senheng.com.my/tv/samsung-65-crystal-uhd-u8500f-4k-smart-tv-sam-ua65u8500f,"Shop Samsung 65"" Crystal UHD U8500F 4K Smart TV | 7.5% S-Coin Cashback | Senheng","Switch up your TV in Malaysia for a better entertainment experience here with Senheng online store! Click now to purchase Samsung 65"" Crystal UHD U8500F 4K Smart TV with 7.5% S-Coin cashback!"
Product,https://www.senheng.com.my/tv/samsung-65-inch-neo-qled-tv-sam-qa65qn70fa,Shop Samsung 65-inch Neo QLED TV SAM-QA65QN70FA | 15% S-Coin Cashback | Senheng,"The best smart TVs for sale, featuring Samsung 65-inch Neo QLED TV SAM-QA65QN70FA, is now available with 15% S-Coin Cashback with Senheng! Click here to shop while stocks last."
Product,https://www.senheng.com.my/tv/samsung-75-inch-crystal-uhd-4k-tv-sam-ua75u8500f,Samsung 75-inch Crystal UHD 4K TV SAM-UA75U8500F | 15% S-Coin Cashback | Senheng,"Samsung 75-inch Crystal UHD 4K TV unlocks your new experience in entertainment! Click here to purchase the best smart TVs for sale, now with 15% S-Coin cashback with Senheng!"
Product,https://www.senheng.com.my/tv/samsung-75-inch-neo-qled-qn70f-4k-samsung-vision-ai-smart-tv-2025-sam-qa75qn70fa,Samsung 75-inch Neo QLED QN70F 4K Samsung Vision AI Smart TV | 0% IPP | Senheng,Enjoy shopping great smart TV for sale here with Senheng Upgrade to the Samsung 75-inch Neo QLED QN70F 4K Samsung Vision AI Smart TV and enjoy 0% IPP and warranties!
Product,https://www.senheng.com.my/tv/samsung-85-inch-4k-neo-qled-tv-sam-qa85qn70fa,Shop Samsung 85-inch 4K Neo QLED TV | 15% S-Coin Cashback | Senheng,"Get the best smart TV for sale with additional warranty coverage and S-Coin Cashback, all here at Senheng online store! Click to shop Samsung 85-inch 4K Neo QLED TV while stocks last."
Product,https://www.senheng.com.my/tv/samsung-85-inch-qled-tv-sam-qa85q7fa,Shop Samsung 85-inch QLED TV SAM-QA85Q7FA | 15% S-Coin Cashback | Senheng,"Shop the best smart TV for sale in Malaysia here at the largest online appliance store, Senheng! Click here and purchase Samsung 85-inch QLED TV SAM-QA85Q7FA with S-Coin cashback!"
Product,https://www.senheng.com.my/tv/samsung-85-inch-uhd-4k-tv-sam-ua85u8500f,Shop Samsung 85-inch UHD 4K TV SAM-UA85U8500F | 15% S-Coin Cashback | Senheng,Shop all the best smart TV for sale in Malaysia with additional 15% S-Coin Cashback here at Senheng online store! Get the featured Samsung 85-inch UHD 4K TV SAM-UA85U8500F today!
Product,https://www.senheng.com.my/tv/sharp-55-inch-aquos-tru-120hz-4k-uhd-tv-shp-4tc55gn7000x,Purchase Sharp 55-inch AQUOS TRU 120Hz 4K UHD TV | 2-Year Warranty | Senheng,"Sharp 55-inch AQUOS TRU 120Hz 4K UHD TV is the recommended affordable smart TV in Malaysia here at the largest online appliance store, Senheng! Click now to shop with warranties."
Product,https://www.senheng.com.my/tv/sharp-65-inch-aquos-4k-uhd-tv-4tc65gn7000x,Purchase Sharp 65-inch AQUOS 4K UHD TV | 2-Year Warranty | Senheng,"Shop smart TV for sale from your favourite brands here at the authorised reseller in Malaysia, Senheng! Click now to shop Sharp 65-inch AQUOS 4K UHD TV with 2-Year warranties!"
Product,https://www.senheng.com.my/tv/sharp-75-inch-aquos-tru-120hz-4k-uhd-tv-shp-4tc75gn7000x,Shop Sharp 75-inch AQUOS TRU 120Hz 4K UHD TV | 2-Year Warranty | Senheng,View the best deals and collection of affordable smart TV in Malaysia here with Senheng online store! Click to shop Sharp 75-inch AQUOS TRU 120Hz 4K UHD TV and enjoy warranty!
Product,https://www.senheng.com.my/tv/sharp-aquos-32-inch-full-hd-google-tv-shp-2tc32gh3000x,"Shop Sharp AQUOS 32"" Inch Full HD Google TV | 2-Year Warranty | Senheng","Get the best smart TV for sale in Malaysia available here at Senheng online store! Click now to shop the featured Sharp AQUOS 32"" Inch Full HD Google TV with warranties."
Product,https://www.senheng.com.my/tv/sharp-aquos-43-full-hd-google-tv-shp-2tc43gh3000x,"Shop SHARP AQUOS 43"" Full HD Google TV | 2-Year Warranty | Senheng","Shop affordable smart TV in Malaysia, all here at the largest online appliance store, Senheng! Click to purchase SHARP AQUOS 43"" Full HD Google TV with 0% IPP amd warranty!"
Product,https://www.senheng.com.my/tv/sharp-aquos-qled-4k-google-tv-shp-4tc75hl6500x,Shop SHARP 75-inch AQUOS QLED 4K Google TV | 15% S-Coin Cashback | Senheng,"Looking for affordable smart TVs in Malaysia to purchase? Senheng online store offers SHARP 75-inch AQUOS QLED 4K Google TV with 15% S-Coin cashback, purchase now while stocks last."
Product,https://www.senheng.com.my/tv/skyworth-32-2k-fhd-google-tv-sky-32e6800g,"Purchase SKYWORTH 32"" 2K FHD GOOGLE TV | 2-Year Warranty | Senheng","Shop affordable smart TVs in Malaysia online, available with additional warranty coverages with Senheng online store! Get SKYWORTH 32"" 2K FHD GOOGLE TV now while stocks last."
Product,https://www.senheng.com.my/tv/skyworth-4k-uhd-google-tv,Purchase SKYWORTH 4K UHD Google TV | 2-Year Warranty | Senheng,"Get the best smart TV for sale from your favourite brands here at Senheng online store! Enjoy entertainment now with SKYWORTH 4K UHD Google TV, available here with warranty coverages."
Product,https://www.senheng.com.my/tv/tcl-55-qled-tv-tcl-55p7k,"Purchase TCL 55"" QLED TV TCL-55P7K | 7.5% S-Coin Cashback | Senheng","Enjoy the best affordable smart TV in Malaysia here at the authorised reseller, Senheng online store! Click here to shop TCL 55"" QLED TV TCL-55P7K with 7.5% S-Coin Cashback! Get now."
Product,https://www.senheng.com.my/tv/tcl-98-inch-qd-mled-tv-tcl-98c6k,Purchase TCL 98-inch QD MLED TV TCL-98C6K | 15% S-Coin Cashback | Senheng,"Get amazing deals to TCL 98-inch QD MLED TV TCL-98C6K and more affordable smart TV in Malaysia here at the authorised reseller, Senheng! Click here to shop with 15% S-Coin Cashback."
Product,https://www.senheng.com.my/tv/tcl-98-inch-qled-4k-tv-tcl-98p8k,Purchase TCL 98-inch QLED 4K TV | 15% S-Coin Cashback | Senheng,"Looking to upgrade your TV at home to something better? Check out the featured TCL 98-inch QLED 4K TV, available now at Senheng online store with 15% S-Coin Cashback! Shop now!"
Product,https://www.senheng.com.my/beverage-preparation/joyoung-1-5l-electric-kettle-jk-15k52,Shop Joyoung 1.5L Electric Kettle JK-15K52 | 5% S-Coin Cashback | Senheng,"Looking to shop high-quality kettles to add to your kitchen? Joyoung 1.5L Electric Kettle JK-15K52 is now available with Senheng online store, shop and enjoy 5% S-Coin Cashback!"
Product,https://www.senheng.com.my/beverage-preparation/joyoung-1-5l-healthy-kettle,Purchase Joyoung 1.5L Healthy Kettle | 5% S-Coin Cashback | Senheng,"Shop the recommended Joyoung 1.5L Healthy Kettle here at the largest online appliance store in Malaysia, Senheng! Shop now and enjoy 5% S-Coin cashback and warranties."
Product,https://www.senheng.com.my/beverage-preparation/joyoung-80mm-wide-inlet-slow-juicer-jyo-jsj08s50,Joyoung 80mm Wide Inlet Net-Free Filter Slow Juicer | 50% S-Coin Cashback | Senheng,"Shop the featured Joyoung 80mm Wide Inlet Net-Free Filter Slow Juicer, available here with 50% S-Coin Cashback now! Get the best deals and services when you shop Senheng online store."
Product,https://www.senheng.com.my/beverage-preparation/joyoung-sus-316-retro-1-5l-kettle,Shop Joyoung SUS 304 Retro 1.5L Kettle | 5% S-Coin Cashback | Senheng,"Upgrade your kitchen staples with the essential Joyoung SUS 304 Retro 1.5L Kettle, now available with 5% S-Coin Cashback with Senheng. Click now to shop while stocks last."
Product,https://www.senheng.com.my/cookers/joyoung-4l-compact-pressure-cooker-jyo-jpc4hp28,Purchase Joyoung 4L Compact Size Pressure Cooker | 2-Year Warranty | Senheng,Buy cookers online and have it delivered to complete your kitchen. Joyoung 4L Compact Size Pressure Cooker is available here with 15% S-Coin Cashback at Senheng. Shop now.
Product,https://www.senheng.com.my/cookers/joyoung-4l-ih-rice-cooker-jyo-jrc4td01,Purchase Joyoung 4L IH Rice Cooker | 15% S-Coin Cashback | Senheng,Buy cookers online and have it delivered to complete your kitchen. Joyoung 4L IH Rice Cooker is available here with 15% S-Coin Cashback at Senheng. Shop now while stocks last.
Product,https://www.senheng.com.my/cookers/joyoung-ih-electromagnetic-multifunction-6l-hot-pot-jmc-6ih55,Joyoung IH Electromagnetic Multifunction 6L Hot Pot | 15% S-Coin Cashback | Senheng,Browsing for the best cooker online shopping website in Malaysia? Check out Senheng online store today and purchase Joyoung IH Electromagnetic Multifunction 6L Hot Pot with cashback!
Product,https://www.senheng.com.my/cookers/joyoung-portable-mini-1-2l-hot-pot-jmc-12h96,Shop Joyoung Portable Mini 1.2L Hot Pot JMC-12H96 | 5% S-Coin Cashback | Senheng,Looking to shop great deals on cookers in Malaysia? Check out the featured Joyoung Portable Mini 1.2L Hot Pot JMC-12H96 here with 5% S-Coin Cashback only at Senheng!
Product,https://www.senheng.com.my/cooking/electrolux-70cm-ultimatetaste-300-built-in-radiant-hob-with-2-cooking-zones-ele-ehc7240ba,Electrolux 70cm UltimateTaste 300 Built-In Radiant Hob | 12% S-Coin Cashback | Senheng,"Shop cooking appliances online here at the largest online appliances store in Malaysia, Senheng! Click to shop Electrolux 70cm UltimateTaste 300 built-in radiant hob with cashback!"
Product,https://www.senheng.com.my/cooking/electrolux-90cm-ultimatetaste-700-built-in-gas-hob-with-3-cooking-zones-ele-ehg9351bc,Electrolux 90cm UltimateTaste 700 Built-In Gas Hob | 2-Year Warranty | Senheng,"Shop cooking appliances online, and enjoy additional warranty coverage when you shop the featured Electrolux 90cm UltimateTaste 700 built-in gas hob here at Senheng online store!"
Product,https://www.senheng.com.my/cooking/faber-bbq-grill-retro-black-fbq-3216bk,Shop FABER BBQ Grill Retro-Black FBQ 3216BK | 5% S-Coin Cashback | Senheng,"Purchase cooking appliances online here exclusively at the largest online appliance store in Malaysia, Senheng! Shop FABER BBQ Grill Retro-Black FBQ 3216BK now with cashback!"
Product,https://www.senheng.com.my/cooking/joyoung-360-3d-dual-heating-circulation-6-5l-air-fryer-jaf-65f09,Joyoung 360° 3D Dual Heating Circulation 6.5L Air Fryer | 2-Year Warranty | Senheng,"Shop the best cooking appliances from famous brands to fit in your kitchen, all here with Senheng! Shop the Joyoung 360° 3D Dual Heating Circulation 6.5L Air Fryer now with warranty!"
Product,https://www.senheng.com.my/cooking/joyoung-digital-touch-screen-visible-6-5l-air-fryer-jaf-65f72,Joyoung Digital Touch Screen Visible 6.5L Air Fryer | 5% S-Coin Cashback | Senheng,"Shop the best brands offering cooking appliances in Malaysia, all here at the authorised reseller Senheng! Click here to purchase Joyoung Digital Touch Screen Visible 6.5L Air Fryer."
Product,https://www.senheng.com.my/cooking/joyoung-visible-5l-air-fryer-jaf-50f65,Joyoung Visible 5L Air Fryer JAF-50F65 | 5% S-Coin Cashback | Senheng,"Buy cooking appliances with warranty coverages and 5% S-Coin cashback, available here at the Senheng online store! Shop the featured Joyoung Visible 5L Air Fryer JAF-50F65 here!"
Product,https://www.senheng.com.my/cooking/toshiba-menu-iq-7-4l-digital-air-fryer,Purchase Toshiba Menu-IQ 7.4L Digital Air Fryer | 5% S-Coin Cashback | Senheng,"Enjoy shopping your needed cooking appliances with amazing deals, all here at Senheng online store! Purchase the Toshiba Menu-IQ 7.4L Digital Air Fryer with 5% S-Coin cashback!"
Product,https://www.senheng.com.my/food-maker/russell-taylors-retro-toaster-rt-10-cream,Shop Russell Taylors Retro Toaster RT-10 | 5% S-Coin Cashback | Senheng,Add a toaster to your kitchen staples today! The featured Russell Taylors Retro Toaster RT-10 is now available with 5% S-Coin cashback here at Senheng online store. Grab yours now.
Product,https://www.senheng.com.my/food-preparation/faber-300w-chopper-blender-fbr-fcb1030,Shop Faber 300W Chopper Blender FBR-FCB1030 | 5% S-Coin Cashback | Senheng,Shop the best brands for food preperation appliances online here at Senheng! Get 5% S-Coin Cashback and more services when you get Faber 300W Chopper Blender FBR-FCB1030 here.
Product,https://www.senheng.com.my/food-preparation/joyoung-mini-multifunctional-600ml-blender,Shop Joyoung Mini Multifunctional 600ML Blender | 5% S-Coin Cashback | Senheng,"Enjoy shopping the best deals on food preperation appliances online, right here at Senheng! Click here to shop Joyoung Mini Multifunctional 600ML Blender with 5% S-Coin Cashback!"
Product,https://www.senheng.com.my/food-preparation/joyoung-one-click-hot-cleaning-1-2l-high-speed-hot-cold-power-blender-jpb-12b61,Joyoung One-Click Hot Cleaning 1.2L High Speed Power Blender | 2-Year Warranty | Senheng,Looking to purchase food preperation appliances online from your trusted brands? Click here to shop Joyoung One-Click Hot Cleaning 1.2L High Speed Hot & Cold Power Blender with Senheng!
Product,https://www.senheng.com.my/food-preparation/joyoung-patented-anti-clogging-five-speed-2-2l-chopper-jc-22c63,Joyoung Patented Anti Clogging Five Speed 2.2L Chopper | 2-Year Warranty | Senheng,"Buy food preperation appliances that fit your needs here at the largest online appliance store, Senheng! Click now and shop Joyoung Patented Anti Clogging Five Speed 2.2L Chopper."
Product,https://www.senheng.com.my/food-preparation/joyoung-strong-ice-crushing-1-2l-multifunctional-smoothie-blender,Joyoung Strong Ice Crushing Multifunctional Smoothie Blender | Warranties | Senheng,Looking to purchase food preperation appliances online from your trusted brands? Click here to shop Joyoung Strong Ice Crushing 1.2L Multifunctional Smoothie Blender with Senheng!
Product,https://www.senheng.com.my/food-preparation/panasonic-700-w-glass-jug-blender-mx-mg5351wsk,Purchase Panasonic 700 W Glass Jug Blender | 1-Year Warranty | Senheng,"Shop for your needed food preperation appliances online, right here with additional warranty exclusively at Senheng online store! Shop Panasonic 700 W Glass Jug Blender now."
Product,https://www.senheng.com.my/food-preparation/panosonic-blender-1-0l-with-2-plastic-jugs-and-1-dry-mill-psn-mxep3171wsk,Panosonic Blender 1.0L with 2 Plastic Jugs and 1 Dry Mill | 1-Year Warranty | Senheng,Get your favourite food preperation appliances online here at Senheng online store and enjoy warranty coverage! Shop Panosonic Blender 1.0L with 2 Plastic Jugs and 1 Dry Mill.
Product,https://www.senheng.com.my/ovens/panasonic-25l-basic-microwave-oven-psn-nnst34nbmpq,Purchase Panasonic 25L Basic Microwave Oven | 1-Year Warranty | Senheng,Looking to shop the best prices of ovens from your trusted brands? Check out the Senheng online store and purchase Panasonic 25L Basic Microwave Oven. Shop now and enjoy warranty!
Product,https://www.senheng.com.my/refrigerators/elba-220l-upright-freezer-euf-n2239-gr,Shop Elba 220L Upright Freezer EUF-N2239 | 0% IPP | Extra Warranty | Senheng,Get the best freezer for sale from famous brands here at Senheng online store today! Shopping here means you enjoy Elba 220L Upright Freezer EUF-N2239 with 0% IPP and warranties.
Product,https://www.senheng.com.my/refrigerators/elba-250l-top-mount-refrigerator-er-q2638-sv,Purchase Elba 250L Top Mount Refrigerator | 1-Year Warranty | Senheng,"Get the Elba 250L Top Mount Refrigerator here with additional warranty coverages now, only at Senheng online store! Buy refrigerators in Malaysia here from your favourite brands!"
Product,https://www.senheng.com.my/refrigerators/hisense-500l-2-door-fridge-inverter-hse-rt549n4awu2,Shop Hisense 500L 2 Door Fridge Inverter | 3-Year Warranty | Senheng,"Shop for the best refrigerators with warranty coverage, all here at the authorised reseller in Malaysia, Senheng! Shop Hisense 500L 2 Door Fridge Inverter and enjoy 3 year warranty!"
Product,https://www.senheng.com.my/refrigerators/lg-493l-2-door-fridge-inverter-lg-gnb452pqbk,Purchase LG 493L 2 Door Fridge Inverter | 1-Year Warranty | 0% IPP | Senheng,Enjoy shopping great deals on branded refrigerators in Malaysia here at Senheng online store! Purchase LG 493L 2 Door Fridge Inverter from the authorised reseller with 0% IPP!
Product,https://www.senheng.com.my/refrigerators/midea-660l-side-by-side-fridge-inverter-mid-mdrs710fge28,Purchase MIDEA 660L Side-by-Side Fridge Inverter | 2-Year Warranty | Senheng,"Shop the best branded refrigerators for sale here at the authorised reseller, Senheng! Click now to shop MIDEA 660L Side-by-Side Fridge Inverter with 2-year warranty coverage."
Product,https://www.senheng.com.my/refrigerators/panasonic-multi-door-refrigerator-inverter-psn-nrxc561cuzm,Purchase Panasonic Multi-Door Refrigerator Inverter | 1-Year Wartranty | Senheng,"Get the best refrigerators for sale, all here at Senheng online store! Shop the featured Panasonic Multi-Door Refrigerator Inverter and enjoy 0% IPP with additional warranties."
Product,https://www.senheng.com.my/refrigerators/samsung-617l-refrigerator-side-by-side-inverter-sam-rs70f65knf,Shop Samsung 617L Refrigerator Side-by-Side Inverter | 10% S-Coin Cashback | Senheng,"Enjoy great refrigerator prices in Malaysia all at the authorised reseller, Senheng! Click now to shop Samsung 617L Refrigerator Side-by-Side Inverter with 10% S-Coin cashback!"
Product,https://www.senheng.com.my/refrigerators/sharp-280l-2-door-fridge-inverter-shp-sj287mds,Purchase SHARP 280L 2 Door Fridge Non-Inverter | 1-Year Warranty | Senheng,Get a spacious and tech-savvy refrigerator to complete your modern kitchen! Click here to shop Senheng and the featured SHARP 280L 2 Door Fridge Non-Inverter to elevate your space.
Product,https://www.senheng.com.my/water-system/viomi-ai-water-purifier-nano-0-1-hot,Viomi AI Water Purifier Nano0.1 Hot with 5 filters | 5-Year Warranty | Senheng,"Shop Viomi AI Water Purifier Nano0.1 Hot with 5 filters here at the largest online appliance store in Malaysia, Senheng! Shop now and enjoy 5 year warranties and the best service."
Product,https://www.senheng.com.my/water-system/viomi-ai-water-purifier-nano0-1-hot,Purchase Viomi AI Water Purifier Nano0.1 Hot | 5-Year Warranty | Senheng,Looking to purchase water purifiers in Malaysia? Click here to view and purchase the Viomi AI Water Purifier Nano0.1 Hot here with Senheng online store and enjoy 5-year warranty.
Product,https://www.senheng.com.my/voucher/rm400-brand-voucher,Get RM 400 July Brand Voucher | Enjoy Shopping with Limited Voucher | Senheng,"Get a RM 400 July Brand Voucher  to shop all your favourite brands, exclusively at Senheng online store. Shop now to take advantage on the limited voucher available."
Product,https://www.senheng.com.my/pc-accessories/huawei-matebook-backpack-hua-backpack-cd66,Shop HUAWEI Matebook Backpack HUA-BACKPACK-CD66 | Low Instalment | Senheng,"Shopping for pc accessories in Malaysia? Purchase the best collection of affordable and authorised accessories, featuring HUAWEI Matebook Backpack HUA-BACKPACK-CD66 at Senheng!"
Product,https://www.senheng.com.my/hair-dryers/laifen-swift-se-high-speed-hair-dryer,Purchase Laifen Swift SE High Speed Hair Dryer | 50% S-Coin Cashback | Senheng,"Shop the hot selling Laifen Swift SE High Speed Hair Dryer, available with 50% S-Coin cashback exclusively here with Senheng! Shop the most small lightweight hair dryers here."
Product,https://www.senheng.com.my/shaving-solutions/panasonic-palm-shaver-escm3a,Shop Panasonic Palm Shaver PSN-ESCM3A | 1-Year Warranty | Senheng,"Shop the best shaving solutions here at the largest online appliance store in Malaysia, Senheng! Shop Panasonic Palm Shaver PSN-ESCM3A now and enjoy additional warranty coverage."
Product,https://www.senheng.com.my/smart-home-appliances/panasonic-56-4-blade-with-dc-motor-white,Shop Panasonic 56''4 Blade with DC Motor White | 7.5% S-Coin Cashback | Senheng,"Shop the best smart home appliances in Malaysia with S-Coin Cashback, exclusively here at Senheng online store! Shop the Panasonic 56''4 Blade with DC Motor White now!"
Product,https://www.senheng.com.my/tv/hisense-vidaa-uhd-tv-e6n,Purchase Hisense VIDAA UHD TV E6N | 2-Year Warranty | 0% IPP | Senheng,"Shop branded smart TVs for sale, available with 0% IPP and warranties here at Senheng online store! Click to shop Hisense VIDAA UHD TV E6N now while stocks last now!"
Product,https://www.senheng.com.my/tv/panasonic-50-inch-led-4k-hdr-smart-tv-th-50mx650k,Shop Panasonic 50 inch LED 4K HDR Smart TV | 2-Year Warranty | Senheng,"Shop affordable smart TVs in Malaysia online from your favourite brands, available with Senheng online store! Shop Panasonic 50 inch LED 4K HDR Smart TV with warranties."
Product,https://www.senheng.com.my/tv/panasonic-55-inch-4k-google-tv-psn-th55mx650k,Purchase Panasonic 55-inch 4K Google TV | 15% S-Coin Cashback | Senheng,"Shop affordable smart TV in Malaysia here at the authorised reseller online store, Senheng! Click now to purchase Panasonic 55-inch 4K Google TV with 15% S-Coin cashback."
Product,https://www.senheng.com.my/air-quality/haier-2-0hp-inverter-air-conditioner-hai-hsu19vra22,Haier 2.0HP Inverter Air Conditioner HAI-HS19VSC03 | 15% S-Coin Cashback | Senheng,Shopping for a new air conditioner to elevate cool breeze in your area? The featured Haier 2.0HP Inverter Air Conditioner HAI-HS19VSC03 is now available with 15% cashback at Senheng!
Product,https://www.senheng.com.my/air-quality/haier-r32-1-0hp-air-conditioner-hai-hs10vsc03-s,Purchase Haier R32 1.0HP Air Conditioner | 13% S-Coin Cashback | Senheng,"Upgrade your air coolers for a better comfort experience! Click here to shop the recommended Haier R32 1.0HP Air Conditioner, and enjoy 13% S-Coin cashback with Senheng!"
Product,https://www.senheng.com.my/air-quality/jisulife-4000mah-fa43-handheld-turbo-fan,Shop JISULIFE 4000mAh FA43 Handheld Turbo Fan | 1-Year Warranty | Senheng,"Shop the featured JISULIFE 4000mAh FA43 Handheld Turbo Fan here at the largest online appliance store in Malaysia, Senheng! Click now to shop with additional warranties."
Product,https://www.senheng.com.my/air-quality/jisulife-4000mah-portable-3-in-1-combo-clip-on-fan-for-kids,JISULIFE 4000mAh Portable 3-in-1 Combo Clip-on Fan For Kids | Warranties | Senheng,"Get the JISULIFE 4000mAh Portable 3-in-1 Combo Clip-on Fan For Kids here at the largest online appliance store in Malaysia, Senheng! Shop now and enjoy warranty coverage!"
Product,https://www.senheng.com.my/air-quality/jisulife-fa43-life5-plus-6000mah-handheld-fan-mixed-color,JISULIFE FA43 Life5 Plus (6000mAh) Handheld Fan | 1-Year Warranty | Senheng,Shopping for handheld fans to combat the heat in Malaysia? Senheng online store now offers JISULIFE FA43 Life5 Plus (6000mAh) Handheld Fan with additional warranty coverages. Shop now.
Product,https://www.senheng.com.my/air-quality/jisulife-fa53-abs-handheld-fan-mixed-color,Purchase JISULIFE FA53 ABS Handheld Fan (Mixed Color) | 1-Year Warranty | Senheng,"Enjoy the cool breeze whereever you go, all possible with the JISULIFE FA53 ABS Handheld Fan (Mixed Color)! Click now to shop at the largest online appliance store Senheng!"
Product,https://www.senheng.com.my/air-quality/jisulife-fa55-ultra-1-handheld-fan-mixed-color,Shop JISULIFE FA55 Ultra 1 Handheld Fan | 1-Year Warranty | Senheng,Shop the featured JISULIFE FA55 Ultra 1 Handheld Fan along with many more handheld fans here at Senheng online store! Get the best deals and services when you shop here today!
Product,https://www.senheng.com.my/air-quality/jisulife-life7-5000mah-handheld-fan-mixed-color,Shop JISULIFE Life7 (5000mAh) Handheld Fan | 1-Year Warranty | Senheng,"Get a high quality handheld fan with additional warranty coverages, here at the authorised reseller in Malaysia, Senheng! Click here to purchase JISULIFE Life7 (5000mAh) Handheld Fan."
Product,https://www.senheng.com.my/air-quality/jisulife-life9-5000mah-handheld-fan-mixed-color,Shop JISULIFE Life9 (5000mAh) Handheld Fan | 1-Year Warranty | Senheng,Shopping for easy to use handheld fan that offers cooling breeze wherever you go? Shop the JISULIFE Life9 (5000mAh) Handheld Fan here with Senheng and get warranties to your purchase.
Product,https://www.senheng.com.my/air-quality/jisulife-pro3-table-fan-mixed-color,Purchase JISULIFE Pro3 Table Fan (Mixed Color) | 1-Year Warranty | Senheng,"Combat the hot weather of Malaysia with ease, all with the JISULIFE Pro3 Table Fan (Mixed Color)! Click here to get the best deals on home air cooler products with warranty!"
Product,https://www.senheng.com.my/air-quality/lg-1-0hp-artcool-mirror-dual-inverter-air-conditioner-lg-s3q09jarpa,Shop LG 1.0HP Artcool Mirror Dual Inverter Air Conditioner | 0% IPP | Senheng,"Enjoy shopping home air coolers with great deals and 0% IPP, all here at the authorised reseller, Senheng! Shop the featured LG 1.0HP Artcool Mirror Dual Inverter Air Conditioner!"
Product,https://www.senheng.com.my/air-quality/lg-1-0hp-dual-inverter-classic-air-conditioner-lg-s3nq09wapwl,Shop LG 1.0HP Dual Inverter Classic Air Conditioner | 1-Year Warranty | Senheng,"Shoping for new air conditioners to install in your homes? Click now to shop LG 1.0HP Dual Inverter Classic Air Conditioner, available with warranties at Senheng online store!"
Product,https://www.senheng.com.my/air-quality/lg-2-0hp-dual-inverter-premium-air-conditioner-with-ionizer-and-thinq-function-s3-q18klppa,Purchase LG 2.0HP Dual Inverter Premium Air Conditioner | 0% IPP | Senheng,"Shop branded home air coolers, featuring LG 2.0HP Dual Inverter Premium Air Conditioner here at Senheng online store! Click here to shop the best deals with 0% IPP now!"
Product,https://www.senheng.com.my/air-quality/midea-1-0hp-breezeless-e-inverter-wall-mount-split-mid-msebe10crfn8,Midea 1.0HP Breezeless E Inverter Wall Mount Split | 15% S-Coin Cashback | Senheng,"Shop the Midea 1.0HP Breezeless E Inverter Wall Mount Split, paired with the best deals and 15% S-Coin cashback now at Senheng. Shop great air coolers while stocks last."
Product,https://www.senheng.com.my/air-quality/midea-bladeless-fan-with-air-purifier-mid-mbf150p,Purchase Midea Bladeless Fan with Air Purifier | 15% S-Coin Cashback | Senheng,"Looking to shop great deals on home air coolers? Shop the best brands and deals here with Senheng online store, and get 15% S-Coin Cashback to Midea Bladeless Fan with Air Purifier!"
Product,https://www.senheng.com.my/air-quality/panasonic-r32-inverter-air-confirtioner,Shop Panasonic R32 Inverter Air Conditioner | 7.5% S-Coin Cashback | Senheng,"Shop the best deals on air coolers in Malaysia here at the authorised reseller online store, Senheng! Get Panasonic R32 Inverter Air Conditioner today with 7.5% S-Coin Cashback!"
Product,https://www.senheng.com.my/iron/philips-garment-steamer-iron-all-in-one-8500-series-2200w-plp-ais8530-20,Shop Philips Garment Steamer & Iron All-In-One | 21% S-Coin Cashback | Senheng,"Browse the best clothes iron for sale, featuring Philips Garment Steamer & Iron All-In-One here at the largest online appliance store in Malaysia, Senheng! Click to shop with cashback."
Product,https://www.senheng.com.my/iron/philips-perfectcare-6000-series-steam-generator-plp-psg6024-30,Shop Philips PerfectCare 6000 Series Steam Generator | 2-Year Warranty | Senheng,"Shop clothes iron for sale, featuring the Philips PerfectCare 6000 Series Steam Generator here at the largest online appliance store in Malaysia, Senheng! Click to shop."
Product,https://www.senheng.com.my/iron/xiaomi-handheld-garment-steamer-xmi-hdheldg-s,Shop Xiaomi Handheld Garment Steamer XMI-HDHELDG.S | 1-Year Warranty | Senheng,"Shop for clothes iron for sale with great deals, exclusively at Senheng online store! Click now to shop Xiaomi Handheld Garment Steamer XMI-HDHELDG.S with warranties."
Product,https://www.senheng.com.my/laundry/electrolux-10kg-7kg-washer-dryer-inverter-ele-eww1023p5wc,Shop Electrolux 10/7kg Washer Dryer | Senheng Malaysia,"Get the Electrolux 10/7kg Washer Dryer with UltraMix, Full Wash 45, and DuvetCare 60. Available now in Malaysia at Senheng for efficient laundry care."
Product,https://www.senheng.com.my/laundry/haier-11kg-top-load-washer-hai-hwm110b1678es8,Purchase HAIER 11KG Top Load Washer | 15% S-Coin Cashback | Senheng,"Get the best laundry machine prices in Malaysia here at the authorised reseller, Senheng! Check out HAIER 11KG Top Load Washer here and enjoy 15% S-Coin Cashback to your purchase."
Product,https://www.senheng.com.my/laundry/haier-13kg-front-load-washer-inverter-hai-hw130bd14166s8u1,Shop Haier 13kg Front Load Washer | Pickup In-Store | Senheng Malaysia,"Get the Haier 13kg Front Load Washer with Direct Motion Inverter, Color AI Panel, and Smart Dosing. Available now in Malaysia at Senheng for efficient laundry care. WhatsApp us now!"
Product,https://www.senheng.com.my/laundry/haier-13kg-top-load-washer-hai-hwm130b1678es8,Shop Haier 13kg Top Load Washer | Senheng Malaysia,"Purchase the Haier 13kg Top Load Washer with DM Inverter, Quick Wash, and Hand Wash features. Available now in Malaysia at Senheng for efficient laundry care.
"
Product,https://www.senheng.com.my/laundry/hisense-10-5kg-top-load-washer-hse-wtzq1017dt,Shop Hisense 10.5kg Top Load Washer | Senheng Malaysia,"Get the Hisense 10.5kg Top Load Washer with AI+ Wash, Inverter PRO, and 8 wash programs. Available now in Malaysia at Senheng for efficient laundry care."
Product,https://www.senheng.com.my/laundry/hisense-10-5kg-washer-dryer-wd105m3,Shop Hisense 10.5kg Washer Dryer | Senheng Malaysia,"Get the Hisense 10.5kg Washer Dryer with Inverter Pro, AI+ Wash, and Allergy Care. Available now in Malaysia at Senheng for efficient laundry solutions."
Product,https://www.senheng.com.my/laundry/midea-13-0kg-top-load-fully-auto-inverter-quattro-ma200w130dt,Shop Midea 13kg Top Load Washer | Pickup In-Stores | Senheng Malaysia,"Get the Midea 13kg Top Load Washer with Inverter Quattro, Auto Clean, and Hygiene+ features. Available now in Malaysia at Senheng for efficient laundry care."
Product,https://www.senheng.com.my/laundry/samsung-13kg-bespoke-ai-laundry-top-load-washer-ai-wash-sam-wa80f13s5bfq,Samsung 13kg Bespoke AI™ Laundry Top-load Washer-AI Wash | 0% IPP | Senheng,"Shopping for the best laundry machines for sale from your trusted brands? Check out the Samsung 13kg Bespoke AI™ Laundry Top-load Washer-AI Wash , available with 0% IPP with Senheng!"
Product,https://www.senheng.com.my/laundry/samsung-21kg-top-load-washer-sam-wa80f21b9bfq,Purchase Samsung 21KG Top Load Washer | 15% S-Coin Cashback | Senheng,"Looking to browse the best laundry machine for sale? Senheng online store now offers Samsung 21KG Top Load Washer, available with 15% S-Coin Cashback and more! Shop now."
Product,https://www.senheng.com.my/laundry/toshiba-1-5kg-front-load-washer-inverter-tsb-twt25bzu115mwm-mg,Shop Toshiba 10.5kg Front Load Washer | Senheng Malaysia,"Get the Toshiba 10.5kg Front Load Washer with Ultra Fine Bubble, Aroma+, and TSmartLife Smart Control. Available now in Malaysia at Senheng for efficient laundry care."
Product,https://www.senheng.com.my/laundry/toshiba-19-0-kg-ufb-greatwaves-washer-with-heating-tsb-awt08duh2000qm-mg,Purchase Toshiba 19.0 KG UFB Greatwaves Washer | 20% S-Coin Cashback | Senheng,"Shop the featured Toshiba 19.0 KG UFB Greatwaves Washer, along with the best collection of laundry machine prices in Malaysia here at Senheng online store! Get now with cashback!"
Product,https://www.senheng.com.my/water-heaters/alpha-4-5kw-neon-rainshower-alp-wes7ineonrs-bl,Purchase Alpha 4.5kW Neon Rainshower | 7.5% S-Coin Cashback | Senheng,"Enjoy comforting showers as you shop the Alpha 4.5kW Neon Rainshower, available here at the authorised reseller in Malaysia, Senheng! Click to get the best water heater for sale."
Product,https://www.senheng.com.my/water-heaters/alpha-fx-i-dc-pump-water-heater-white-alp-fxilg9w,Purchase Alpha FX-I DC Pump Water Heater White | 1-Year Warranty | Senheng,"Looking to switch your water heater in Malaysia? Click here to check out the Alpha FX-I DC Pump Water Heater White, available at Senheng with additional warranty coverages and more!"
Product,https://www.senheng.com.my/water-heaters/haier-water-heater-hai-ei39h1m-w,Purchase Haier Water Heater HAI-EI39H1M | 2-Year Warranty | Senheng,"Shop great deals on instant water heaters in Malaysia here at the authorised reseller, Senheng! Enjoy showers with the Haier Water Heater HAI-EI39H1M, available with warranties here."
Product,https://www.senheng.com.my/water-heaters/panasonic-3-6kw-water-heater-psn-dh3up1ms,Shop Panasonic 3.6kW Water Heater | 8% S-Coin Cashback | Senheng,"Enjoy comforting showers as you shop the Panasonic 3.6kW Water Heater, available here at the authorised reseller in Malaysia Senheng! Click to get the best water heater for sale."
Product,https://www.senheng.com.my/water-heaters/toshiba-dc-pump-rain-shower-head,Purchase Toshiba DC Pump Rain Shower Head | 5% S-Coin Cashback | Senheng,"Enjoy great showers with the best water heaters in Malaysia, right here at Senheng online store! Shop the featured Toshiba DC Pump Rain Shower Head with 5% S-Coin cashback now."
Product,https://www.senheng.com.my/beverage-preparation/faber-1-8l-electric-kettle-fbr-fckdwr1800,Purchase Faber 1.8L Electric Kettle | 5% S-Coin Cashback | Senheng,"Shop the featured Faber 1.8L Electric Kettle, along with the best deals and services here at Senheng online store. Click to get 5% S-Coin cashback with your purchase."
Product,https://www.senheng.com.my/beverage-preparation/nespresso-essenza-mini-red-espresso-maker-d30mere,Shop Nespresso Essenza Mini Red Espresso Maker | 1-Year Warranty | Senheng,Shop the best coffee machines with great deals here at Senheng online store! Click here to browse and purchase Nespresso Essenza Mini Red Espresso Maker with warranty coverage.
Product,https://www.senheng.com.my/cookers/faber-multi-cooker,Purchase Faber Multi Cooker | 5% S-Coin Cashback | Senheng,"Looking to shop cookers from your trusted brands online? Click here to shop the best deals on Faber Multi Cooker and more, exclusively at Senheng online store! Purchase while stocks last."
Product,https://www.senheng.com.my/cookers/tefal-1-8l-delirice-plus-fuzzy-logic-rice-cooker-tef-rk7778,TEFAL 1.8L Delirice Plus Fuzzy Logic Rice Cooker | 50% S-Coin Cashback | Senheng,"Buy cookers online from your favourite brands, available here at the authorised reseller in Malaysia, Senheng! Click now to purchase TEFAL 1.8L Delirice Plus Fuzzy Logic Rice Cooker."
Product,https://www.senheng.com.my/cooking/acerpure-chef-air-fryer-kf1-kf754-70b,Purchase Acerpure Chef Air Fryer KF1 KF754-70B | 20% S-Coin Cashback | Senheng,"Enjoy shopping the best cooking appliances online, all available here at Senheng online store now! Click to shop the featured Acerpure Chef Air Fryer KF1 KF754-70B with cashback!"
Product,https://www.senheng.com.my/cooking/mideo-2200w-big-induction-cooker-mc-clc2215,Shop Midea 2200W Big Induction Cooker MC-CLC2215 | 10% S-Coin Cashback | Senheng,Shop the best collection of cooking appliances to upgrade your kitchen! Check out the best deals and services to Midea 2200W Big Induction Cooker MC-CLC2215 at Senheng!
Product,https://www.senheng.com.my/cooking/robam-installation-promo-90cm-slanted-chimney-hood-a676,[ROBAM Installation Promo] 90cm Slanted Chimney Hood A676 | 1-Year Warranty | Senheng,"Enjoy great deals on your purchases of cooking appliances online, all here with Senheng online store! Get [ROBAM Installation Promo] 90cm Slanted Chimney Hood A676 with warranty here."
Product,https://www.senheng.com.my/cooking/robam-slope-hood-rob-56h1s,Purchase Robam Slope Hood ROB-56H1S | 10% S-Coin Cashback | Senheng,"Buy cooking appliances in Malaysia that are paired with the best deals and services, exclusively here at Senheng online store! Shop Robam Slope Hood ROB-56H1S with 10% S-Coin cashback!"
Product,https://www.senheng.com.my/food-preparation/panasonic-2l-with-2-plastic-jugs-and-1-dry-mill-psn-mxep5171ksk,Shop Panasonic 2L with 2 Plastic Jugs and 1 Dry Mill | 1-Year Warranty | Senheng,"Shop the best food preperation appliances online here at the authorised reseller in Malaysia, Senheng! Purchase Panasonic 2L with 2 Plastic Jugs and 1 Dry Mill with additional warranty!"
Product,https://www.senheng.com.my/ovens/electrolux-60cm-built-in-grill-microwave-oven-with-20l-capacity,Shop Electrolux 60cm Built-in Grill Microwave Oven | 5% S-Coin Cashback | Senheng,"Get the best ovens online in Malaysia, here at the largest online appliance store Senheng! Click now to shop Electrolux 60cm Built-in Grill Microwave Oven with 5% S-Coin cashback!"
Product,https://www.senheng.com.my/refrigerators/661l-2-door-fridge-inverter,Shop Toshiba 661L 2-Door Inverter Refrigerator | Senheng Malaysia,"Get the Toshiba 661L 2-Door Refrigerator with Inverter Technology, Ultra Fresh, and Ag+ BIO Deodorizer. Available now in Malaysia at Senheng for efficient cooling."
Product,https://www.senheng.com.my/refrigerators/haier-515l-2-door-twin-inverter-refrigerator,Shop Haier 515L Twin Inverter Refrigerator | Senheng Malaysia,"Get the Haier 515L 2-Door Refrigerator with Twin Inverter, H-DEO Fresh, and Double Magic Zones. Available now in Malaysia at Senheng for efficient cooling."
Product,https://www.senheng.com.my/refrigerators/haier-multi-door-series-refrigerator-hai-hrfim480mmbl,Shop Haier Multi Door Series Refrigerator HRF-IM585HM | S-Coin Cashback | Senheng,"Keep all taste in check! Haier Multi Door Series Refrigerator has awesome features to keep your foods fresh, and its available with exclusive deals like S-Coin Cashback! Shop here."
Product,https://www.senheng.com.my/refrigerators/lg-674l-side-by-side-fridge-inverter-lg-gcl257kqkw,Shop LG 674L Side by Side Fridge Inverter | 15% S-Coin Cashback | Senheng,"Shop refrigerators for sale in Malaysia, right here at the largest online appliance store, Senheng! Get the LG 674L Side by Side Fridge Inverter now with 15% S-Coin Cashback!"
Product,https://www.senheng.com.my/refrigerators/midea-660l-side-by-side-white-glass-inverter-refrigerator-mid-mdrs712fie61w,Midea 660L Side By Side White Glass Inverter Refrigerator | 0% IPP | Senheng,"Looking to purchase a new refrigerator for your kitchen? Check out the featured Midea 660L Side By Side White Glass Inverter Refrigerator, available with Senheng now! Shop with 0% IPP."
Product,https://www.senheng.com.my/refrigerators/pre-order-samsung-594l-bespoke-ai-refrigerator-sbs-9-lcd-ai-home-black,Purchase Samsung 594L Bespoke AI Refrigerator | 15% S-Coin Cashback | Senheng,"Shop great deals on refrigerator for sale in Malaysia here at the largest online appliance store, Senheng! Purchase Samsung 594L Bespoke AI Refrigerator with S-Coin Cashback!"
Product,https://www.senheng.com.my/refrigerators/samsung-655l-refrigerator-sbs-smartthings-ai-energy-black-sam-rs70f65qnf,Shop Samsung 655L Side-by-Side Refrigerator | Senheng Malaysia,"Get the Samsung 655L Side-by-Side Refrigerator with AI Energy Mode, SmartThings connectivity, and SpaceMax™ technology. Available now in Malaysia at Senheng."
Product,https://www.senheng.com.my/refrigerators/sharp-110l-chest-freezer-shp-sjc128,Purchase Sharp 110L Chest Freezer SHP-SJC128 | 1-Year Warranty | Senheng,"Browse the best collection of refrigerators for sale, available here at the largest online appliance store, Senheng. Click here to shop Sharp 110L Chest Freezer SHP-SJC128!"
Product,https://www.senheng.com.my/refrigerators/toshiba-580l-multi-door-dual-inverter-pureair-iot-tsb-grrf665wiapgy-22,Purchase Toshiba 580L Multi-Door Refrigerator | Senheng Malaysia,"Buy the Toshiba 580L Multi-Door Refrigerator with PureAIR, TSmartLife Smart Control, and Origin Inverter. Shop now in Malaysia at Senheng for a smarter kitchen."
Product,https://www.senheng.com.my/water-system/panasonic-4-0l-1-way-dispenser-air-pot,Purchase Panasonic 4.0L 1-Way Dispenser Air Pot | 1-Year Warranty | Senheng,"Shop the hot-selling Panasonic 4.0L 1-Way Dispenser Air Pot here at the authorised reseller in Malaysia, Senheng online store! Get now and enjoy additional warranty coverages."
Product,https://www.senheng.com.my/laundry/haier-15kg-top-load-washer-inverter-hai-hwm150b1678es8,Shop Haier 15kg Top Load Washer Inverter | Senheng Malaysia,"Get the Haier 15kg Top Load Washer Inverter with 12 wash programs, 1300 RPM spin speed, and LED display. Available now in Malaysia at Senheng for efficient laundry care."
Product,https://www.senheng.com.my/laundry/midea-10-5kg-7kg-washer-dryer-inverter-mid-mf210d105wb,Shop Midea 10.5kg/7kg Washer Dryer Inverter | Senheng Malaysia,"Get the Midea 10.5kg/7kg Washer Dryer Inverter with Storm Wash, Power Mix, and Health Guard-Steam wash. Available now in Malaysia at Senheng for efficient laundry care."
Product,https://www.senheng.com.my/refrigerators/samsung-583l-refrigerator-sbs-smartthings-ai-energy-gentle-black-matt-sam-rs57dg4000b4,Buy Samsung 583L Side-by-Side Refrigerator | Senheng Malaysia,"Get the Samsung 583L Side-by-Side Refrigerator with SmartThings connectivity, AI Energy Mode 2.0, and SpaceMax™ technology. Available now in Malaysia at Senheng."
Product,https://www.senheng.com.my/air-quality/alpha-7-inch-3-speed-motto-desk-fan-60-alp-desk60,Alpha 7-Inch 3-Speed Motto Desk Fan 60 | Senheng Malaysia,"Purchase the Alpha 7-Inch 3-Speed Motto Desk Fan 60 with 60° horizontal oscillation, 90° vertical tilt, and silent operation. Available now in Malaysia at Senheng."
Product,https://www.senheng.com.my/air-quality/jincase-jf100-handheld-fan-random-color,"Buy Jincase JF100 Handheld Fan Online | Senheng Malaysia
","Purchase the Jincase JF100 Handheld Fan with 100-speed adjustment, 3000mAh battery, and LED display. Available now in Malaysia at Senheng. Choose random color handheld fan today!"
Product,https://www.senheng.com.my/air-quality/jincase-jf79-handheld-fan-random-color,Order Online Jincase JF79 Handheld Fan | Senheng Malaysia,"Buy the Jincase JF79 Handheld Fan with 4000mAh battery, 100-speed control, and LED display. Available now in Malaysia at Senheng. Enjoy S Coin cashback on Jincase Fan today!"
Product,https://www.senheng.com.my/air-quality/jincase-jf80-handheld-fan-apricot,Jincase JF80 Handheld Fan (Apricot) | Senheng Malaysia,"Browse the Jincase JF80 Handheld Fan (Apricot) with 100-speed control, 4000mAh battery, and LED display. Available now in Malaysia at Senheng. Purchase handheld fan online and get it from store!"
Product,https://www.senheng.com.my/air-quality/jincase-jf83-table-fan-apricot,Purchase Jincase JF83 Table Fan Apricot | Senheng Malaysia,"Browse the Jincase JF83 Table Fan Apricot with 3-speed settings, 3000mAh battery,& compact design. Ideal for personal air cooling. Available now in Malaysia at Senheng."
Product,https://www.senheng.com.my/air-quality/jincase-jf91-foldable-fan-apricot,Order Online Jincase JF91 Foldable Fan Apricot | Senheng Malaysia,"Browse the Jincase JF91 Foldable Fan Apricot with 100-speed control, 4000mAh battery, and LED display. Available now in Malaysia at Senheng. Enjoy 0% interest and up to 4 months instalments!"
Product,https://www.senheng.com.my/laundry/electrolux-10kg-ultimatecare-300-front-load-washing-machine,Purchase the Electrolux 10kg UltimateCare 300 Washer | Senheng Malaysia,"Get the Electrolux 10kg UltimateCare 300 Washer with HygienicCare, Full Wash 45, and DelicatesPlus. Available now in Malaysia at Senheng for efficient laundry care."
Product,https://www.senheng.com.my/laundry/haier-13kg-8kg-washer-dryer-inverter-hai-hwd130bp14959s8,Haier 13kg/8kg Washer Dryer Inverter | Senheng Malaysia,"Shop the Haier 13kg/8kg Washer Dryer Inverter with BLDC Inverter Motor, Super Drum, and I-Refresh. Available now in Malaysia at Senheng for efficient laundry care."
Product,https://www.senheng.com.my/laundry/hisense-10-5kg-front-load-washer-hse-wf105m3,Shop the Hisense 10.5kg Front Load Washer | Senheng Malaysia,"Browse the Hisense 10.5kg Front Load Washer with AI+ Wash, Allergy Steam, and Inverter Pro technology. Available now in Malaysia at Senheng for efficient laundry care"
Product,https://www.senheng.com.my/laundry/lg-15kg-slim-front-load-washer-with-ai-direct-drive-and-turbowash-lg-f2515sntge,Purchase the LG 15kg Slim Front Load Washer | Senheng Malaysia,"Get the LG 15kg Slim Front Load Washer with AI Direct Drive, TurboWash™ 360°, and LG ThinQ™. Available now in Malaysia at Senheng for efficient laundry care"
Product,https://www.senheng.com.my/laundry/pensonic-7kg-semi-auto-pen-pws7007,Pensonic 7kg Semi-Auto Washing Machine | Senheng Malaysia,"Browse the Pensonic 7kg Semi-Auto Washing Machine with Air Dry, Anti-Rat Design, and Transparent Cover. Available now in Malaysia at Senheng for efficient laundry care."
Product,https://www.senheng.com.my/laundry/toshiba-10kg-heat-pump-tumble-dryer-tsb-tdt25bs110hwmmg,Purchase the Toshiba 10kg Heat Pump Tumble Dryer | Senheng Malaysia,"Shop the Toshiba 10kg Heat Pump Tumble Dryer with Dual Inverter, LUXECARE, and Quick Dry. Available now in Malaysia at Senheng for efficient garment care."
Product,https://www.senheng.com.my/beverage-preparation/elba-juice-extractor,Shop Elba Juice Extractor | Buy Online Get from Store | Senheng Malaysia,"Browse the Elba Juice Extractor with 400W power, 500ml capacity, and 2-speed control. Available now in Malaysia at Senheng for efficient beverage preparation.

"
Product,https://www.senheng.com.my/cookers/panasonic-1-8l-microcomputer-rice-cooker-psn-srda182ksk,Panasonic 1.8L Microcomputer Rice Cooker | Senheng Malaysia,"Shop the Panasonic 1.8L Microcomputer Rice Cooker with 24-hour timer, non-stick Binchotan-coated inner pot, and 770W power. Available now in Malaysia at Senheng."
Product,https://www.senheng.com.my/cooking/electrolux-90cm-cooker-hood,Purchase Electrolux 90cm Cooker Hood | Senheng Malaysia,"Shop the Electrolux 90cm Cooker Hood with powerful extraction, multiple fan speeds, and easy-to-clean filters. Available now in Malaysia at Senheng. Buy online and grab your product in our stores!"
Product,https://www.senheng.com.my/food-preparation/russell-taylors-compact-personal-blender-rst-b1,Russell Taylors Compact Personal Blender RST-B1 | Senheng Malaysia,"Buy the Russell Taylors Compact Personal Blender RST-B1 with 250W power, 20,000 RPM, and BPA-free 600ml bottles. Ideal for smoothies and shakes. Available now in Malaysia at Senheng."
Product,https://www.senheng.com.my/ovens/faber-35l-electric-oven-feo-ivory-363-fbr-feoivory364,Faber 35L Electric Oven FEO Ivory 364 | Senheng Malaysia,"Browse the Faber 35L Electric Oven FEO Ivory 364 with 3D Diamond Inner Wall, Top & Bottom Heating, and 60-Minute Timer. Available now in Malaysia at Senheng."
Product,https://www.senheng.com.my/ovens/faber-electric-oven-feo-ivory-464-fbr-feoivory464,Order Faber Electric Oven FEO Ivory 464 | Senheng Malaysia,"Browse the Faber Electric Oven FEO Ivory 464 with 46L capacity, perfect for baking, 250°C control, and 120-minute timer. Available now in Malaysia at Senheng. Best oven prices!"
Product,https://www.senheng.com.my/ovens/toshiba-25l-microwave-oven,Buy Toshiba 25L Microwave Oven Online | Senheng Malaysia,"Shop the Toshiba 25L Microwave Oven with 900W power, 11 power levels, and 8 auto cooking menus. Available now in Malaysia at Senheng. Purchase oven online and get it from our store!"
Product,https://www.senheng.com.my/refrigerators/hisense-700l-multi-door-fridge-inverter,Hisense 700L Multi-Door Fridge Inverter | Senheng Malaysia,"Shop the Hisense 700L Multi-Door Fridge Inverter with Multi Air Flow, Super Freeze, and Digital Touch Control. Available now in Malaysia at Senheng for efficient cooling."
Product,https://www.senheng.com.my/other-and-e-paper/cento-20w-mosquito-killer-ct-520ae,Buy Cento 20W Mosquito Killer CT-520AE | Senheng Malaysia,"Browse the Cento 20W Mosquito Killer CT-520AE with 100m² coverage, odor-free operation, and protective shell. Available now in Malaysia at Senheng. Purchase Cento mosquito killer online now!"
Product,https://www.senheng.com.my/voucher/rm50-brand-voucher,Get RM 50 Brand Voucher at senQ | Limited Sale | Senheng,"Looking to shop brands like Midea, Sony, Tefal and or TCL? Senheng now offers RM 50 brand voucher specially for you while vouchers last! Click to get your voucher while stocks last."
Product,https://www.senheng.com.my/air-quality/midea-1-0hp-portable-air-cond-mph09crn1,Buy Midea 1 0Hp Portable Air | Free Extra 1-year Warranty | Senheng Malaysia,The Midea 1.0Hp Portable Air Cond cools small rooms fast with easy mobility and low noise. Perfect for compact air treatment. Shop at Senheng with 0% Instalments.
Product,https://www.senheng.com.my/air-quality/sharp-2-5hp-r32-non-inverter-air-conditioner-shp-aha24zcd,Pick up Sharp 2 5Hp R32 Non Inverter Air Conditioner | S Coin Cash Back | Senheng Malaysia,"Built for performance, the Sharp 2.5Hp Air Conditioner ensures strong airflow and reliable air treatment. Get it at Senheng with Buy Now Pay Later."
Product,https://www.senheng.com.my/air-quality/elba-14l-air-cooler-elb-each6580rc,Pick up Elba 14L Air Cooler | S Coin Cash Back | Senheng Malaysia,The Elba 14L Air Cooler delivers refreshing breeze with 3 speeds and a large water tank for home air cooler use. Buy today at Senheng with S Coin Cash Back.
Product,https://www.senheng.com.my/air-quality/midea-4-7l-air-cooler-mid-mac470r0bpk,Purchase Midea 4 7L Air Cooler Mid | 0% Interest Instalments | Senheng Malaysia,"Stay refreshed with the Midea 4.7L Air Cooler, perfect for bedrooms and small spaces as a home air cooler. Get it at Senheng with Free Extra 1-year Warranty."
Product,https://www.senheng.com.my/air-quality/sharp-air-purifier,Purchase Sharp Air Purifier | Free Extra 1-year Warranty | Senheng Malaysia,"Enjoy fresher air with the Sharp Air Purifier, ideal for families sensitive to dust and pollen air treatment. Shop now at Senheng with Free Extra 1-year Warranty."
Product,https://www.senheng.com.my/air-quality/panasonic-56-4-blade-bayu-dc-motor-ceiling-fan-fm14shvbkh,Order Panasonic 56 4 Blade Bayu Dc Motor Ceiling | S Coin Cash Back | Senheng Malaysia,"Panasonic Bayu Ceiling Fan features a 56” 4-blade design with DC motor for quiet, energy-saving air treatment. Buy now at Senheng with Buy Now Pay Later."
Product,https://www.senheng.com.my/air-quality/kdk-56-ryou-series-ceiling-fan-kdk-k14phpbr,Pick up Kdk 56 Ryou Series Ceiling Fan | 0% Interest Instalments | Senheng Malaysia,"Strong airflow meets modern design in the KDK Ryou Ceiling Fan, perfect for large-room air treatment. Shop now at Senheng with Free Extra 1-year Warranty."
Product,https://www.senheng.com.my/air-quality/panasonic-56-5-blade-with-dc-motor-black-psn-fm14jhvbkh,Buy Panasonic 56 5 Blade With Dc Motor Black | S Coin Cash Back | Senheng Malaysia,The Panasonic 56” 5 Blade DC Motor Fan in black offers stylish looks with powerful air treatment. Shop now at Senheng with S Coin Cash Back. WhatsApp us today!
Product,https://www.senheng.com.my/air-quality/h-um-air-circulator-hou-c8dc,Order H Um Air Circulator | S Coin Cash Back | Senheng Malaysia,The H UM Air Circulator enhances comfort with steady breeze and modern design for daily air treatment. Buy now at Senheng with Buy Now Pay Later. WhatsApp us today!
Product,https://www.senheng.com.my/air-quality/pensonic-table-fan-16-pen-pf4105,Purchase Pensonic Table Fan 16 | S Coin Cash Back | Senheng Malaysia,"Compact yet reliable, the Pensonic 16” Table Fan cools your room with steady airflow for home air treatment. Shop at Senheng with Free Extra 1-year Warranty."
Product,https://www.senheng.com.my/air-quality/alpha-14-premium-wall-fan-alp-b32,Shop for Alpha 14 Premium Wall Fan | Buy Now Pay Later | Senheng Malaysia,Alpha 14” Premium Wall Fan delivers strong airflow with wall-mounted convenience for air treatment. Shop today at Senheng with Buy Now Pay Later. WhatsApp us today!
Product,https://www.senheng.com.my/air-quality/khind-16-wall-fan-khn-wf16jr,Shop for Khind 16 Wall Fan | Free Extra 1-year Warranty | Senheng Malaysia,Khind 16” Wall Fan offers wide-angle oscillation and adjustable speed for practical air treatment. Shop today at Senheng with 0% Instalments. WhatsApp us today!
Product,https://www.senheng.com.my/apple-product-accessories/apple-pencil-pro-PWP,Purchase Apple Pencil Pro Pwp | Buy Now Pay Later | Senheng Malaysia,"Draw, write, and design naturally with Apple Pencil Pro, built for iPad creatives who need accuracy. Ideal for professionals. WhatsApp us today to order instantly."
Product,https://www.senheng.com.my/apple-product-accessories/apple-pencil-usb-c-PWP,Pick up Apple Pencil Usb C Pwp | Buy Now Pay Later | Senheng Malaysia,"Write, draw, and annotate with ease using the Apple Pencil USB-C, built for seamless compatibility. A tool for every user. Get it now at Senheng with S Coin Cash Back."
Product,https://www.senheng.com.my/apple-product-accessories/magic-mouse-usb-c-white-multi-touch-surface-pwp,Get Magic Mouse Usb C White Multi Touch Surface Pwp | S Coin Cash Back | Senheng Malaysia,"Navigate effortlessly with the Magic Mouse USB-C, featuring wireless precision and smooth swipes. Perfect for work or play. WhatsApp us today for quick purchase."
Product,https://www.senheng.com.my/cooking/built-in-ceramic-hob-dual-cooking-zones-vulkera-glass,Pick up Built-In Ceramic Hob | Free Extra 1-year Warranty | Senheng Malaysia,Built-In Ceramic Hob features dual cooking zones and premium Vulkera glass for efficient heating. Ideal for modern homes. Shop now at Senheng with 0% Instalments.
Product,https://www.senheng.com.my/cooking/elba-double-burners-built-in-glass-hob-eghk8942gbk,Buy Elba Double Burners Built-In Glass Hob | S Coin Cash Back | Senheng Malaysia,"Cook with style and power using the Elba Double Burners Built-In Hob, made with durable glass. Perfect for daily meals. WhatsApp us today to order. But at Senheng"
Product,https://www.senheng.com.my/cooking/table-gas-stove-automatic-piezo-ignition-egsf7112-ss,Buy Table Gas Stove | Buy Now Pay Later | Senheng Malaysia,Enjoy hassle-free cooking with the Table Gas Stove featuring Piezo ignition and durable design. Shop now at Senheng with Buy Now Pay Later. WhatsApp now!
Product,https://www.senheng.com.my/audio/samsung-11-1-4ch-q-series-soundbar-subwoofer-rear-speaker-sam-hwq990f,Pick up Samsung 11.1.4Ch Q Series Soundbar | S Coin Cash Back | Senheng Malaysia,Enjoy immersive sound with Samsung Q Series Soundbar featuring Dolby Atmos and wireless subwoofer. Ideal for movies and gaming. WhatsApp us today for quick purchase.
Product,https://www.senheng.com.my/cooking/haier-built-in-combined-cooker-electric-hob-hb-y672tk1dc,Shop for Haier Built-In Combined Cooker Electric Hob | Senheng Malaysia,"Enjoy versatile cooking with the Haier Built-In Electric Hob, combining performance and style. Perfect for home chefs. WhatsApp us now to secure yours."
Product,https://www.senheng.com.my/cookers/joyoung-ih-electromagnetic-zero-coated-4l-rice-cooker,Pick up Joyoung IH Rice Cooker | Buy Now Pay Later | Senheng Malaysia,"Joyoung IH Rice Cooker brings uniform heating and zero-coated pot for safe, healthy meals. Everyday cooking made easy. Buy at Senheng with 0% Instalments."
Product,https://www.senheng.com.my/beverage-preparation/elba-5-0l-stainless-steel-electric-kettle-ekr5316-bk,Get Elba 5.0L Stainless Steel Electric Kettle| Senheng Malaysia,The Elba 5.0L Stainless Steel Kettle heats water quickly with durable build and large capacity. Great for family use. Buy today at Senheng with S Coin Cash Back.
Product,https://www.senheng.com.my/cooking/electrolux-90cm-ultimatetaste-300-built-in-gas-hob-with-2-cooking-zones-ele-ehg9231bc,Order Electrolux 90cm Built-In Gas Hob | S Coin Cash Back | Senheng Malaysia,The Electrolux 90cm Built-In Hob ensures precise cooking with dual zones and stylish design. Shop today at Senheng with 0% Instalments. WhatsApp us now!
Product,https://www.senheng.com.my/cooking/faber-built-in-hood-faberjet-primera-90bk,Buy Faber Built-In Hood Faberjet Primera | S Coin Cash Back | Senheng Malaysia,The Faberjet Primera Hood keeps your kitchen smoke-free with strong extraction and stylish design. Buy at Senheng with Free Extra 1-year Warranty. WhatsApp us now!
Product,https://www.senheng.com.my/tv/sharp-50-aquos-4k-google-uhd-tv-4tc50hj6000x,Get Sharp 50 Inch AQUOS 4K Google UHD TV | Buy Now Pay Later | Senheng Malaysia,"Sharp AQUOS 50” 4K Google TV brings brilliant clarity, built-in apps, and voice control. Perfect for any living room. Shop today at Senheng with Free Extra 1-year Warranty."
Product,https://www.senheng.com.my/refrigerators/lg-474l-french-door-inverter-fridge-lg-gcb48fmgah,Order LG 474L French Door Inverter Fridge | Buy Now Pay Later | Senheng Malaysia,LG 474L French Door Fridge keeps food fresh with inverter cooling and spacious design. Perfect for modern families. Buy now at Senheng with S Coin Cash Back.
Product,https://www.senheng.com.my/refrigerators/hisense-420l-2-door-inverter-hse-rt469n4awu,Buy Hisense 420L 2 Door Inverter Fridge | S Coin Cash Back | Senheng Malaysia,"Keep groceries fresh longer with the Hisense 420L Inverter Fridge, designed with large compartments. Smart choice for homes. WhatsApp us today to order."
Product,https://www.senheng.com.my/vacuum-cleaners/philips-2000w-bagless-vacuum-cleaner-plp-fc9570,Buy Philips 2000W Bagless Vacuum Cleaner | S Coin Cash Back | Senheng Malaysia,Philips 2000W Bagless Vacuum delivers powerful suction with a hygienic dust container. Keep your home spotless. Buy now at Senheng with 0% Instalments.
Product,https://www.senheng.com.my/water-heaters/rubine-4-25kw-dc-pump-with-rainshower-rub-rwhsp241dmrcb,Buy Rubine 4 25Kw Dc Pump With Rainshower | Buy Now Pay Later | Senheng Malaysia,Rubine 4.25kW DC Pump with Rainshower offers powerful water flow and modern shower comfort. Enjoy luxury at home. Buy today at Senheng with S Coin Cash Back.
Product,https://www.senheng.com.my/tv/sharp-55-aquos-4k-google-uhd-tv-4tc55hj6000x,Buy Sharp 55 Inch AQUOS 4K Google UHD TV | Buy Now Pay Later | Senheng Malaysia,Experience sharp clarity with Sharp 55” AQUOS 4K Google TV. Voice control and apps keep you entertained. Shop today at Senheng with Free Extra 1-year Warranty.
Product,https://www.senheng.com.my/mobile-phones/huawei-pura70-ultra-16-512gb,Get Huawei Pura70 Ultra 16GB 512GB | S Coin Cash Back | Senheng Malaysia,"Huawei Pura70 Ultra combines speed, storage, and premium design. Perfect for creators on the go. Shop now at Senheng with Free Extra 1-year Warranty."
Product,https://www.senheng.com.my/tv/lg-85-inch-mini-led-tv-144hz-lg-85qned92asa,Get LG 85 Inch Mini LED TV 144Hz | S Coin Cash Back | Senheng Malaysia,LG 85” Mini LED TV delivers brilliant clarity and smooth performance. A true cinema experience at home. Shop now at Senheng with Free Extra 1-year Warranty.
Product,https://www.senheng.com.my/laptops/microsoft-surface-laptop-copilot-pc-13-snapdragon-x-plus,Get Microsoft Surface Laptop Copilot PC | S Coin Cash Back | Senheng Malaysia,Microsoft Surface Laptop Copilot PC features AI-powered Windows tools. Sleek design keeps it lightweight and fast. Buy now at Senheng with S Coin Cash Back.
Product,https://www.senheng.com.my/laundry/toshiba-10kg-heat-pump-tumble-dryer-tsb-tdbp110ghm-mg,Get Toshiba 10Kg Heat Pump Tumble Dryer | S Coin Cash Back | Senheng Malaysia,Toshiba 10Kg Heat Pump Dryer dries clothes with less energy. Its large drum is ideal for family laundry. Buy today at Senheng with Free Extra 1-year Warranty.
Product,https://www.senheng.com.my/ovens/robam-22l-portable-combi-oven,Order Robam 22L Portable Combi Oven | S Coin Cash Back | Senheng Malaysia,"Robam 22L Combi Oven pairs style with practicality. From roasting to steaming, it handles it all. Shop now at Senheng with Free Extra 1-year Warranty."
Product,https://www.senheng.com.my/laundry/sharp-12-5kg-top-load-washer-with-fuzzy-control-soft-close-tempered-glass-esx1221,Purchase Sharp 12.5Kg Top Load Washer | S Coin Cash Back | Senheng Malaysia,The Sharp 12.5Kg Washer ensures strong cleaning for heavy loads. Durable design suits everyday use. Shop now at Senheng with Free Extra 1-year Warranty.
Product,https://www.senheng.com.my/tv/sharp-98inch-4k-qled-google-tv-shp-4tc98hn7000x,Shop for Sharp 98 Inch 4K QLED Google TV | S Coin Cash Back | Senheng Malaysia,Sharp 98” 4K QLED TV pairs vibrant visuals with Google apps. Perfect for movie nights and sports. Shop today at Senheng with Free Extra 1-year Warranty.
Product,https://www.senheng.com.my/smart-home-accessories/starlink-v4-standard-pipe-adapter-mount-slk-stand-v4-a-m,Shop for Starlink V4 Pipe Adapter Mount | S Coin Cash Back | Senheng Malaysia,Install Starlink with confidence using the V4 Pipe Adapter Mount. Simple to attach and reliable for daily use. Shop today at Senheng with Free Extra 1-year Warranty.
Product,https://www.senheng.com.my/cameras/dji-osmo-360,Purchase DJI Osmo 360 | Buy Now Pay Later | Senheng Malaysia,DJI Osmo 360 pairs advanced stabilization with full 360° recording. A must-have for content makers. Shop now at Senheng with Free Extra 1-year Warranty.
Product,https://www.senheng.com.my/mobile-phones/pre-order-oppo-find-n5-eta-28th-february-2025-onwards,Shop for Oppo Find N5 | Buy Now Pay Later | Senheng Malaysia,Oppo Find N5 blends premium style and innovative foldable design. Perfect for modern smartphone users. Shop today at Senheng with Free Extra 1-year Warranty.
Product,https://www.senheng.com.my/refrigerators/tuscani-wine-coller-tus-bellona45,Buy Networking & Mounts | S Coin Cash Back | Senheng Malaysia,The Tuscani Bellona45 Wine Cooler stores up to 45 bottles with precise temperature control. Sleek design fits modern kitchens. Buy now at Senheng with 0% Instalments.
Product,https://www.senheng.com.my/laptops/acer-aspire-go-14-ace-ag14-71m-5529,Order Acer Aspire Go 14 | S Coin Cash Back | Senheng Malaysia,Acer Aspire Go 14 offers a slim design with reliable performance. Its 14” display is ideal for study or work. Buy today at Senheng with S Coin Cash Back.
Product,https://www.senheng.com.my/mobile-phones/oppo-reno-14-f-5g,Order Oppo Reno 14 F 5G | S Coin Cash Back | Senheng Malaysia,"Stay connected with Oppo Reno 14 F 5G, built for fast networks and creative use. Sleek design for modern users. WhatsApp us today to order yours."
Product,https://www.senheng.com.my/mobile-phones/honor-magic-v5,Pick up Honor Magic V5 | Buy Now Pay Later | Senheng Malaysia,Honor Magic V5 foldable phone brings large screen power in a slim design. Multitasking is smooth and easy. Buy today at Senheng with S Coin Cash Back.
Product,https://www.senheng.com.my/laptops/apple-macbook-air-13inch-15inch-m4-chip-256gb-512gb-1Tb-2025,Order Apple MacBook Air | Buy Now Pay Later | Senheng Malaysia,"MacBook Air balances performance, portability, and elegance. Ideal for students and pros. Shop now at Senheng with Free Extra 1-year Warranty."
Product,https://www.senheng.com.my/audio/sony-sound-bar-sny-hts60,Purchase Sony Sound Bar | Buy Now Pay Later | Senheng Malaysia,Sony Sound Bar pairs advanced audio with stylish design. Movies and music sound better instantly. Shop now at Senheng with Free Extra 1-year Warranty.
Product,https://www.senheng.com.my/cooking/robam-a837-crossover-series-range-hood,Get Robam A837 Crossover Series Range Hood | Senheng Malaysia,Enjoy clean air with Robam A837 Crossover Hood featuring high suction power and sleek design. A must for modern kitchens. WhatsApp us today for fast order.
Product,https://www.senheng.com.my/dish-care/electrolux-60cm-freestanding-dishwasher,Buy Electrolux 60cm Freestanding Dishwasher | Senheng Malaysia,"Enjoy sparkling dishes daily with the Electrolux 60cm Dishwasher, combining performance and durability. Shop now at Senheng with Free Extra 1-year Warranty."
Product,https://www.senheng.com.my/refrigerators/samsung-646l-side-by-side-fridge-sam-rs80f65mnw,Buy Samsung 646L Side By Side Fridge | S Coin Cash Back | Senheng Malaysia,"Spacious and efficient, Samsung 646L Fridge offers modern design with smart inverter cooling. Ideal for large homes. WhatsApp us today to order at Senheng."
Product,https://www.senheng.com.my/laundry/samsung-bespoke-laundry-airdresser-dual-jetsteam,Buy Samsung Bespoke Laundry | Free Extra 1-year Warranty | Senheng Malaysia,Samsung Bespoke Laundry system combines style with advanced cleaning performance for modern homes. Perfect for families. Buy today at Senheng with S Coin Cash Back.
Product,https://www.senheng.com.my/refrigerators/toshiba-410l-2-door-fridge-inverter-tsb-grrt466wepmy-58,Get Toshiba 410L 2 Door Fridge Inverter | Buy Now Pay Later | Senheng Malaysia,Toshiba 410L 2 Door Fridge keeps food fresh with inverter cooling. Its spacious design suits large households. Buy today at Senheng with S Coin Cash Back.
Product,https://www.senheng.com.my/smart-home-appliances/kdk-56-dc-4-blade-white,"Purchase KDK 56"" DC 4 Blade Fan White | Buy Now Pay Later | Senheng Malaysia","Stay cool with KDK 56” DC Fan, built with energy-saving motor. Sleek 4-blade design complements modern décor. WhatsApp us today to order yours."
Product,https://www.senheng.com.my/audio/haier-sound-bar,Shop for Haier Sound Bar | Buy Now Pay Later | Senheng Malaysia,Haier Sound Bar combines style with immersive sound performance. Enhance your home entertainment. Shop now at Senheng with Free Extra 1-year Warranty.
Product,https://www.senheng.com.my/smart-home-appliances/panasonic-bidet,Get Panasonic Bidet | Up to 36 Months Instalments | Senheng Malaysia,"Enjoy advanced hygiene with Panasonic Bidet, designed for daily convenience. Easy-to-use controls add comfort. WhatsApp us today to secure your modern bathroom upgrade."
Product,https://www.senheng.com.my/tv/lg-77-inch-4k-oled-tv-lg-77c5,Buy LG 77 Inch 4K OLED TV | Buy Now Pay Later | Senheng Malaysia,"Experience home cinema with LG 77” 4K OLED TV, built with Dolby Vision and Dolby Atmos. Entertainment feels lifelike. WhatsApp us now to place your order instantly."
Product,https://www.senheng.com.my/refrigerators/haier-239l-showcase-hai-sc248e,Order Haier 865L Showcase | Buy Now Pay Later | Senheng Malaysia,Haier 865L Showcase blends style with capacity for commercial spaces. Efficient cooling ensures freshness. Shop now at Senheng with Free Extra 1-year Warranty.
Product,https://www.senheng.com.my/mobile-phones/vivo-y29s-5g-6gb-128gb,Get vivo Y29S 5G 6GB 128GB | S Coin Cash Back | Senheng Malaysia,vivo Y29S 5G combines speed with 6GB RAM and 128GB storage for smooth daily use. Slim design makes it stylish. Buy today at Senheng with 0% Instalments available.
Product,https://www.senheng.com.my/tv/lg-83-inch-4k-oled-tv-lg-83c5,Get LG 83 Inch 4K OLED TV | Buy Now Pay Later | Senheng Malaysia,LG 83” OLED TV delivers breathtaking 4K visuals with deep blacks and lifelike colors. Dolby Atmos completes the cinema feel. Buy today at Senheng with 0% Instalments.
Product,https://www.senheng.com.my/refrigerators/haier-418l-2-door-fridge-hai-hrfit418xm-be,Get Haier 418L 2 Door Fridge | S Coin Cash Back | Senheng Malaysia,Haier 418L 2 Door Fridge keeps groceries fresh with inverter cooling. Spacious compartments suit families. Buy today at Senheng with 0% Instalments available.
Product,https://www.senheng.com.my/tv/sharp-aquos-4k-uhd-4tc65hj6000x,Shop for Sharp AQUOS 4K UHD | Buy Now Pay Later | Senheng Malaysia,"Sharp AQUOS 4K UHD TV blends sleek design, vivid colors, and smart features. Ideal for daily entertainment. Shop now at Senheng with Free Extra 1-year Warranty."
Product,https://www.senheng.com.my/tv/lg-75-inch-4k-mini-led-tv-lg-75qned92asa,Get LG 75 Inch 4K Mini LED TV | S Coin Cash Back | Senheng Malaysia,LG 75” Mini LED TV brings ultra-bright 4K visuals with lifelike colors. Perfect for sports and movies. Buy today at Senheng with S Coin Cash Back rewards.
Product,https://www.senheng.com.my/mobile-phones/iphone-16e,Purchase iPhone 16E | Free Extra 1-year Warranty | Senheng Malaysia,iPhone 16E delivers fast performance with stunning camera clarity. Sleek Apple design makes it stylish. Buy today at Senheng with 0% Instalments available.
Product,https://www.senheng.com.my/tv/lg-65-inch-qned-evo-ai-tv-qned82,Buy LG 65 Inch QNED Evo AI TV | Buy Now Pay Later | Senheng Malaysia,LG 65” QNED Evo AI TV combines vivid 4K clarity with AI-powered image processing. Entertainment feels lifelike. Buy today at Senheng with S Coin Cash Back rewards.
Product,https://www.senheng.com.my/tv/sony-4k-mini-led-tv,Buy Sony 4K Mini LED TV | 0% Interest Instalments | Senheng Malaysia,Sony 4K Mini LED TV produces sharp details with deep contrast and brightness. Movies feel cinematic at home. Buy today at Senheng with 0% Instalments available.
Product,https://www.senheng.com.my/smart-home-accessories/starlink-v4-standard-cable,Buy Starlink V4 Standard Cable | S Coin Cash Back | Senheng Malaysia,Starlink V4 Standard Cable offers dependable performance for daily use. A must for Starlink owners. Shop now at Senheng with Free Extra 1-year Warranty.
Product,https://www.senheng.com.my/mobile-phones/vivo-x200-fe-5g-12gb-512gb,Buy vivo X200 FE 5G 12GB 512GB | S Coin Cash Back | Senheng Malaysia,"vivo X200 FE 5G blends speed, storage, and style in one premium phone. Perfect for modern lifestyles. Shop now at Senheng with Free Extra 1-year Warranty included."
Product,https://www.senheng.com.my/laptops/acer-aspire-14-ai-cu5-226v-16gb-ram-512gb-ssd-14-office-preloaded,Shop for Acer Aspire 14 | 0% Interest Instalments | Senheng Malaysia,Acer Aspire 14 delivers dependable performance with a 14” display. Lightweight build makes it travel-ready. Buy today at Senheng with S Coin Cash Back rewards.
Product,https://www.senheng.com.my/hair-dryers/laifen-swift-premium-lf03-ptg-uk,Shop for Laifen Swift Premium | Buy Now Pay Later | Senheng Malaysia,"Laifen Swift Premium combines speed, care, and durability in one stylish hair dryer. Great for all hair types. Shop now at Senheng with Free Extra 1-year Warranty."
Product,https://www.senheng.com.my/tv/skyworth-4k-qled-google-tv-sky-75sue8100,Buy Skyworth 4K QLED Google TV | Buy Now Pay Later | Senheng Malaysia,Skyworth 4K QLED TV delivers vibrant colors and sharp details with Google TV apps. Smart features make streaming easy. Buy today at Senheng with S Coin Cash Back.
Product,https://www.senheng.com.my/tv/lg-55-inch-4k-smart-qned-tv-lg-55qned82asa,Get LG 55 Inch 4K Smart QNED TV | S Coin Cash Back | Senheng Malaysia,LG 55” 4K QNED TV delivers lifelike visuals with smart streaming options. AI picture processing enhances clarity. Buy today at Senheng with 0% Instalments available.
Product,https://www.senheng.com.my/refrigerators/sharp-220l-chest-freezer,Order Sharp 220L Chest Freezer | Buy Now Pay Later | Senheng Malaysia,Sharp 220L Chest Freezer keeps food fresh with deep freeze technology. Spacious design suits family storage. Buy today at Senheng with S Coin Cash Back rewards.
Product,https://www.senheng.com.my/tv/lg-86-inch-qned-mini-led-tv-lg-86qned86asa,Buy LG 86 Inch QNED Mini LED TV | Buy Now Pay Later | Senheng Malaysia,LG 86” QNED Mini LED TV brings brilliant 4K detail to a massive display. AI processing enhances every frame. Buy today at Senheng with S Coin Cash Back rewards.
Product,https://www.senheng.com.my/iron/philips-easyspeed-steam-iron-gc1752-36,Buy Philips EasySpeed Steam Iron | S Coin Cash Back | Senheng Malaysia,Philips EasySpeed Steam Iron removes creases with quick heat-up. Non-stick soleplate ensures smooth gliding. Buy today at Senheng with 0% Instalments available.
Product,https://www.senheng.com.my/cookers/faber-multi-cooker-pine-s-fmc-1208wh,Purchase Faber Multi Cooker Pine | S Coin Cash Back | Senheng Malaysia,"Faber Multi Cooker Pine cooks rice, stews, and soups in one device. Compact design makes storage easy. Buy today at Senheng with S Coin Cash Back rewards."
Product,https://www.senheng.com.my/cooking/haier-2-burners-gas-hob,Purchase Haier 2 Burner Gas Hob | Buy Now Pay Later | Senheng Malaysia,Haier 2 Burner Gas Hob delivers strong flame power with tempered glass design. Easy to clean and safe to use. Buy today at Senheng with 0% Instalments available.
Product,https://www.senheng.com.my/ovens/toshiba-25l-warm-grill-tsb-mw3eg25pf-bk,Order Toshiba 25L Warm Grill Oven | S Coin Cash Back | Senheng Malaysia,"Toshiba 25L Warm Grill Oven combines baking, grilling, and reheating in one. Compact yet versatile for kitchens. Buy today at Senheng with 0% Instalments available."
Product,https://www.senheng.com.my/tv/tcl-frameless-full-hd-hdr-tv-with-android-tv-32s5400af,Pick up TCL Frameless Full HD HDR TV with Android TV | Senheng Malaysia,"TCL Frameless Full HD HDR TV offers stunning picture with a modern design. Access apps, movies, and shows with Android TV. Shop now at Senheng with 0% Instalments available."
Product,https://www.senheng.com.my/mobile-phones/realme-14-pro,Shop for Realme 14 Pro | Up to 36 Months Instalments | Senheng Malaysia,Realme 14 Pro delivers sleek design with strong performance. Advanced cameras capture moments in detail. Buy today at Senheng with S Coin Cash Back rewards.
Product,https://www.senheng.com.my/laundry/hisense-10-5kg-top-load-washer-hse-wt105ge30,Buy Hisense 10.5Kg Top Load Washer | S Coin Cash Back | Senheng Malaysia,Hisense 10.5Kg Washer cleans large loads efficiently with durable drum design. Perfect for families. Buy today at Senheng with S Coin Cash Back rewards.
Product,https://www.senheng.com.my/refrigerators/hisense-520l-multi-door-fridge-inverter-rq555n4abn,Get Haier 239L Showcase | Up to 36 Months Instalments | Senheng Malaysia,Haier 239L Showcase keeps drinks and food fresh with efficient cooling. Glass doors make stock visible. Buy today at Senheng with 0% Instalments available.
Product,https://www.senheng.com.my/tv/lg-86-inch-smart-uhd-tv-lg-86ua8450,Get LG 86 Inch Smart UHD TV | 0% Interest Instalments | Senheng Malaysia,LG 86” Smart UHD TV offers a massive 4K screen with vivid colors. Smart apps keep streaming simple. Buy today at Senheng with S Coin Cash Back rewards.
Product,https://www.senheng.com.my/wearables/samsung-galaxy-watch8,Order Samsung Galaxy Watch8 | 0% Interest Instalments | Senheng Malaysia,"Samsung Galaxy Watch8 tracks health, workouts, and notifications with ease. Sleek design suits all-day wear. Buy today at Senheng with 0% Instalments available."
Product,https://www.senheng.com.my/ovens/toshiba-20l-pure-steam-oven-tsb-ms3stq20se-bk,Order Toshiba 20L Pure Steam Oven | Buy Now Pay Later | Senheng Malaysia,Toshiba 20L Pure Steam Oven cooks healthier meals with steam technology. Compact size suits modern kitchens. Buy today at Senheng with S Coin Cash Back rewards.
Product,https://www.senheng.com.my/food-preparation/elba-stand-mixer-esmb-m3436ss,Pick up Elba Stand Mixer | Free Extra 1-year Warranty | Senheng Malaysia,Elba Stand Mixer makes baking easier with strong motor and multiple speeds. Durable bowl handles daily use. Buy today at Senheng with 0% Instalments available.
Product,https://www.senheng.com.my/laptops/hp-15-6-laptop-15-i7-13620h-16gb-ram-512gb-ssd-office-preloaded,Shop for HP 15.6 Laptop | Up to 36 Months Instalments | Senheng Malaysia,HP 15.6 Laptop combines large display with dependable performance. Slim build makes it easy to carry. Buy today at Senheng with S Coin Cash Back rewards.
Product,https://www.senheng.com.my/mobile-phones/oppo-reno-14-5g-12gb-512gb,Pick up Oppo Reno 14 5G 12GB 512GB | Buy Now Pay Later | Senheng Malaysia,Oppo Reno 14 5G packs 12GB RAM and 512GB storage for speed and space. Advanced cameras capture brilliance. Buy today at Senheng with S Coin Cash Back rewards.
Product,https://www.senheng.com.my/mobile-phones/vivo-x-fold5-5g-16gb-512gb,Pick up vivo X Fold5 5G 16GB 512GB | Buy Now Pay Later | Senheng Malaysia,vivo X Fold5 5G features a foldable display with 16GB RAM and 512GB storage. A phone built for power. Buy today at Senheng with 0% Instalments available.
Product,https://www.senheng.com.my/hair-dryers/dyson-supersonic-nural-hair-dryer-jasper-plum,Purchase Dyson Supersonic Nural Hair Dryer Jasper Plum | Senheng Malaysia,Dyson Supersonic Nural dries hair fast with intelligent heat control. Jasper Plum adds elegance to design. Buy today at Senheng with Free Extra 1-year Warranty.
Product,https://www.senheng.com.my/refrigerators/haier-331l-upright-freezer,Purchase Haier 331L Upright Freezer | S Coin Cash Back | Senheng Malaysia,Haier 331L Upright Freezer provides ample vertical storage with adjustable shelves. Energy-efficient cooling keeps food fresh. Buy today at Senheng with S Coin Cash Back rewards.
Product,https://www.senheng.com.my/refrigerators/haier-865l-showcase-hai-sc865e,Purchase Hisense 128L Chest Freezer | S Coin Cash Back | Senheng Malaysia,Hisense 128L Chest Freezer offers spacious storage in a compact design. Efficient cooling keeps food fresh. Buy today at Senheng with S Coin Cash Back rewards.
Product,https://www.senheng.com.my/mobile-phones/oppo-reno-13-5g-12gb-512gb,Purchase Oppo Reno 13 5G 12GB 512GB | S Coin Cash Back | Senheng Malaysia,Dyson Supersonic Nural dries hair fast with intelligent heat control. Jasper Plum adds elegance to design. Buy today at Senheng with Free Extra 1-year Warranty.
Product,https://www.senheng.com.my/mobile-phones/realme-gt7-12gb-512gb,Get Realme GT7 12GB 512GB | Up to 36 Months Instalments | Senheng Malaysia,Realme GT7 delivers flagship speed with 12GB RAM and 512GB storage. Sleek design enhances style. Buy today at Senheng with Free Extra 1-year Warranty.
Product,https://www.senheng.com.my/tablets/samsung-galaxy-tab-s10-fe-plus-12gb-256gb,Order Samsung Galaxy Tab S10 Fe Plus | S Coin Cash Back | Senheng Malaysia,Samsung Galaxy Tab S10 FE Plus combines performance with long battery life. Ideal for entertainment. Shop now at Senheng with Free Extra 1-year Warranty.
Product,https://www.senheng.com.my/audio/sony-bravia-theatre-bar-6-ht-b600-3-1-2ch-soundbar-with-powerful-wireless-subwoofer-dolby-atmos-dts-x-sny-htb600,Order Sony Bravia Theatre Bar | 0% Interest Instalments | Senheng Malaysia,Sony Bravia Theatre Bar delivers immersive surround sound for home entertainment. Sleek design fits modern homes. Buy today at Senheng with 0% Instalments available.
Product,https://www.senheng.com.my/tv/lg-85-inch-4k-smart-qned-tv-lg-86qned82asa,Pick up LG 85 Inch 4K Smart QNED TV | Buy Now Pay Later | Senheng Malaysia,LG 85” 4K Smart QNED TV delivers lifelike detail with advanced Quantum Dot NanoCell tech. A massive upgrade. Buy today at Senheng with Free Extra 1-year Warranty.
Product,https://www.senheng.com.my/mobile-phones/oppo-reno-13-f-5g,Purchase Oppo Reno 13 F 5G | Free Extra 1-year Warranty | Senheng Malaysia,Oppo Reno 13 F 5G delivers sleek design with smooth performance. Great cameras capture vivid details. Buy today at Senheng with S Coin Cash Back rewards.
Product,https://www.senheng.com.my/water-heaters/toshiba-senstemp-instant-electric-water-heater-with-pump-tsb-twh45emcpmy-k-kb,Shop for Toshiba Senstemp Instant Electric Water Heater | Senheng Malaysia,Toshiba Senstemp Water Heater provides instant hot water with adjustable settings. Built-in pump ensures strong flow. Buy today at Senheng with 0% Instalments available.
Product,https://www.senheng.com.my/mobile-phones/realme-14-5g-8gb-256gb,Buy Realme 14 5G 8GB 256GB | Up to 36 Months Instalments | Senheng Malaysia,Realme 14 5G offers smooth performance with 8GB RAM and 256GB storage. Stylish build suits daily use. Buy today at Senheng with S Coin Cash Back rewards.
Product,https://www.senheng.com.my/smart-home-accessories/starlink-v4-standard-wall-mount-slk-stand-v4-w-m,Get Starlink V4 Wall Mount | Up to 36 Months Instalments | Senheng Malaysia,Starlink V4 Wall Mount secures your dish for stable signal and performance. Built with durable materials. Buy today at Senheng with 0% Instalments available.
Product,https://www.senheng.com.my/tv/lg-83-inch-oled-tv-165hz-lg-83g5,Order LG 83 Inch OLED TV 165Hz | 0% Interest Instalments | Senheng Malaysia,LG 83” OLED TV with 165Hz refresh rate delivers ultra-smooth visuals. Perfect for gaming and movies. Buy today at Senheng with S Coin Cash Back rewards.
Product,https://www.senheng.com.my/mobile-phones/oppo-a5-4g-8gb-256gb,Order Oppo A5 4G 8GB 256GB | Up to 36 Months Instalments | Senheng Malaysia,"Oppo A5 4G packs speed, storage, and a modern design for everyday tasks. Great for students and professionals. Shop now at Senheng with 0% Instalments available."
Product,https://www.senheng.com.my/cookers/philips-1-8l-rice-cooker-plp-hd3212-32,Order Philips 1.8L Rice Cooker | 0% Interest Instalments | Senheng Malaysia,Philips 1.8L Rice Cooker offers easy controls and even cooking performance. A kitchen essential. Shop now at Senheng with Free Extra 1-year Warranty.
Product,https://www.senheng.com.my/smart-home-appliances/starlink-standard-kit-v4,Order Starlink Standard Kit V4 | 0% Interest Instalments | Senheng Malaysia,Starlink Standard Kit V4 brings high-speed satellite internet anywhere. Easy setup ensures quick connection. Buy today at Senheng with 0% Instalments available.
Product,https://www.senheng.com.my/beverage-preparation/nespresso-essenza-mini-bundle-nes-a3c30mewh,Pick up Nespresso Essenza Mini Bundle | S Coin Cash Back | Senheng Malaysia,Nespresso Essenza Mini Bundle brews rich coffee with compact design. Includes starter pods for convenience. Buy today at Senheng with S Coin Cash Back rewards.
Product,https://www.senheng.com.my/tv/lg-65-inch-mini-led-tv-144hz-lg-65qned92asa,Purchase LG 65 Inch Mini LED TV 144Hz | S Coin Cash Back | Senheng Malaysia,LG 65” Mini LED TV offers 4K clarity with 144Hz refresh rate for smooth motion. Ideal for gaming and sports. Buy today at Senheng with Free Extra 1-year Warranty.
Product,https://www.senheng.com.my/mobile-phones/oppo-reno-14-pro-12gb-512gb,Purchase Oppo Reno 14 Pro 12GB 512GB | Buy Now Pay Later | Senheng Malaysia,Oppo Reno 14 Pro delivers flagship performance with 12GB RAM and 512GB storage. Stunning cameras capture brilliance. Buy today at Senheng with S Coin Cash Back rewards.
Product,https://www.senheng.com.my/beverage-preparation/nespresso-my-essenza-mini-d30-piano-black-nes-a3d30mebk,Buy Nespresso Essenza Mini Piano Black | S Coin Cash Back | Senheng Malaysia,Nespresso Essenza Mini Piano Black delivers rich coffee in a compact design. One-touch brewing makes café moments simple. Buy today at Senheng with S Coin Cash Back rewards.
Product,https://www.senheng.com.my/tv/sharp-aquos-xled-85-inch-4k-uhd-tv-4tc85hu8500x,Buy Sharp AQUOS XLED 85 Inch 4K UHD TV | S Coin Cash Back | Senheng Malaysia,Sharp AQUOS XLED 85” 4K UHD TV provides breathtaking clarity with advanced XLED display. A cinematic home upgrade. Buy today at Senheng with 0% Instalments available.
Product,https://www.senheng.com.my/tv/sharp-75-inch-google-uhd-tv-shp-4tc75hj6000x,Get Sharp 75 Inch Google UHD TV | 0% Interest Instalments | Senheng Malaysia,Sharp 75” Google UHD TV blends high-definition clarity with smart entertainment features. Ideal for large spaces. Shop now at Senheng with Free Extra 1-year Warranty.
Product,https://www.senheng.com.my/refrigerators/toshiba-820l-side-by-side-fridge-tsb-grrs905wiapgy-g7,Order Toshiba 820L Side By Side Fridge | S Coin Cash Back | Senheng Malaysia,Toshiba 820L Side by Side Fridge offers huge capacity with inverter cooling for consistent freshness. Sleek and family-ready. Buy today at Senheng with 0% Instalments.
Product,https://www.senheng.com.my/vacuum-cleaners/philips-premium-stick-vacuum-xc2011,Purchase Philips Premium Stick Vacuum | Buy Now Pay Later | Senheng Malaysia,Philips Premium Stick Vacuum delivers strong suction with lightweight cordless design. Easy to maneuver around your home. Buy today at Senheng with S Coin Cash Back.
Product,https://www.senheng.com.my/mobile-phones/realme-gt7t-12gb-256gb,Purchase Realme GT7T 12GB 256GB | 0% Interest Instalments | Senheng Malaysia,Realme GT7T offers smooth multitasking with 12GB RAM and 256GB storage. Sleek design and strong cameras add more value. Buy today at Senheng with 0% Instalments.
Product,https://www.senheng.com.my/tv/lg-oled-tv-144hz-55,Shop for LG OLED TV 144Hz 55 | Free Extra 1-year Warranty | Senheng Malaysia,LG 55” OLED TV with 144Hz refresh rate delivers stunning visuals and smooth motion. Perfect for gamers and movie lovers. Buy today at Senheng with S Coin Cash Back.
Product,https://www.senheng.com.my/cooking/robam-dual-cavity-range-hood-a862,Buy Robam Dual Cavity Range Hood | 0% Interest Instalments | Senheng Malaysia,Robam Dual Cavity Range Hood ensures powerful suction to eliminate smoke and grease. A sleek addition to modern kitchens. Buy today at Senheng with S Coin Cash Back.
Product,https://www.senheng.com.my/cooking/faber-built-in-hood-faberjet-xenon-90bk,Get Faber Built-In Hood Faberjet Xenon | Buy Now Pay Later | Senheng Malaysia,Faber Built-In Hood Faberjet Xenon delivers strong suction with energy-efficient design. Perfect for everyday cooking. Buy today at Senheng with Free Extra 1-year Warranty.
Product,https://www.senheng.com.my/tv/sharp-aquos-xled-75-inch-4k-uhd-tv-4tc75hu8500x,Get Sharp AQUOS XLED 75 Inch 4K UHD TV | Buy Now Pay Later | Senheng Malaysia,Sharp AQUOS XLED 75” 4K UHD TV delivers vivid clarity with ultra-bright display. A true home cinema upgrade. Buy today at Senheng with Free Extra 1-year Warranty.
Product,https://www.senheng.com.my/beverage-preparation/joyoung-120mm-wide-inlet-net-free-filter-slow-juicer-jsj09s60,Order Joyoung 120mm Wide Inlet Net Free Filter Slow Juicer | Senheng Malaysia,Joyoung Slow Juicer offers powerful performance with easy-to-clean net-free filter. Perfect for daily health routines. Shop now at Senheng with 0% Instalments available.
Product,https://www.senheng.com.my/laptops/microsoft-surface-pro-copilot-pc-12-snapdragon-x-plus,Order Microsoft Surface Pro Copilot PC | Buy Now Pay Later | Senheng Malaysia,Microsoft Surface Pro Copilot PC delivers laptop power with tablet flexibility. Lightweight and portable design. Buy today at Senheng with S Coin Cash Back rewards.
Product,https://www.senheng.com.my/tv/skyworth-43-inch-2k-fhd-google-tv-e6800g,Order Skyworth 43 Inch 2K FHD Google TV | S Coin Cash Back | Senheng Malaysia,Skyworth 43” 2K FHD Google TV combines clear visuals with smart features. Perfect for bedrooms or small living rooms. Shop now at Senheng with Free Extra 1-year Warranty.
Product,https://www.senheng.com.my/smart-home-accessories/starlink-v4-standard-pivot-mount-slk-stand-v4-p-m,Order Starlink V4 Pivot Mount | Free Extra 1-year Warranty | Senheng Malaysia,Starlink V4 Pivot Mount provides a secure and flexible installation option. Built to withstand outdoor conditions. Buy today at Senheng with S Coin Cash Back rewards.
Product,https://www.senheng.com.my/laptops/hp-omnibook-x-laptop-14-fe1013qu-snapdragon-x-plus-16gb-ram-512gb-ssd-14-diagonal-2-2k-touch-display-opi-windows11,Purchase HP Omnibook X Laptop 14 | 0% Interest Instalments | Senheng Malaysia,"HP Omnibook X 14” Laptop blends performance, portability, and style. Perfect for professionals and students. Shop now at Senheng with Free Extra 1-year Warranty."
Product,https://www.senheng.com.my/tv/lg-100-inch-mini-led-tv-144hz-lg-100qned86as,Purchase LG 100 Inch Mini LED TV 144Hz | Buy Now Pay Later | Senheng Malaysia,"LG 100” Mini LED TV 144Hz combines massive display, AI enhancements, and premium sound. Entertainment at its best. Shop now at Senheng with Free Extra 1-year Warranty."
Product,https://www.senheng.com.my/tv/lg-75-inch-4k-uhd-ai-tv-ua84-hdr10-lg-75ua8450,Buy LG 75 Inch 4K UHD AI TV HDR10 | 0% Interest Instalments | Senheng Malaysia,LG 75” 4K UHD AI TV with HDR10 brings lifelike colors and enhanced clarity. AI upscaling makes every scene stunning. Buy today at Senheng with Free Extra 1-year Warranty.
Product,https://www.senheng.com.my/refrigerators/samsung-427l-2-door-fridge-inverter-sam-rt42cg6444b1,Buy Samsung 427L 2 Door Inverter Fridge | Buy Now Pay Later | Senheng Malaysia,"Samsung 427L 2 Door Inverter Fridge blends modern design, large capacity, and durability. A great kitchen upgrade. Shop now at Senheng with Free Extra 1-year Warranty."
Product,https://www.senheng.com.my/laptops/asus-vivobook-snapdragon-x-x1-26-100-16gb-ram-1tb-ssd-14-office-preloaded-microsoft-365-basic-1-year,Get Asus VivoBook Snapdragon X | Free Extra 1-year Warranty | Senheng Malaysia,Asus VivoBook Snapdragon X delivers smooth performance with efficient processing. Sleek and lightweight for daily use. Buy today at Senheng with Free Extra 1-year Warranty.
Product,https://www.senheng.com.my/refrigerators/lg-423l-2-door-fridge-lg-gnb392pffk,Pick up LG 423L 2 Door Fridge | Up to 36 Months Instalments | Senheng Malaysia,LG 423L 2 Door Fridge keeps groceries fresh with inverter cooling and spacious compartments. Energy-efficient design. Buy today at Senheng with S Coin Cash Back rewards.
Product,https://www.senheng.com.my/mobile-phones/oppo-a5-pro-8gb-256gb,Pick up Oppo A5 Pro 8GB 256GB | Up to 36 Months Instalments | Senheng Malaysia,Oppo A5 Pro delivers smooth performance with 8GB RAM and 256GB storage. A sleek design with long battery life. Buy today at Senheng with Free Extra 1-year Warranty.
Product,https://www.senheng.com.my/audio/sony-high-audio-system-sny-srsxv500,Pick up Sony High Audio System | Free Extra 1-year Warranty | Senheng Malaysia,Sony High Audio System delivers powerful sound with deep bass for parties and home use. Sleek modern design. Buy today at Senheng with S Coin Cash Back rewards.
Product,https://www.senheng.com.my/food-preparation/kenwood-1200w-chef-xl-knw-kvl4100,Purchase Kenwood 1200W Chef XL | Free Extra 1-year Warranty | Senheng Malaysia,"Kenwood Chef XL 1200W Stand Mixer powers through mixing, kneading, and whisking. Durable and versatile design. Buy today at Senheng with Free Extra 1-year Warranty."
Product,https://www.senheng.com.my/tv/sharp-75inch-4k-qled-google-tv-shp-4tc75hn7000x,Purchase Sharp 75 Inch 4K QLED Google TV | S Coin Cash Back | Senheng Malaysia,Sharp 75” 4K QLED Google TV brings vivid colors and sharp detail with HDR. Google TV makes streaming effortless. Buy today at Senheng with Free Extra 1-year Warranty.
Product,https://www.senheng.com.my/tv/sony-75-inch-bravia-2-ii-4k-processor-x1-ultra-hd-smart-tv,Purchase Sony 75 Inch BRAVIA 2 | Free Extra 1-year Warranty | Senheng Malaysia,Sharp 75” 4K QLED Google TV brings vivid colors and sharp detail with HDR. Google TV makes streaming effortless. Buy today at Senheng with Free Extra 1-year Warranty.
Product,https://www.senheng.com.my/cooking/haier-90cm-compact-slanted-hood-hai-hhgt6907gb,Shop for Haier 90cm Compact Slanted Hood | S Coin Cash Back | Senheng Malaysia,"Keep your kitchen fresh with Haier 90cm Compact Hood, designed with sleek angles for space-saving. Easy to clean. WhatsApp us today to order yours."
Product,https://www.senheng.com.my/refrigerators/toshiba-530l-multi-door-tsb-grrf611wipgy-22,Shop for Toshiba 530L Multi Door Fridge | Buy Now Pay Later | Senheng Malaysia,Toshiba 530L Multi Door Fridge offers large storage with inverter cooling for lasting freshness. Sleek modern design. Buy today at Senheng with S Coin Cash Back rewards.
Product,https://www.senheng.com.my/cooking/electrolux-2-burner-cooker-hob,Buy Electrolux 2 Burner Cooker Hob | 0% Interest Instalments | Senheng Malaysia,Electrolux 2 Burner Cooker Hob delivers precision flame control in a sleek glass design. Compact for daily use. Buy today at Senheng with Free Extra 1-year Warranty.
Product,https://www.senheng.com.my/mobile-phones/oppo-reno-13-pro-5g-12gb-512gb,Get Oppo Reno 13 Pro 5G 12GB 512GB | 0% Interest Instalments | Senheng Malaysia,"Power through tasks with Oppo Reno 13 Pro 5G, offering smooth performance and stylish design. Long battery life included. WhatsApp us today to secure yours."
Product,https://www.senheng.com.my/ovens/samsung-microwave-oven-32l-sam-ms32dg4504agsm,Get Samsung 32L Microwave Oven | Up to 36 Months Instalments | Senheng Malaysia,Samsung 32L Microwave Oven combines sleek looks with reliable performance. A perfect kitchen essential. Shop now at Senheng with 0% Instalments available.
Product,https://www.senheng.com.my/tv/sharp-aquos-xled-65-inch-4k-uhd-tv-shp-4tc65hu8500x,Order Sharp AQUOS XLED 65 Inch 4K UHD TV | Buy Now Pay Later | Senheng Malaysia,Sharp AQUOS XLED 65” 4K UHD TV delivers vibrant visuals with advanced display technology. Slim and elegant design. Buy today at Senheng with S Coin Cash Back rewards.
Product,https://www.senheng.com.my/laundry/haier-12kg-top-load-washer-hwm120-316s6,Pick up Haier 12Kg Top Load Washer | 0% Interest Instalments | Senheng Malaysia,Haier 12Kg Top Load Washer offers powerful cleaning with large capacity for family laundry. Energy-efficient too. Buy today at Senheng with Free Extra 1-year Warranty.
Product,https://www.senheng.com.my/laundry/hisense-10-5kg-front-load-washer-hse-wf105n1,Purchase Hisense 10.5Kg Front Load Washer | S Coin Cash Back | Senheng Malaysia,Hisense 10.5Kg Front Load Washer delivers powerful cleaning with energy efficiency. Large capacity suits family laundry. Buy today at Senheng with Free Extra 1-year Warranty.
Product,https://www.senheng.com.my/tablets/samsung-galaxy-tab-s10-fe-12gb-256gb,Shop for Samsung Galaxy Tab S10 Fe | 0% Interest Instalments | Senheng Malaysia,Samsung Galaxy Tab S10 FE offers smooth performance with a vivid display for work and play. Lightweight and portable. Buy today at Senheng with S Coin Cash Back rewards.
Product,https://www.senheng.com.my/audio/samsung-soundbar-subwoofer-q-series-2025-sam-hwqs700f,Order Samsung Soundbar Subwoofer Q Series | Buy Now Pay Later | Senheng Malaysia,Samsung Q Series Soundbar with Subwoofer enhances TV sound with powerful bass and clarity. A home theater must-have. Shop now at Senheng with 0% Instalments available.
Product,https://www.senheng.com.my/cooking/elba-2-burner-cooker-hob-eghk8842gbk,Pick up Elba 2 Burner Cooker Hob | Free Extra 1-year Warranty | Senheng Malaysia,Elba 2 Burner Cooker Hob delivers precise flame control for efficient cooking. Durable and stylish for kitchens. Buy today at Senheng with Free Extra 1-year Warranty.
Product,https://www.senheng.com.my/tv/sony-bravia-5-65-class-mini-led-4k-hdr-google-tv-2025,Pick up Sony BRAVIA 5 65 Class Mini LED 4K HDR Google TV 2025 | Senheng Malaysia,Sony BRAVIA 5 65” Mini LED 4K HDR Google TV delivers lifelike visuals with advanced processing. Slim and stylish. Buy today at Senheng with Free Extra 1-year Warranty.
Product,https://www.senheng.com.my/tv/sony-bravia-5-98-inch-class-mini-led-4k-hdr-google-tv-sny-k98xr50,Pick up Sony BRAVIA 5 98 Inch Class Mini LED 4K HDR Google TV | Senheng Malaysia,Sony BRAVIA 5 98” Mini LED 4K HDR Google TV brings a theater-like experience to your home. Incredible detail on a huge screen. Buy today at Senheng with Free Extra 1-year Warranty.
Product,https://www.senheng.com.my/tv/lg-65-inch-mini-led-tv-lg-65qned86asa,Purchase LG 65 Inch Mini LED TV | Up to 36 Months Instalments | Senheng Malaysia,LG 65” Mini LED TV delivers sharp contrast and bright colors with advanced display tech. Slim profile enhances any room. Buy today at Senheng with Free Extra 1-year Warranty.
Product,https://www.senheng.com.my/tv/lg-43-inch-smart-uhd-tv-lg-43ua7350,Shop for LG 43 Inch Smart UHD TV | Free Extra 1-year Warranty | Senheng Malaysia,"LG 43” Smart UHD TV combines convenience, style, and great picture quality. Perfect for bedrooms or living rooms. Shop now at Senheng with S Coin Cash Back rewards."
Product,https://www.senheng.com.my/food-preparation/midea-1-8l-glass-jar-food-chopper-mid-mbcjc11,Shop for Midea 1.8L Glass Jar Food Chopper | S Coin Cash Back | Senheng Malaysia,"Midea 1.8L Glass Jar Food Chopper makes chopping, blending, and mixing easy. Large glass jar ensures durability. Buy today at Senheng with Free Extra 1-year Warranty."
Product,https://www.senheng.com.my/tv/tcl-tv-c7k-premium-qd-miniled-tv,Shop for TCL TV C7K Premium QD MiniLED TV | Buy Now Pay Later | Senheng Malaysia,TCL C7K Premium QD MiniLED TV delivers vivid brightness with Quantum Dot technology. Slim design enhances any space. Buy now at Senheng with Free Extra 1-year Warranty.
Product,https://www.senheng.com.my/kitchenware/tefal-one-pick-pot-pan-22cm-beige-tef-g16725,Shop for Tefal One Pick Pot Pan 22cm Beige | S Coin Cash Back | Senheng Malaysia,Tefal One Pick Pot Pan 22cm in Beige offers non-stick durability for everyday cooking. Compact and versatile. Buy today at Senheng with S Coin Cash Back rewards.
Product,https://www.senheng.com.my/tablets/apple-ipad-air-13-inch-m3-chip-2025,Purchase Apple Ipad Air 13 Inch M3 Chip 2025 | Buy Now Pay Later | Senheng,Apple iPad Air 13” with M3 chip delivers blazing performance and stunning visuals. Slim and portable. Buy today at Senheng with Free Extra 1-year Warranty.
Product,https://www.senheng.com.my/iron/philips-2200w-3000-series-steam-iron-dst3020,Buy Philips 2200W 3000 Series Steam Iron | 0% Interest Instalments | Senheng,Philips 3000 Series 2200W Steam Iron makes ironing faster with continuous steam output. Designed for efficiency and ease of use. WhatsApp us today to order yours with Senheng benefits.
Product,https://www.senheng.com.my/laundry/samsung-10kg-laundry-front-load-washer-smartthings-ai-energy-mode-sam-ww10dg5u34ae,Purchase Samsung 10Kg Front Load Washer | Buy Now Pay Later | Senheng Malaysia,"Samsung’s 10Kg Front Load Washer combines durability, high capacity, and efficient cleaning. A reliable upgrade for your home. Shop today at Senheng with 0% Instalments available."
Product,https://www.senheng.com.my/laundry/toshiba-8-5kg-6kg-washer-dryer-inverter-tsb-twdt21bu95uwm-mg,Get Toshiba 8.5Kg / 6Kg Washer Dryer Inverter | Senheng Malaysia,Toshiba 8.5Kg/6Kg Washer Dryer Inverter combines washing and drying in one machine. Space-saving and efficient. Buy today at Senheng with S Coin Cash Back rewards.
Product,https://www.senheng.com.my/laundry/haier-8kg-front-load-washer-inverter-hai-hw80bp1239s8,Get Haier 8Kg Front Load Washer Inverter | Buy Now Pay Later | Senheng Malaysia,Haier 8Kg Front Load Washer Inverter delivers efficient cleaning with energy-saving tech. Compact yet powerful. Buy today at Senheng with Free Extra 1-year Warranty.
Product,https://www.senheng.com.my/ovens/electrolux-72l-ultimatetaste-300-built-in-electric-oven-ele-koigh00ka,Get Electrolux 72L UltimateTaste 300 Oven | S Coin Cash Back | Senheng Malaysia,The Electrolux 72L UltimateTaste 300 Oven delivers even cooking with advanced heating. Spacious design suits family meals. Buy today at Senheng with Free Extra 1-year Warranty.
Product,https://www.senheng.com.my/ovens/panasonic-31l-steam-convection-cubie-oven-psn-nusc280,Purchase Panasonic 31L Cubie Oven | 0% Interest Instalments | Senheng Malaysia,"Panasonic 31L Steam Convection Cubie Oven combines steam, bake, and grill in one appliance. Healthy cooking made easy. Buy now at Senheng with Free Extra 1-year Warranty."
Product,https://www.senheng.com.my/ovens/electrolux-60cm-ultimatetaste-500-built-in-grill-microwave-oven,Buy Electrolux 60cm In Grill Microwave Oven | S Coin Cash Back | Senheng,Electrolux In Grill 60cm Microwave Oven delivers convenience with versatile cooking options. Perfect for modern kitchens. Shop now at Senheng with 0% Instalments available.
Product,https://www.senheng.com.my/refrigerators/toshiba-820l-side-by-side-fridge-tsb-grrs910wipmy-06,Order Hisense 520L Multi Door Inverter Fridge | S Coin Cash Back | Senheng,Hisense 520L Multi Door Fridge Inverter offers spacious storage with energy-efficient cooling. Modern design suits family homes. Buy now at Senheng with Free Extra 1-year Warranty.
Product,https://www.senheng.com.my/refrigerators/midea-580l-multi-door-fridge-inverter-mid-mdrf633mif61w,Buy Midea 580L Multi Door Fridge | 0% Interest Instalments | Senheng Malaysia,Store more and save energy with the Midea 580L Multi Door Fridge. Its inverter cooling ensures consistent freshness. Shop now at Senheng with 0% Instalments available.
Product,https://www.senheng.com.my/refrigerators/hisense-128l-chest-freezer-hse-fc132daw,Get Midea 580L Side By Side Fridge Inverter | Buy Now Pay Later | Senheng,Midea 580L Side by Side Inverter Fridge provides generous space and consistent cooling. Its sleek design complements any kitchen. Buy today at Senheng with Free Extra 1-year Warranty.
Product,https://www.senheng.com.my/refrigerators/toshiba-820l-naturepure-multi-door-refrigerator-grrf900wipmy-06,Purchase Toshiba 820L NaturePure Multi Door Refrigerator | Senheng Malaysia,"Toshiba 820L NaturePure Refrigerator combines advanced cooling, durability, and elegant design. A premium family upgrade. Shop now at Senheng with 0% Instalments available."
Product,https://www.senheng.com.my/refrigerators/lg-612l-multi-door-fridge-inverter-lg-gvk25ffgeb,Buy LG 612L Multi Door Fridge Inverter | S Coin Cash Back | Senheng Malaysia,LG 612L Multi Door Inverter Fridge offers spacious storage and smart inverter cooling. Stylish design fits modern kitchens. Buy now at Senheng with Free Extra 1-year Warranty.
Product,https://www.senheng.com.my/tablets/apple-ipad-air-11-inch-m3-chip-2025,Buy Apple Ipad Air 11 Inch M3 Chip 2025 | Buy Now Pay Later | Senheng Malaysia,The Apple iPad Air 11” M3 Chip 2025 delivers blazing-fast performance with a stunning Liquid Retina display. Perfect for work and play. Buy today at Senheng with Free Extra 1-year Warranty.
Product,https://www.senheng.com.my/tv/sony-55-inch-bravia-2-ii-4k-processor-x1-ultra-hd-smart-tv,Purchase Sony 55 Inch BRAVIA 2 II Ultra HD Smart TV | Senheng Malaysia,Sony 55” BRAVIA 2 II with 4K Processor X1 delivers stunning clarity and lifelike colors. Smart features enhance your viewing. Buy now at Senheng with Free Extra 1-year Warranty.
Product,https://www.senheng.com.my/tv/samsung-55-qled-q7f5-4k-vision-ai-smart-tv-sam-qa55q7f5,Shop for Samsung 55 Inch Smart TV | Buy Now Pay Later | Senheng Malaysia,"Samsung Q7F5 55” QLED TV brings intelligent AI enhancements, sharp contrast, and rich colors. Perfect for family entertainment. Shop now at Senheng with 0% Instalments."
Product,https://www.senheng.com.my/tv/lg-65-inch-oled-evo-ai-tv-c5-144hz-dolby-vision-hdr10-4k-uhd-2025,Buy LG 65 Inch OLED Evo AI TV  | Free Extra 1-year Warranty | Senheng Malaysia,"Enjoy cinematic brilliance on LG 65” OLED Evo C5 2025, featuring AI processor and smooth 144Hz motion. Slim and modern. WhatsApp us today to order yours."
Product,https://www.senheng.com.my/tv/sharp-85inch-4k-qled-google-tv-shp-4tc85hn7000x,Pick up Sharp 85 Inch 4K QLED Google TV | S Coin Cash Back | Senheng Malaysia,Sharp 85” QLED Google TV offers an expansive 4K viewing experience with vivid colors and deep contrast. Smart and sleek. Buy today at Senheng with Free Extra 1-year Warranty.
Product,https://www.senheng.com.my/tv/sony-bravia-8-ii-65-class-qd-oled-4k-hdr-google-tv-2025-sny-k65xr80m2,Buy Sony BRAVIA 8 Google TV 2025 | S Coin Cash Back | Senheng Malaysia,"Sony BRAVIA 8 II 65” QD OLED TV delivers deep blacks, vivid colors, and sharp HDR clarity. Powered by Google TV. Buy today at Senheng with Free Extra 1-year Warranty."
Product,https://www.senheng.com.my/tv/lg-75-inch-qned-evo-ai-qned86-144hz-4k-smart-tv-2025,Buy LG 75 Inch Smart TV 2025 | Up to 36 Months Instalments | Senheng Malaysia,"LG 75” QNED Evo AI TV delivers sharp 4K resolution, Dolby-enhanced visuals, and 144Hz refresh. A premium upgrade for your home. Shop today at Senheng with 0% Instalments."
Product,https://www.senheng.com.my/tv/sharp-65inch-aquos-tru-4k-qled-google-tv-shp-4tc65hn7000x,Buy Sharp 65 Inch Google TV | 0% Interest Instalments | Senheng Malaysia,"Sharp 65” AQUOS Tru QLED 4K TV delivers vibrant visuals, immersive sound, and smart entertainment. A sleek choice for families. Shop now at Senheng with 0% Instalments."
Product,https://www.senheng.com.my/wearables/apple-watch-se-with-sport-band-2024,Purchase  | Free Extra 1-year Warranty | Senheng Malaysia,"The Apple Watch SE offers fitness tracking, notifications, and health monitoring in one stylish device. Available now at Senheng with cashback rewards."
Product,https://www.senheng.com.my/water-heaters/rheem-30l-ehg-classic-electric-storage-water-heater,Get Rheem 30L Electric Storage Water Heater | Buy Now Pay Later | Senheng,The Rheem 30L EHG Classic Water Heater ensures steady hot water with durable electric storage. Compact and efficient. Buy now at Senheng with Free Extra 1-year Warranty.
Product,https://www.senheng.com.my/mobile-phones/google-pixel-10,Purchase Google Pixel 10 Online with 0% Instalment | Senheng Malaysia,Experience the power of Google Pixel 10. Perfect for photography lovers and productivity on the go. Available now at Senheng with nationwide delivery and support.
Product,https://www.senheng.com.my/mobile-phones/google-pixel-10-pro,Order Google Pixel 10 | Exclusive Rebate | Senheng Malaysia,"Get the Google Pixel 10 Pro for next-level photography, smooth performance, and premium design. Order today from Senheng with flexible instalments. WhatsApp us now!"
Product,https://www.senheng.com.my/mobile-phones/google-pixel-10-pro-xl,Buy Google Pixel 10 Pro XL in Malaysia | Pick Up in Store | Senheng,"Browse the Google Pixel 10 Pro XL with its expansive display, advanced AI, and pro-grade cameras. Available now at Senheng with warranty and exclusive rebates."
Product,https://www.senheng.com.my/inno-viomi,Pre Order Viomi INNO Countertop Water Purifier Online | Senheng Malaysia,"Get healthier, cleaner water with the Viomi INNO Water Purifier. Pre-order online today at Senheng Malaysia and enjoy exclusive deals and benefits. WhatsApp us today!"
Product,https://www.senheng.com.my/audio/harman-kardon-soundsticks-5-black,Buy Harman Kardon Home Audio System Malaysia | Online Store | Senheng,"Bring your music to life with the Harman Kardon Soundsticks 5 in Black. Available now at Senheng Malaysia with official warranty, buy online and pick up in store, member rewards included."
Product,https://www.senheng.com.my/tablets/apple-ipad-pro-13-inch-m5-wifi-2025,"Apple iPad Pro 13"" M5 WiFi Malaysia | Shop 2025 Model at Senheng","The 13-inch iPad Pro M5 WiFi blends a large immersive display with next-gen processing power, ideal for editing, design and multitasking at home or office. Shop the 2025 model at Senheng."
Product,https://www.senheng.com.my/tablets/apple-ipad-pro-11-inch-m5-wifi-2025,"Buy Apple iPad Pro 11"" M5 WiFi (2025) | Ultra Fast & Lightweight | Senheng","Enjoy compact power with the iPad Pro 11"" M5 WiFi 2025, featuring fast WiFi 7, vibrant display and M5 chip performance for users who prefer a lighter, more portable size. Shop Senheng now!"
Product,https://www.senheng.com.my/tablets/apple-ipad-pro-13-inch-m5-wifi-and-cellular-2025,Shop Apple iPad Pro 13-inch M5 Cellular 2025 | Fast 5G Performance | Senheng,"Stay connected anywhere with the 13"" iPad Pro M5 WiFi + Cellular 2025, featuring 5G, stunning Ultra Retina XDR and pro-level performance for work on the move.Buy from Senheng today!"
Product,https://www.senheng.com.my/tablets/apple-ipad-pro-11-inch-m5-wifi-and-cellular-2025,Order Apple iPad Pro 11-inch M5 Cellular 2025 | Ultra Portable | Senheng,"Get the ideal blend of speed, portability and mobile connectivity with the iPad Pro 11"" M5 Cellular 2025, featuring fast 5G, vibrant display and next-gen M5 processing. Order from Senheng online!"
Product,https://www.senheng.com.my/mobile-phones/honor-magic8-pro,Order Honor Magic8 Pro Online | AI Smart Phone | Senheng Malaysia,"Discover the HONOR Magic8 Pro in Malaysia with powerful performance, bright OLED display, and advanced camera. Order now at Senheng with great local deals."
Product,https://www.senheng.com.my/panasonic-washerdryer,Washer & Dryer CARE+ Edition Deals | Senheng Online,"Shop the washer and dryer stackable sets for space saving homes. Enjoy S-Coin cashback, standard installation, and 0% instalment up to 60 months with PlusOne. Browse Senheng Malaysia today!"